batch,sample_key,direction,macrogen_id,filename,filepath,raw_length,raw_mean_qual,raw_median_qual,n_count,n_fraction,trim_start,trim_end,trimmed_length,trimmed_mean_qual,trimmed_n_count,trimmed_n_fraction,qc_pass
20250508_24CCKAA,SJ_G02,F,24CCKAA037,24CCKAA037_customer.ab1,/home/shane/Documents/work/projects/hogle_lab/experiments/duckweedSynCom/data/raw/sanger_sequencing/20250508_24CCKAA/24CCKAA037_customer.ab1,1401,37.2,51.0,0,0.0,11,980,969,50.4,0,0.0,True
20250508_24CCKAA,SJ_G02,R,24CCKAA038,24CCKAA038_customer.ab1,/home/shane/Documents/work/projects/hogle_lab/experiments/duckweedSynCom/data/raw/sanger_sequencing/20250508_24CCKAA/24CCKAA038_customer.ab1,1438,40.2,52.0,0,0.0,8,1074,1066,51.8,0,0.0,True
20250508_24CCKAA,SJ01,F,24CCKAA039,24CCKAA039_customer.ab1,/home/shane/Documents/work/projects/hogle_lab/experiments/duckweedSynCom/data/raw/sanger_sequencing/20250508_24CCKAA/24CCKAA039_customer.ab1,1457,32.7,32.0,0,0.0,18,1183,1165,39.2,0,0.0,True
20250508_24CCKAA,SJ01,R,24CCKAA040,24CCKAA040_customer.ab1,/home/shane/Documents/work/projects/hogle_lab/experiments/duckweedSynCom/data/raw/sanger_sequencing/20250508_24CCKAA/24CCKAA040_customer.ab1,1198,19.2,15.0,0,0.0,540,954,414,30.4,0,0.0,True
20250508_24CCKAA,SJ_G09,F,24CCKAA041,24CCKAA041_customer.ab1,/home/shane/Documents/work/projects/hogle_lab/experiments/duckweedSynCom/data/raw/sanger_sequencing/20250508_24CCKAA/24CCKAA041_customer.ab1,1344,35.8,45.0,0,0.0,0,924,924,48.6,0,0.0,True
20250508_24CCKAA,SJ_G09,R,24CCKAA042,24CCKAA042_customer.ab1,/home/shane/Documents/work/projects/hogle_lab/experiments/duckweedSynCom/data/raw/sanger_sequencing/20250508_24CCKAA/24CCKAA042_customer.ab1,1402,40.3,58.0,0,0.0,3,1031,1028,52.4,0,0.0,True
20250508_24CCKAA,HA05,F,24CCKAA043,24CCKAA043_customer.ab1,/home/shane/Documents/work/projects/hogle_lab/experiments/duckweedSynCom/data/raw/sanger_sequencing/20250508_24CCKAA/24CCKAA043_customer.ab1,1481,34.1,38.0,0,0.0,7,899,892,51.3,0,0.0,True
20250508_24CCKAA,HA05,R,24CCKAA044,24CCKAA044_customer.ab1,/home/shane/Documents/work/projects/hogle_lab/experiments/duckweedSynCom/data/raw/sanger_sequencing/20250508_24CCKAA/24CCKAA044_customer.ab1,1476,36.6,50.0,0,0.0,5,997,992,51.1,0,0.0,True
20250508_24CCKAA,HA26,F,24CCKAA045,24CCKAA045_customer.ab1,/home/shane/Documents/work/projects/hogle_lab/experiments/duckweedSynCom/data/raw/sanger_sequencing/20250508_24CCKAA/24CCKAA045_customer.ab1,1422,33.5,34.0,0,0.0,0,859,859,48.8,0,0.0,True
20250508_24CCKAA,HA26,R,24CCKAA046,24CCKAA046_customer.ab1,/home/shane/Documents/work/projects/hogle_lab/experiments/duckweedSynCom/data/raw/sanger_sequencing/20250508_24CCKAA/24CCKAA046_customer.ab1,1350,39.6,51.0,0,0.0,15,1020,1005,50.9,0,0.0,True
20250508_24CCKAA,HA71,F,24CCKAA047,24CCKAA047_customer.ab1,/home/shane/Documents/work/projects/hogle_lab/experiments/duckweedSynCom/data/raw/sanger_sequencing/20250508_24CCKAA/24CCKAA047_customer.ab1,1630,22.4,13.0,0,0.0,135,959,824,36.7,0,0.0,True
20250508_24CCKAA,HA71,R,24CCKAA048,24CCKAA048_customer.ab1,/home/shane/Documents/work/projects/hogle_lab/experiments/duckweedSynCom/data/raw/sanger_sequencing/20250508_24CCKAA/24CCKAA048_customer.ab1,1426,35.8,43.0,0,0.0,4,1048,1044,46.1,0,0.0,True
20250508_24CCKAA,TL30,F,24CCKAA049,24CCKAA049_customer.ab1,/home/shane/Documents/work/projects/hogle_lab/experiments/duckweedSynCom/data/raw/sanger_sequencing/20250508_24CCKAA/24CCKAA049_customer.ab1,1271,36.7,45.0,0,0.0,8,958,950,46.5,0,0.0,True
20250508_24CCKAA,TL30,R,24CCKAA050,24CCKAA050_customer.ab1,/home/shane/Documents/work/projects/hogle_lab/experiments/duckweedSynCom/data/raw/sanger_sequencing/20250508_24CCKAA/24CCKAA050_customer.ab1,1439,36.6,50.0,0,0.0,16,987,971,50.8,0,0.0,True
20250508_24CCKAA,TL40,F,24CCKAA051,24CCKAA051_customer.ab1,/home/shane/Documents/work/projects/hogle_lab/experiments/duckweedSynCom/data/raw/sanger_sequencing/20250508_24CCKAA/24CCKAA051_customer.ab1,1405,37.0,50.0,0,0.0,4,975,971,50.2,0,0.0,True
20250508_24CCKAA,TL40,R,24CCKAA052,24CCKAA052_customer.ab1,/home/shane/Documents/work/projects/hogle_lab/experiments/duckweedSynCom/data/raw/sanger_sequencing/20250508_24CCKAA/24CCKAA052_customer.ab1,1397,39.5,51.0,0,0.0,4,1015,1011,51.8,0,0.0,True
20250508_24CCKAA,TL64,F,24CCKAA053,24CCKAA053_customer.ab1,/home/shane/Documents/work/projects/hogle_lab/experiments/duckweedSynCom/data/raw/sanger_sequencing/20250508_24CCKAA/24CCKAA053_customer.ab1,1512,32.2,33.0,0,0.0,8,916,908,48.5,0,0.0,True
20250508_24CCKAA,TL64,R,24CCKAA054,24CCKAA054_customer.ab1,/home/shane/Documents/work/projects/hogle_lab/experiments/duckweedSynCom/data/raw/sanger_sequencing/20250508_24CCKAA/24CCKAA054_customer.ab1,1357,39.3,51.0,0,0.0,13,1005,992,51.0,0,0.0,True
20250508_24CCKAA,negative control,F,24CCKAA055,24CCKAA055_customer.ab1,/home/shane/Documents/work/projects/hogle_lab/experiments/duckweedSynCom/data/raw/sanger_sequencing/20250508_24CCKAA/24CCKAA055_customer.ab1,1362,38.4,51.0,0,0.0,193,1142,949,50.3,0,0.0,True
20250508_24CCKAA,negative control,R,24CCKAA056,24CCKAA056_customer.ab1,/home/shane/Documents/work/projects/hogle_lab/experiments/duckweedSynCom/data/raw/sanger_sequencing/20250508_24CCKAA/24CCKAA056_customer.ab1,1397,43.4,51.0,0,0.0,43,1221,1178,49.8,0,0.0,True
20250605_25FALAA000,HA01,F,25FALAA000_A01,25FALAA000_A01_customer.ab1,/home/shane/Documents/work/projects/hogle_lab/experiments/duckweedSynCom/data/raw/sanger_sequencing/20250605_25FALAA000/25FALAA000_A01_customer.ab1,1443,44.1,58.0,0,0.0,0,1407,1407,45.1,0,0.0,True
20250605_25FALAA000,HA02,F,25FALAA000_A02,25FALAA000_A02_customer.ab1,/home/shane/Documents/work/projects/hogle_lab/experiments/duckweedSynCom/data/raw/sanger_sequencing/20250605_25FALAA000/25FALAA000_A02_customer.ab1,1563,40.1,51.0,0,0.0,0,1493,1493,41.8,0,0.0,True
20250605_25FALAA000,HA13,F,25FALAA000_A03,25FALAA000_A03_customer.ab1,/home/shane/Documents/work/projects/hogle_lab/experiments/duckweedSynCom/data/raw/sanger_sequencing/20250605_25FALAA000/25FALAA000_A03_customer.ab1,1521,42.2,57.0,0,0.0,1,1429,1428,44.6,0,0.0,True
20250605_25FALAA000,HA05,F,25FALAA000_A04,25FALAA000_A04_customer.ab1,/home/shane/Documents/work/projects/hogle_lab/experiments/duckweedSynCom/data/raw/sanger_sequencing/20250605_25FALAA000/25FALAA000_A04_customer.ab1,1213,17.1,15.0,0,0.0,31,725,694,21.8,0,0.0,True
20250605_25FALAA000,HA16,F,25FALAA000_A05,25FALAA000_A05_customer.ab1,/home/shane/Documents/work/projects/hogle_lab/experiments/duckweedSynCom/data/raw/sanger_sequencing/20250605_25FALAA000/25FALAA000_A05_customer.ab1,1538,40.8,51.0,0,0.0,5,1437,1432,43.6,0,0.0,True
20250605_25FALAA000,HA26,F,25FALAA000_A06,25FALAA000_A06_customer.ab1,/home/shane/Documents/work/projects/hogle_lab/experiments/duckweedSynCom/data/raw/sanger_sequencing/20250605_25FALAA000/25FALAA000_A06_customer.ab1,1134,13.4,12.0,0,0.0,191,392,201,18.5,0,0.0,False
20250605_25FALAA000,HA51,F,25FALAA000_A07,25FALAA000_A07_customer.ab1,/home/shane/Documents/work/projects/hogle_lab/experiments/duckweedSynCom/data/raw/sanger_sequencing/20250605_25FALAA000/25FALAA000_A07_customer.ab1,1480,40.5,58.0,0,0.0,3,1136,1133,50.4,0,0.0,True
20250605_25FALAA000,HA09,F,25FALAA000_A08,25FALAA000_A08_customer.ab1,/home/shane/Documents/work/projects/hogle_lab/experiments/duckweedSynCom/data/raw/sanger_sequencing/20250605_25FALAA000/25FALAA000_A08_customer.ab1,1258,13.8,12.0,0,0.0,43,529,486,17.5,0,0.0,False
20250605_25FALAA000,HA30,F,25FALAA000_A09,25FALAA000_A09_customer.ab1,/home/shane/Documents/work/projects/hogle_lab/experiments/duckweedSynCom/data/raw/sanger_sequencing/20250605_25FALAA000/25FALAA000_A09_customer.ab1,1498,38.9,47.0,0,0.0,0,1414,1414,40.7,0,0.0,True
20250605_25FALAA000,SJ17,F,25FALAA000_A10,25FALAA000_A10_customer.ab1,/home/shane/Documents/work/projects/hogle_lab/experiments/duckweedSynCom/data/raw/sanger_sequencing/20250605_25FALAA000/25FALAA000_A10_customer.ab1,1678,37.4,48.0,0,0.0,0,1110,1110,51.6,0,0.0,True
20250605_25FALAA000,SJ11,F,25FALAA000_A11,25FALAA000_A11_customer.ab1,/home/shane/Documents/work/projects/hogle_lab/experiments/duckweedSynCom/data/raw/sanger_sequencing/20250605_25FALAA000/25FALAA000_A11_customer.ab1,959,12.6,12.0,0,0.0,0,0,0,0.0,0,0.0,False
20250605_25FALAA000,SJ15,F,25FALAA000_A12,25FALAA000_A12_customer.ab1,/home/shane/Documents/work/projects/hogle_lab/experiments/duckweedSynCom/data/raw/sanger_sequencing/20250605_25FALAA000/25FALAA000_A12_customer.ab1,1048,13.2,12.0,0,0.0,0,0,0,0.0,0,0.0,False
20250605_25FALAA000,HA11,F,25FALAA000_B01,25FALAA000_B01_customer.ab1,/home/shane/Documents/work/projects/hogle_lab/experiments/duckweedSynCom/data/raw/sanger_sequencing/20250605_25FALAA000/25FALAA000_B01_customer.ab1,1557,41.0,54.0,0,0.0,2,1168,1166,51.4,0,0.0,True
20250605_25FALAA000,HA12,F,25FALAA000_B02,25FALAA000_B02_customer.ab1,/home/shane/Documents/work/projects/hogle_lab/experiments/duckweedSynCom/data/raw/sanger_sequencing/20250605_25FALAA000/25FALAA000_B02_customer.ab1,1518,39.6,51.0,0,0.0,0,1410,1410,42.3,0,0.0,True
20250605_25FALAA000,HA46,F,25FALAA000_B03,25FALAA000_B03_customer.ab1,/home/shane/Documents/work/projects/hogle_lab/experiments/duckweedSynCom/data/raw/sanger_sequencing/20250605_25FALAA000/25FALAA000_B03_customer.ab1,1486,42.9,58.0,0,0.0,0,1416,1416,44.8,0,0.0,True
20250605_25FALAA000,HA15,F,25FALAA000_B04,25FALAA000_B04_customer.ab1,/home/shane/Documents/work/projects/hogle_lab/experiments/duckweedSynCom/data/raw/sanger_sequencing/20250605_25FALAA000/25FALAA000_B04_customer.ab1,1220,17.1,16.0,0,0.0,6,842,836,20.5,0,0.0,True
20250605_25FALAA000,HA25,F,25FALAA000_B05,25FALAA000_B05_customer.ab1,/home/shane/Documents/work/projects/hogle_lab/experiments/duckweedSynCom/data/raw/sanger_sequencing/20250605_25FALAA000/25FALAA000_B05_customer.ab1,1585,39.3,52.0,0,0.0,0,1434,1434,43.1,0,0.0,True
20250605_25FALAA000,HA32,F,25FALAA000_B06,25FALAA000_B06_customer.ab1,/home/shane/Documents/work/projects/hogle_lab/experiments/duckweedSynCom/data/raw/sanger_sequencing/20250605_25FALAA000/25FALAA000_B06_customer.ab1,1607,39.2,51.0,0,0.0,6,1477,1471,42.5,0,0.0,True
20250605_25FALAA000,HA60,F,25FALAA000_B07,25FALAA000_B07_customer.ab1,/home/shane/Documents/work/projects/hogle_lab/experiments/duckweedSynCom/data/raw/sanger_sequencing/20250605_25FALAA000/25FALAA000_B07_customer.ab1,1214,13.6,12.0,0,0.0,189,393,204,17.5,0,0.0,False
20250605_25FALAA000,HA19,F,25FALAA000_B08,25FALAA000_B08_customer.ab1,/home/shane/Documents/work/projects/hogle_lab/experiments/duckweedSynCom/data/raw/sanger_sequencing/20250605_25FALAA000/25FALAA000_B08_customer.ab1,1266,12.6,11.0,0,0.0,0,0,0,0.0,0,0.0,False
20250605_25FALAA000,HA10,F,25FALAA000_B09,25FALAA000_B09_customer.ab1,/home/shane/Documents/work/projects/hogle_lab/experiments/duckweedSynCom/data/raw/sanger_sequencing/20250605_25FALAA000/25FALAA000_B09_customer.ab1,1564,40.0,58.0,0,0.0,0,1442,1442,43.0,0,0.0,True
20250605_25FALAA000,SJ01,F,25FALAA000_B10,25FALAA000_B10_customer.ab1,/home/shane/Documents/work/projects/hogle_lab/experiments/duckweedSynCom/data/raw/sanger_sequencing/20250605_25FALAA000/25FALAA000_B10_customer.ab1,1209,19.8,19.0,0,0.0,16,926,910,23.0,0,0.0,True
20250605_25FALAA000,SJ13,F,25FALAA000_B11,25FALAA000_B11_customer.ab1,/home/shane/Documents/work/projects/hogle_lab/experiments/duckweedSynCom/data/raw/sanger_sequencing/20250605_25FALAA000/25FALAA000_B11_customer.ab1,1460,43.9,58.0,0,0.0,9,1209,1200,51.7,0,0.0,True
20250605_25FALAA000,TL01,F,25FALAA000_B12,25FALAA000_B12_customer.ab1,/home/shane/Documents/work/projects/hogle_lab/experiments/duckweedSynCom/data/raw/sanger_sequencing/20250605_25FALAA000/25FALAA000_B12_customer.ab1,1388,44.7,58.0,0,0.0,10,1184,1174,51.6,0,0.0,True
20250605_25FALAA000,HA21,F,25FALAA000_C01,25FALAA000_C01_customer.ab1,/home/shane/Documents/work/projects/hogle_lab/experiments/duckweedSynCom/data/raw/sanger_sequencing/20250605_25FALAA000/25FALAA000_C01_customer.ab1,1459,39.0,51.0,0,0.0,0,1123,1123,48.7,0,0.0,True
20250605_25FALAA000,HA22,F,25FALAA000_C02,25FALAA000_C02_customer.ab1,/home/shane/Documents/work/projects/hogle_lab/experiments/duckweedSynCom/data/raw/sanger_sequencing/20250605_25FALAA000/25FALAA000_C02_customer.ab1,1461,40.9,55.0,0,0.0,0,1389,1389,42.8,0,0.0,True
20250605_25FALAA000,HA04,F,25FALAA000_C03,25FALAA000_C03_customer.ab1,/home/shane/Documents/work/projects/hogle_lab/experiments/duckweedSynCom/data/raw/sanger_sequencing/20250605_25FALAA000/25FALAA000_C03_customer.ab1,1592,36.8,45.0,0,0.0,0,1444,1444,40.0,0,0.0,True
20250605_25FALAA000,HA24,F,25FALAA000_C04,25FALAA000_C04_customer.ab1,/home/shane/Documents/work/projects/hogle_lab/experiments/duckweedSynCom/data/raw/sanger_sequencing/20250605_25FALAA000/25FALAA000_C04_customer.ab1,1814,15.1,10.0,0,0.0,4,1021,1017,21.9,0,0.0,True
20250605_25FALAA000,HA40,F,25FALAA000_C05,25FALAA000_C05_customer.ab1,/home/shane/Documents/work/projects/hogle_lab/experiments/duckweedSynCom/data/raw/sanger_sequencing/20250605_25FALAA000/25FALAA000_C05_customer.ab1,1645,38.4,51.0,0,0.0,0,1420,1420,43.9,0,0.0,True
20250605_25FALAA000,HA50,F,25FALAA000_C06,25FALAA000_C06_customer.ab1,/home/shane/Documents/work/projects/hogle_lab/experiments/duckweedSynCom/data/raw/sanger_sequencing/20250605_25FALAA000/25FALAA000_C06_customer.ab1,1563,40.4,51.0,0,0.0,0,1401,1401,44.7,0,0.0,True
20250605_25FALAA000,HA68,F,25FALAA000_C07,25FALAA000_C07_customer.ab1,/home/shane/Documents/work/projects/hogle_lab/experiments/duckweedSynCom/data/raw/sanger_sequencing/20250605_25FALAA000/25FALAA000_C07_customer.ab1,1490,41.6,57.0,0,0.0,3,1371,1368,44.9,0,0.0,True
20250605_25FALAA000,HA29,F,25FALAA000_C08,25FALAA000_C08_customer.ab1,/home/shane/Documents/work/projects/hogle_lab/experiments/duckweedSynCom/data/raw/sanger_sequencing/20250605_25FALAA000/25FALAA000_C08_customer.ab1,1573,41.4,58.0,0,0.0,0,1406,1406,45.9,0,0.0,True
20250605_25FALAA000,HA20,F,25FALAA000_C09,25FALAA000_C09_customer.ab1,/home/shane/Documents/work/projects/hogle_lab/experiments/duckweedSynCom/data/raw/sanger_sequencing/20250605_25FALAA000/25FALAA000_C09_customer.ab1,1295,13.6,13.0,0,0.0,121,700,579,16.4,0,0.0,False
20250605_25FALAA000,SJ04,F,25FALAA000_C10,25FALAA000_C10_customer.ab1,/home/shane/Documents/work/projects/hogle_lab/experiments/duckweedSynCom/data/raw/sanger_sequencing/20250605_25FALAA000/25FALAA000_C10_customer.ab1,1026,14.7,13.0,0,0.0,22,270,248,20.2,0,0.0,True
20250605_25FALAA000,SJ02,F,25FALAA000_C11,25FALAA000_C11_customer.ab1,/home/shane/Documents/work/projects/hogle_lab/experiments/duckweedSynCom/data/raw/sanger_sequencing/20250605_25FALAA000/25FALAA000_C11_customer.ab1,1465,45.0,58.0,0,0.0,6,1147,1141,54.8,0,0.0,True
20250605_25FALAA000,TL03,F,25FALAA000_C12,25FALAA000_C12_customer.ab1,/home/shane/Documents/work/projects/hogle_lab/experiments/duckweedSynCom/data/raw/sanger_sequencing/20250605_25FALAA000/25FALAA000_C12_customer.ab1,1626,34.0,40.0,0,0.0,8,1039,1031,49.9,0,0.0,True
20250605_25FALAA000,HA31,F,25FALAA000_D01,25FALAA000_D01_customer.ab1,/home/shane/Documents/work/projects/hogle_lab/experiments/duckweedSynCom/data/raw/sanger_sequencing/20250605_25FALAA000/25FALAA000_D01_customer.ab1,1227,12.4,11.0,0,0.0,0,0,0,0.0,0,0.0,False
20250605_25FALAA000,HA37,F,25FALAA000_D02,25FALAA000_D02_customer.ab1,/home/shane/Documents/work/projects/hogle_lab/experiments/duckweedSynCom/data/raw/sanger_sequencing/20250605_25FALAA000/25FALAA000_D02_customer.ab1,1576,38.3,50.0,0,0.0,6,1475,1469,40.8,0,0.0,True
20250605_25FALAA000,HA14,F,25FALAA000_D03,25FALAA000_D03_customer.ab1,/home/shane/Documents/work/projects/hogle_lab/experiments/duckweedSynCom/data/raw/sanger_sequencing/20250605_25FALAA000/25FALAA000_D03_customer.ab1,1607,38.9,51.0,0,0.0,0,1458,1458,42.5,0,0.0,True
20250605_25FALAA000,HA39,F,25FALAA000_D04,25FALAA000_D04_customer.ab1,/home/shane/Documents/work/projects/hogle_lab/experiments/duckweedSynCom/data/raw/sanger_sequencing/20250605_25FALAA000/25FALAA000_D04_customer.ab1,1515,41.7,58.0,0,0.0,0,1381,1381,45.4,0,0.0,True
20250605_25FALAA000,HA49,F,25FALAA000_D05,25FALAA000_D05_customer.ab1,/home/shane/Documents/work/projects/hogle_lab/experiments/duckweedSynCom/data/raw/sanger_sequencing/20250605_25FALAA000/25FALAA000_D05_customer.ab1,1616,39.6,51.0,0,0.0,14,1269,1255,49.1,0,0.0,True
20250605_25FALAA000,HA08,F,25FALAA000_D06,25FALAA000_D06_customer.ab1,/home/shane/Documents/work/projects/hogle_lab/experiments/duckweedSynCom/data/raw/sanger_sequencing/20250605_25FALAA000/25FALAA000_D06_customer.ab1,1536,39.8,51.0,0,0.0,3,1338,1335,45.2,0,0.0,True
20250605_25FALAA000,HA28,F,25FALAA000_D07,25FALAA000_D07_customer.ab1,/home/shane/Documents/work/projects/hogle_lab/experiments/duckweedSynCom/data/raw/sanger_sequencing/20250605_25FALAA000/25FALAA000_D07_customer.ab1,1543,39.6,58.0,0,0.0,2,1130,1128,51.3,0,0.0,True
20250605_25FALAA000,HA34,F,25FALAA000_D08,25FALAA000_D08_customer.ab1,/home/shane/Documents/work/projects/hogle_lab/experiments/duckweedSynCom/data/raw/sanger_sequencing/20250605_25FALAA000/25FALAA000_D08_customer.ab1,1498,40.1,52.0,0,0.0,3,1334,1331,44.6,0,0.0,True
20250605_25FALAA000,HA35,F,25FALAA000_D09,25FALAA000_D09_customer.ab1,/home/shane/Documents/work/projects/hogle_lab/experiments/duckweedSynCom/data/raw/sanger_sequencing/20250605_25FALAA000/25FALAA000_D09_customer.ab1,1504,40.5,51.0,0,0.0,1,1356,1355,44.5,0,0.0,True
20250605_25FALAA000,SJ05,F,25FALAA000_D10,25FALAA000_D10_customer.ab1,/home/shane/Documents/work/projects/hogle_lab/experiments/duckweedSynCom/data/raw/sanger_sequencing/20250605_25FALAA000/25FALAA000_D10_customer.ab1,1566,42.4,58.0,0,0.0,6,1422,1416,46.5,0,0.0,True
20250605_25FALAA000,SJ06,F,25FALAA000_D11,25FALAA000_D11_customer.ab1,/home/shane/Documents/work/projects/hogle_lab/experiments/duckweedSynCom/data/raw/sanger_sequencing/20250605_25FALAA000/25FALAA000_D11_customer.ab1,1473,29.9,27.0,0,0.0,4,1411,1407,31.1,0,0.0,True
20250605_25FALAA000,TL04,F,25FALAA000_D12,25FALAA000_D12_customer.ab1,/home/shane/Documents/work/projects/hogle_lab/experiments/duckweedSynCom/data/raw/sanger_sequencing/20250605_25FALAA000/25FALAA000_D12_customer.ab1,1380,44.6,58.0,0,0.0,7,1211,1204,50.2,0,0.0,True
20250605_25FALAA000,HA36,F,25FALAA000_E01,25FALAA000_E01_customer.ab1,/home/shane/Documents/work/projects/hogle_lab/experiments/duckweedSynCom/data/raw/sanger_sequencing/20250605_25FALAA000/25FALAA000_E01_customer.ab1,1602,37.9,51.0,0,0.0,0,1140,1140,50.8,0,0.0,True
20250605_25FALAA000,HA45,F,25FALAA000_E02,25FALAA000_E02_customer.ab1,/home/shane/Documents/work/projects/hogle_lab/experiments/duckweedSynCom/data/raw/sanger_sequencing/20250605_25FALAA000/25FALAA000_E02_customer.ab1,1464,41.8,58.0,0,0.0,10,1358,1348,44.8,0,0.0,True
20250605_25FALAA000,HA23,F,25FALAA000_E03,25FALAA000_E03_customer.ab1,/home/shane/Documents/work/projects/hogle_lab/experiments/duckweedSynCom/data/raw/sanger_sequencing/20250605_25FALAA000/25FALAA000_E03_customer.ab1,1494,40.8,58.0,0,0.0,0,1361,1361,44.1,0,0.0,True
20250605_25FALAA000,HA48,F,25FALAA000_E04,25FALAA000_E04_customer.ab1,/home/shane/Documents/work/projects/hogle_lab/experiments/duckweedSynCom/data/raw/sanger_sequencing/20250605_25FALAA000/25FALAA000_E04_customer.ab1,1508,40.3,51.0,0,0.0,0,1368,1368,44.1,0,0.0,True
20250605_25FALAA000,HA59,F,25FALAA000_E05,25FALAA000_E05_customer.ab1,/home/shane/Documents/work/projects/hogle_lab/experiments/duckweedSynCom/data/raw/sanger_sequencing/20250605_25FALAA000/25FALAA000_E05_customer.ab1,1591,38.3,50.0,0,0.0,0,1449,1449,41.6,0,0.0,True
20250605_25FALAA000,HA18,F,25FALAA000_E06,25FALAA000_E06_customer.ab1,/home/shane/Documents/work/projects/hogle_lab/experiments/duckweedSynCom/data/raw/sanger_sequencing/20250605_25FALAA000/25FALAA000_E06_customer.ab1,1556,39.0,51.0,0,0.0,7,1377,1370,43.8,0,0.0,True
20250605_25FALAA000,HA42,F,25FALAA000_E07,25FALAA000_E07_customer.ab1,/home/shane/Documents/work/projects/hogle_lab/experiments/duckweedSynCom/data/raw/sanger_sequencing/20250605_25FALAA000/25FALAA000_E07_customer.ab1,1492,39.5,51.0,0,0.0,3,1325,1322,44.0,0,0.0,True
20250605_25FALAA000,HA43,F,25FALAA000_E08,25FALAA000_E08_customer.ab1,/home/shane/Documents/work/projects/hogle_lab/experiments/duckweedSynCom/data/raw/sanger_sequencing/20250605_25FALAA000/25FALAA000_E08_customer.ab1,1214,19.6,18.0,0,0.0,54,849,795,25.0,0,0.0,True
20250605_25FALAA000,HA54,F,25FALAA000_E09,25FALAA000_E09_customer.ab1,/home/shane/Documents/work/projects/hogle_lab/experiments/duckweedSynCom/data/raw/sanger_sequencing/20250605_25FALAA000/25FALAA000_E09_customer.ab1,1283,13.4,12.0,0,0.0,96,525,429,17.0,0,0.0,False
20250605_25FALAA000,SJ08,F,25FALAA000_E10,25FALAA000_E10_customer.ab1,/home/shane/Documents/work/projects/hogle_lab/experiments/duckweedSynCom/data/raw/sanger_sequencing/20250605_25FALAA000/25FALAA000_E10_customer.ab1,1566,40.3,57.0,0,0.0,1,1457,1456,43.0,0,0.0,True
20250605_25FALAA000,SJ09,F,25FALAA000_E11,25FALAA000_E11_customer.ab1,/home/shane/Documents/work/projects/hogle_lab/experiments/duckweedSynCom/data/raw/sanger_sequencing/20250605_25FALAA000/25FALAA000_E11_customer.ab1,1160,17.0,16.0,0,0.0,15,755,740,20.4,0,0.0,True
20250605_25FALAA000,TL05,F,25FALAA000_E12,25FALAA000_E12_customer.ab1,/home/shane/Documents/work/projects/hogle_lab/experiments/duckweedSynCom/data/raw/sanger_sequencing/20250605_25FALAA000/25FALAA000_E12_customer.ab1,1383,44.2,58.0,0,0.0,1,1148,1147,51.5,0,0.0,True
20250605_25FALAA000,HA44,F,25FALAA000_F01,25FALAA000_F01_customer.ab1,/home/shane/Documents/work/projects/hogle_lab/experiments/duckweedSynCom/data/raw/sanger_sequencing/20250605_25FALAA000/25FALAA000_F01_customer.ab1,1476,41.6,57.0,0,0.0,0,1176,1176,50.5,0,0.0,True
20250605_25FALAA000,HA56,F,25FALAA000_F02,25FALAA000_F02_customer.ab1,/home/shane/Documents/work/projects/hogle_lab/experiments/duckweedSynCom/data/raw/sanger_sequencing/20250605_25FALAA000/25FALAA000_F02_customer.ab1,1549,37.0,41.0,0,0.0,23,1430,1407,40.1,0,0.0,True
20250605_25FALAA000,HA38,F,25FALAA000_F03,25FALAA000_F03_customer.ab1,/home/shane/Documents/work/projects/hogle_lab/experiments/duckweedSynCom/data/raw/sanger_sequencing/20250605_25FALAA000/25FALAA000_F03_customer.ab1,1265,16.2,12.0,0,0.0,62,356,294,32.7,0,0.0,True
20250605_25FALAA000,HA58,F,25FALAA000_F04,25FALAA000_F04_customer.ab1,/home/shane/Documents/work/projects/hogle_lab/experiments/duckweedSynCom/data/raw/sanger_sequencing/20250605_25FALAA000/25FALAA000_F04_customer.ab1,1064,12.4,11.0,0,0.0,0,0,0,0.0,0,0.0,False
20250605_25FALAA000,HA67,F,25FALAA000_F05,25FALAA000_F05_customer.ab1,/home/shane/Documents/work/projects/hogle_lab/experiments/duckweedSynCom/data/raw/sanger_sequencing/20250605_25FALAA000/25FALAA000_F05_customer.ab1,1508,39.2,53.0,0,0.0,2,1103,1101,50.8,0,0.0,True
20250605_25FALAA000,HA27,F,25FALAA000_F06,25FALAA000_F06_customer.ab1,/home/shane/Documents/work/projects/hogle_lab/experiments/duckweedSynCom/data/raw/sanger_sequencing/20250605_25FALAA000/25FALAA000_F06_customer.ab1,1471,39.0,51.0,0,0.0,12,1317,1305,43.5,0,0.0,True
20250605_25FALAA000,HA52,F,25FALAA000_F07,25FALAA000_F07_customer.ab1,/home/shane/Documents/work/projects/hogle_lab/experiments/duckweedSynCom/data/raw/sanger_sequencing/20250605_25FALAA000/25FALAA000_F07_customer.ab1,1562,41.4,58.0,0,0.0,4,1175,1171,51.9,0,0.0,True
20250605_25FALAA000,HA53,F,25FALAA000_F08,25FALAA000_F08_customer.ab1,/home/shane/Documents/work/projects/hogle_lab/experiments/duckweedSynCom/data/raw/sanger_sequencing/20250605_25FALAA000/25FALAA000_F08_customer.ab1,1614,39.8,51.0,0,0.0,2,1444,1442,44.1,0,0.0,True
20250605_25FALAA000,HA63,F,25FALAA000_F09,25FALAA000_F09_customer.ab1,/home/shane/Documents/work/projects/hogle_lab/experiments/duckweedSynCom/data/raw/sanger_sequencing/20250605_25FALAA000/25FALAA000_F09_customer.ab1,1553,43.4,58.0,0,0.0,7,1433,1426,46.7,0,0.0,True
20250605_25FALAA000,SJ10,F,25FALAA000_F10,25FALAA000_F10_customer.ab1,/home/shane/Documents/work/projects/hogle_lab/experiments/duckweedSynCom/data/raw/sanger_sequencing/20250605_25FALAA000/25FALAA000_F10_customer.ab1,1576,32.4,30.0,0,0.0,122,1243,1121,41.5,0,0.0,True
20250605_25FALAA000,SJ14,F,25FALAA000_F11,25FALAA000_F11_customer.ab1,/home/shane/Documents/work/projects/hogle_lab/experiments/duckweedSynCom/data/raw/sanger_sequencing/20250605_25FALAA000/25FALAA000_F11_customer.ab1,1459,43.6,58.0,0,0.0,0,1419,1419,44.7,0,0.0,True
20250605_25FALAA000,TL06,F,25FALAA000_F12,25FALAA000_F12_customer.ab1,/home/shane/Documents/work/projects/hogle_lab/experiments/duckweedSynCom/data/raw/sanger_sequencing/20250605_25FALAA000/25FALAA000_F12_customer.ab1,1397,35.4,34.0,0,0.0,4,1216,1212,39.8,0,0.0,True
20250605_25FALAA000,HA55,F,25FALAA000_G01,25FALAA000_G01_customer.ab1,/home/shane/Documents/work/projects/hogle_lab/experiments/duckweedSynCom/data/raw/sanger_sequencing/20250605_25FALAA000/25FALAA000_G01_customer.ab1,1474,41.6,58.0,0,0.0,0,1161,1161,51.0,0,0.0,True
20250605_25FALAA000,HA65,F,25FALAA000_G02,25FALAA000_G02_customer.ab1,/home/shane/Documents/work/projects/hogle_lab/experiments/duckweedSynCom/data/raw/sanger_sequencing/20250605_25FALAA000/25FALAA000_G02_customer.ab1,1488,41.0,57.0,0,0.0,0,1149,1149,51.3,0,0.0,True
20250605_25FALAA000,HA47,F,25FALAA000_G03,25FALAA000_G03_customer.ab1,/home/shane/Documents/work/projects/hogle_lab/experiments/duckweedSynCom/data/raw/sanger_sequencing/20250605_25FALAA000/25FALAA000_G03_customer.ab1,1476,41.6,58.0,0,0.0,0,1373,1373,44.1,0,0.0,True
20250605_25FALAA000,HA66,F,25FALAA000_G04,25FALAA000_G04_customer.ab1,/home/shane/Documents/work/projects/hogle_lab/experiments/duckweedSynCom/data/raw/sanger_sequencing/20250605_25FALAA000/25FALAA000_G04_customer.ab1,1591,38.8,51.0,0,0.0,0,1473,1473,41.6,0,0.0,True
20250605_25FALAA000,HA07,F,25FALAA000_G05,25FALAA000_G05_customer.ab1,/home/shane/Documents/work/projects/hogle_lab/experiments/duckweedSynCom/data/raw/sanger_sequencing/20250605_25FALAA000/25FALAA000_G05_customer.ab1,1515,40.0,52.0,0,0.0,0,1410,1410,42.7,0,0.0,True
20250605_25FALAA000,HA33,F,25FALAA000_G06,25FALAA000_G06_customer.ab1,/home/shane/Documents/work/projects/hogle_lab/experiments/duckweedSynCom/data/raw/sanger_sequencing/20250605_25FALAA000/25FALAA000_G06_customer.ab1,1484,41.1,57.0,0,0.0,13,1351,1338,45.0,0,0.0,True
20250605_25FALAA000,HA61,F,25FALAA000_G07,25FALAA000_G07_customer.ab1,/home/shane/Documents/work/projects/hogle_lab/experiments/duckweedSynCom/data/raw/sanger_sequencing/20250605_25FALAA000/25FALAA000_G07_customer.ab1,1565,38.7,51.0,0,0.0,52,1465,1413,42.4,0,0.0,True
20250605_25FALAA000,HA62,F,25FALAA000_G08,25FALAA000_G08_customer.ab1,/home/shane/Documents/work/projects/hogle_lab/experiments/duckweedSynCom/data/raw/sanger_sequencing/20250605_25FALAA000/25FALAA000_G08_customer.ab1,1529,27.5,25.0,0,0.0,25,1442,1417,29.2,0,0.0,True
20250605_25FALAA000,HA71,F,25FALAA000_G09,25FALAA000_G09_customer.ab1,/home/shane/Documents/work/projects/hogle_lab/experiments/duckweedSynCom/data/raw/sanger_sequencing/20250605_25FALAA000/25FALAA000_G09_customer.ab1,1538,31.4,31.0,0,0.0,0,1086,1086,40.6,0,0.0,True
20250605_25FALAA000,SJ12,F,25FALAA000_G10,25FALAA000_G10_customer.ab1,/home/shane/Documents/work/projects/hogle_lab/experiments/duckweedSynCom/data/raw/sanger_sequencing/20250605_25FALAA000/25FALAA000_G10_customer.ab1,1550,44.3,58.0,0,0.0,9,1327,1318,50.8,0,0.0,True
20250605_25FALAA000,SJ18,F,25FALAA000_G11,25FALAA000_G11_customer.ab1,/home/shane/Documents/work/projects/hogle_lab/experiments/duckweedSynCom/data/raw/sanger_sequencing/20250605_25FALAA000/25FALAA000_G11_customer.ab1,1433,43.0,58.0,0,0.0,0,1137,1137,52.1,0,0.0,True
20250605_25FALAA000,TL07,F,25FALAA000_G12,25FALAA000_G12_customer.ab1,/home/shane/Documents/work/projects/hogle_lab/experiments/duckweedSynCom/data/raw/sanger_sequencing/20250605_25FALAA000/25FALAA000_G12_customer.ab1,1432,40.1,51.0,0,0.0,7,1124,1117,49.2,0,0.0,True
20250605_25FALAA000,HA64,F,25FALAA000_H01,25FALAA000_H01_customer.ab1,/home/shane/Documents/work/projects/hogle_lab/experiments/duckweedSynCom/data/raw/sanger_sequencing/20250605_25FALAA000/25FALAA000_H01_customer.ab1,1340,45.6,58.0,0,0.0,0,1156,1156,51.3,0,0.0,True
20250605_25FALAA000,HA03,F,25FALAA000_H02,25FALAA000_H02_customer.ab1,/home/shane/Documents/work/projects/hogle_lab/experiments/duckweedSynCom/data/raw/sanger_sequencing/20250605_25FALAA000/25FALAA000_H02_customer.ab1,1388,42.7,58.0,0,0.0,0,1112,1112,51.2,0,0.0,True
20250605_25FALAA000,HA57,F,25FALAA000_H03,25FALAA000_H03_customer.ab1,/home/shane/Documents/work/projects/hogle_lab/experiments/duckweedSynCom/data/raw/sanger_sequencing/20250605_25FALAA000/25FALAA000_H03_customer.ab1,1483,45.1,58.0,0,0.0,7,1398,1391,47.7,0,0.0,True
20250605_25FALAA000,HA06,F,25FALAA000_H04,25FALAA000_H04_customer.ab1,/home/shane/Documents/work/projects/hogle_lab/experiments/duckweedSynCom/data/raw/sanger_sequencing/20250605_25FALAA000/25FALAA000_H04_customer.ab1,1468,41.7,52.0,0,0.0,1,1157,1156,51.1,0,0.0,True
20250605_25FALAA000,HA17,F,25FALAA000_H05,25FALAA000_H05_customer.ab1,/home/shane/Documents/work/projects/hogle_lab/experiments/duckweedSynCom/data/raw/sanger_sequencing/20250605_25FALAA000/25FALAA000_H05_customer.ab1,1410,42.6,53.0,0,0.0,9,1378,1369,43.7,0,0.0,True
20250605_25FALAA000,HA41,F,25FALAA000_H06,25FALAA000_H06_customer.ab1,/home/shane/Documents/work/projects/hogle_lab/experiments/duckweedSynCom/data/raw/sanger_sequencing/20250605_25FALAA000/25FALAA000_H06_customer.ab1,1419,43.7,58.0,0,0.0,0,1372,1372,45.0,0,0.0,True
20250605_25FALAA000,HA69,F,25FALAA000_H07,25FALAA000_H07_customer.ab1,/home/shane/Documents/work/projects/hogle_lab/experiments/duckweedSynCom/data/raw/sanger_sequencing/20250605_25FALAA000/25FALAA000_H07_customer.ab1,1416,38.5,49.0,0,0.0,14,1353,1339,40.5,0,0.0,True
20250605_25FALAA000,HA70,F,25FALAA000_H08,25FALAA000_H08_customer.ab1,/home/shane/Documents/work/projects/hogle_lab/experiments/duckweedSynCom/data/raw/sanger_sequencing/20250605_25FALAA000/25FALAA000_H08_customer.ab1,1254,18.4,17.0,0,0.0,45,840,795,23.2,0,0.0,True
20250605_25FALAA000,SJ07,F,25FALAA000_H09,25FALAA000_H09_customer.ab1,/home/shane/Documents/work/projects/hogle_lab/experiments/duckweedSynCom/data/raw/sanger_sequencing/20250605_25FALAA000/25FALAA000_H09_customer.ab1,1466,43.0,58.0,0,0.0,1,1418,1417,44.3,0,0.0,True
20250605_25FALAA000,SJ16,F,25FALAA000_H10,25FALAA000_H10_customer.ab1,/home/shane/Documents/work/projects/hogle_lab/experiments/duckweedSynCom/data/raw/sanger_sequencing/20250605_25FALAA000/25FALAA000_H10_customer.ab1,1476,46.2,58.0,0,0.0,8,1335,1327,50.8,0,0.0,True
20250605_25FALAA000,SJ03,F,25FALAA000_H11,25FALAA000_H11_customer.ab1,/home/shane/Documents/work/projects/hogle_lab/experiments/duckweedSynCom/data/raw/sanger_sequencing/20250605_25FALAA000/25FALAA000_H11_customer.ab1,1470,44.9,58.0,0,0.0,11,1228,1217,52.7,0,0.0,True
20250605_25FALAA000,TL02,F,25FALAA000_H12,25FALAA000_H12_customer.ab1,/home/shane/Documents/work/projects/hogle_lab/experiments/duckweedSynCom/data/raw/sanger_sequencing/20250605_25FALAA000/25FALAA000_H12_customer.ab1,1394,41.0,51.0,0,0.0,7,1093,1086,50.4,0,0.0,True
20250605_25FALAA000,HA01,R,25FALAA001_A01,25FALAA001_A01_customer.ab1,/home/shane/Documents/work/projects/hogle_lab/experiments/duckweedSynCom/data/raw/sanger_sequencing/20250605_25FALAA000/25FALAA001_A01_customer.ab1,1465,45.2,58.0,0,0.0,0,1413,1413,46.6,0,0.0,True
20250605_25FALAA000,HA02,R,25FALAA001_A02,25FALAA001_A02_customer.ab1,/home/shane/Documents/work/projects/hogle_lab/experiments/duckweedSynCom/data/raw/sanger_sequencing/20250605_25FALAA000/25FALAA001_A02_customer.ab1,1533,42.4,58.0,0,0.0,0,1457,1457,44.4,0,0.0,True
20250605_25FALAA000,HA13,R,25FALAA001_A03,25FALAA001_A03_customer.ab1,/home/shane/Documents/work/projects/hogle_lab/experiments/duckweedSynCom/data/raw/sanger_sequencing/20250605_25FALAA000/25FALAA001_A03_customer.ab1,1578,44.5,58.0,0,0.0,0,1457,1457,47.6,0,0.0,True
20250605_25FALAA000,HA05,R,25FALAA001_A04,25FALAA001_A04_customer.ab1,/home/shane/Documents/work/projects/hogle_lab/experiments/duckweedSynCom/data/raw/sanger_sequencing/20250605_25FALAA000/25FALAA001_A04_customer.ab1,1563,31.4,28.0,0,0.0,28,1449,1421,33.8,0,0.0,True
20250605_25FALAA000,HA16,R,25FALAA001_A05,25FALAA001_A05_customer.ab1,/home/shane/Documents/work/projects/hogle_lab/experiments/duckweedSynCom/data/raw/sanger_sequencing/20250605_25FALAA000/25FALAA001_A05_customer.ab1,1553,44.6,58.0,0,0.0,1,1439,1438,47.8,0,0.0,True
20250605_25FALAA000,HA26,R,25FALAA001_A06,25FALAA001_A06_customer.ab1,/home/shane/Documents/work/projects/hogle_lab/experiments/duckweedSynCom/data/raw/sanger_sequencing/20250605_25FALAA000/25FALAA001_A06_customer.ab1,1483,35.1,32.0,0,0.0,5,1384,1379,37.2,0,0.0,True
20250605_25FALAA000,HA51,R,25FALAA001_A07,25FALAA001_A07_customer.ab1,/home/shane/Documents/work/projects/hogle_lab/experiments/duckweedSynCom/data/raw/sanger_sequencing/20250605_25FALAA000/25FALAA001_A07_customer.ab1,1511,42.2,58.0,0,0.0,0,1376,1376,46.0,0,0.0,True
20250605_25FALAA000,HA09,R,25FALAA001_A08,25FALAA001_A08_customer.ab1,/home/shane/Documents/work/projects/hogle_lab/experiments/duckweedSynCom/data/raw/sanger_sequencing/20250605_25FALAA000/25FALAA001_A08_customer.ab1,1283,14.5,13.0,0,0.0,37,818,781,16.9,0,0.0,False
20250605_25FALAA000,HA30,R,25FALAA001_A09,25FALAA001_A09_customer.ab1,/home/shane/Documents/work/projects/hogle_lab/experiments/duckweedSynCom/data/raw/sanger_sequencing/20250605_25FALAA000/25FALAA001_A09_customer.ab1,1570,39.1,51.0,0,0.0,14,1472,1458,41.8,0,0.0,True
20250605_25FALAA000,SJ17,R,25FALAA001_A10,25FALAA001_A10_customer.ab1,/home/shane/Documents/work/projects/hogle_lab/experiments/duckweedSynCom/data/raw/sanger_sequencing/20250605_25FALAA000/25FALAA001_A10_customer.ab1,1582,41.5,58.0,0,0.0,5,1466,1461,44.6,0,0.0,True
20250605_25FALAA000,SJ11,R,25FALAA001_A11,25FALAA001_A11_customer.ab1,/home/shane/Documents/work/projects/hogle_lab/experiments/duckweedSynCom/data/raw/sanger_sequencing/20250605_25FALAA000/25FALAA001_A11_customer.ab1,1164,11.9,11.0,0,0.0,0,0,0,0.0,0,0.0,False
20250605_25FALAA000,SJ15,R,25FALAA001_A12,25FALAA001_A12_customer.ab1,/home/shane/Documents/work/projects/hogle_lab/experiments/duckweedSynCom/data/raw/sanger_sequencing/20250605_25FALAA000/25FALAA001_A12_customer.ab1,1018,12.1,11.0,0,0.0,0,0,0,0.0,0,0.0,False
20250605_25FALAA000,HA11,R,25FALAA001_B01,25FALAA001_B01_customer.ab1,/home/shane/Documents/work/projects/hogle_lab/experiments/duckweedSynCom/data/raw/sanger_sequencing/20250605_25FALAA000/25FALAA001_B01_customer.ab1,1475,44.1,58.0,0,0.0,0,1400,1400,46.3,0,0.0,True
20250605_25FALAA000,HA12,R,25FALAA001_B02,25FALAA001_B02_customer.ab1,/home/shane/Documents/work/projects/hogle_lab/experiments/duckweedSynCom/data/raw/sanger_sequencing/20250605_25FALAA000/25FALAA001_B02_customer.ab1,1521,42.3,58.0,0,0.0,1,1410,1409,45.2,0,0.0,True
20250605_25FALAA000,HA46,R,25FALAA001_B03,25FALAA001_B03_customer.ab1,/home/shane/Documents/work/projects/hogle_lab/experiments/duckweedSynCom/data/raw/sanger_sequencing/20250605_25FALAA000/25FALAA001_B03_customer.ab1,1544,43.6,58.0,0,0.0,0,1455,1455,46.1,0,0.0,True
20250605_25FALAA000,HA15,R,25FALAA001_B04,25FALAA001_B04_customer.ab1,/home/shane/Documents/work/projects/hogle_lab/experiments/duckweedSynCom/data/raw/sanger_sequencing/20250605_25FALAA000/25FALAA001_B04_customer.ab1,1635,31.7,29.0,0,0.0,32,1461,1429,35.2,0,0.0,True
20250605_25FALAA000,HA25,R,25FALAA001_B05,25FALAA001_B05_customer.ab1,/home/shane/Documents/work/projects/hogle_lab/experiments/duckweedSynCom/data/raw/sanger_sequencing/20250605_25FALAA000/25FALAA001_B05_customer.ab1,1591,43.9,58.0,0,0.0,0,1447,1447,47.6,0,0.0,True
20250605_25FALAA000,HA32,R,25FALAA001_B06,25FALAA001_B06_customer.ab1,/home/shane/Documents/work/projects/hogle_lab/experiments/duckweedSynCom/data/raw/sanger_sequencing/20250605_25FALAA000/25FALAA001_B06_customer.ab1,1554,42.1,58.0,0,0.0,1,1418,1417,45.5,0,0.0,True
20250605_25FALAA000,HA60,R,25FALAA001_B07,25FALAA001_B07_customer.ab1,/home/shane/Documents/work/projects/hogle_lab/experiments/duckweedSynCom/data/raw/sanger_sequencing/20250605_25FALAA000/25FALAA001_B07_customer.ab1,1271,12.8,11.0,0,0.0,136,372,236,15.3,0,0.0,False
20250605_25FALAA000,HA19,R,25FALAA001_B08,25FALAA001_B08_customer.ab1,/home/shane/Documents/work/projects/hogle_lab/experiments/duckweedSynCom/data/raw/sanger_sequencing/20250605_25FALAA000/25FALAA001_B08_customer.ab1,1249,13.0,12.0,0,0.0,94,842,748,14.8,0,0.0,False
20250605_25FALAA000,HA10,R,25FALAA001_B09,25FALAA001_B09_customer.ab1,/home/shane/Documents/work/projects/hogle_lab/experiments/duckweedSynCom/data/raw/sanger_sequencing/20250605_25FALAA000/25FALAA001_B09_customer.ab1,1526,42.3,58.0,0,0.0,0,1418,1418,45.2,0,0.0,True
20250605_25FALAA000,SJ01,R,25FALAA001_B10,25FALAA001_B10_customer.ab1,/home/shane/Documents/work/projects/hogle_lab/experiments/duckweedSynCom/data/raw/sanger_sequencing/20250605_25FALAA000/25FALAA001_B10_customer.ab1,1283,12.3,11.0,0,0.0,0,0,0,0.0,0,0.0,False
20250605_25FALAA000,SJ13,R,25FALAA001_B11,25FALAA001_B11_customer.ab1,/home/shane/Documents/work/projects/hogle_lab/experiments/duckweedSynCom/data/raw/sanger_sequencing/20250605_25FALAA000/25FALAA001_B11_customer.ab1,1470,46.2,58.0,0,0.0,5,1216,1211,53.9,0,0.0,True
20250605_25FALAA000,TL01,R,25FALAA001_B12,25FALAA001_B12_customer.ab1,/home/shane/Documents/work/projects/hogle_lab/experiments/duckweedSynCom/data/raw/sanger_sequencing/20250605_25FALAA000/25FALAA001_B12_customer.ab1,1385,45.5,58.0,0,0.0,5,1158,1153,53.3,0,0.0,True
20250605_25FALAA000,HA21,R,25FALAA001_C01,25FALAA001_C01_customer.ab1,/home/shane/Documents/work/projects/hogle_lab/experiments/duckweedSynCom/data/raw/sanger_sequencing/20250605_25FALAA000/25FALAA001_C01_customer.ab1,1464,43.8,58.0,0,0.0,0,1419,1419,45.0,0,0.0,True
20250605_25FALAA000,HA22,R,25FALAA001_C02,25FALAA001_C02_customer.ab1,/home/shane/Documents/work/projects/hogle_lab/experiments/duckweedSynCom/data/raw/sanger_sequencing/20250605_25FALAA000/25FALAA001_C02_customer.ab1,1517,41.6,58.0,0,0.0,0,1418,1418,44.1,0,0.0,True
20250605_25FALAA000,HA04,R,25FALAA001_C03,25FALAA001_C03_customer.ab1,/home/shane/Documents/work/projects/hogle_lab/experiments/duckweedSynCom/data/raw/sanger_sequencing/20250605_25FALAA000/25FALAA001_C03_customer.ab1,1572,44.2,58.0,0,0.0,0,1428,1428,48.0,0,0.0,True
20250605_25FALAA000,HA24,R,25FALAA001_C04,25FALAA001_C04_customer.ab1,/home/shane/Documents/work/projects/hogle_lab/experiments/duckweedSynCom/data/raw/sanger_sequencing/20250605_25FALAA000/25FALAA001_C04_customer.ab1,1585,40.6,51.0,0,0.0,4,1439,1435,44.4,0,0.0,True
20250605_25FALAA000,HA40,R,25FALAA001_C05,25FALAA001_C05_customer.ab1,/home/shane/Documents/work/projects/hogle_lab/experiments/duckweedSynCom/data/raw/sanger_sequencing/20250605_25FALAA000/25FALAA001_C05_customer.ab1,1679,41.5,58.0,0,0.0,0,1392,1392,48.4,0,0.0,True
20250605_25FALAA000,HA50,R,25FALAA001_C06,25FALAA001_C06_customer.ab1,/home/shane/Documents/work/projects/hogle_lab/experiments/duckweedSynCom/data/raw/sanger_sequencing/20250605_25FALAA000/25FALAA001_C06_customer.ab1,1568,41.6,58.0,0,0.0,0,1393,1393,46.4,0,0.0,True
20250605_25FALAA000,HA68,R,25FALAA001_C07,25FALAA001_C07_customer.ab1,/home/shane/Documents/work/projects/hogle_lab/experiments/duckweedSynCom/data/raw/sanger_sequencing/20250605_25FALAA000/25FALAA001_C07_customer.ab1,1594,41.5,58.0,0,0.0,0,1439,1439,45.5,0,0.0,True
20250605_25FALAA000,HA29,R,25FALAA001_C08,25FALAA001_C08_customer.ab1,/home/shane/Documents/work/projects/hogle_lab/experiments/duckweedSynCom/data/raw/sanger_sequencing/20250605_25FALAA000/25FALAA001_C08_customer.ab1,1565,41.1,58.0,0,0.0,0,1408,1408,45.2,0,0.0,True
20250605_25FALAA000,HA20,R,25FALAA001_C09,25FALAA001_C09_customer.ab1,/home/shane/Documents/work/projects/hogle_lab/experiments/duckweedSynCom/data/raw/sanger_sequencing/20250605_25FALAA000/25FALAA001_C09_customer.ab1,1268,19.9,13.0,0,0.0,6,360,354,41.5,0,0.0,True
20250605_25FALAA000,SJ04,R,25FALAA001_C10,25FALAA001_C10_customer.ab1,/home/shane/Documents/work/projects/hogle_lab/experiments/duckweedSynCom/data/raw/sanger_sequencing/20250605_25FALAA000/25FALAA001_C10_customer.ab1,1296,12.3,11.0,0,0.0,60,302,242,16.6,0,0.0,False
20250605_25FALAA000,SJ02,R,25FALAA001_C11,25FALAA001_C11_customer.ab1,/home/shane/Documents/work/projects/hogle_lab/experiments/duckweedSynCom/data/raw/sanger_sequencing/20250605_25FALAA000/25FALAA001_C11_customer.ab1,1524,45.1,58.0,0,0.0,6,1199,1193,54.8,0,0.0,True
20250605_25FALAA000,TL03,R,25FALAA001_C12,25FALAA001_C12_customer.ab1,/home/shane/Documents/work/projects/hogle_lab/experiments/duckweedSynCom/data/raw/sanger_sequencing/20250605_25FALAA000/25FALAA001_C12_customer.ab1,1464,42.7,58.0,0,0.0,5,1135,1130,53.0,0,0.0,True
20250605_25FALAA000,HA31,R,25FALAA001_D01,25FALAA001_D01_customer.ab1,/home/shane/Documents/work/projects/hogle_lab/experiments/duckweedSynCom/data/raw/sanger_sequencing/20250605_25FALAA000/25FALAA001_D01_customer.ab1,1220,19.0,14.0,0,0.0,114,959,845,23.2,0,0.0,True
20250605_25FALAA000,HA37,R,25FALAA001_D02,25FALAA001_D02_customer.ab1,/home/shane/Documents/work/projects/hogle_lab/experiments/duckweedSynCom/data/raw/sanger_sequencing/20250605_25FALAA000/25FALAA001_D02_customer.ab1,1526,42.9,58.0,0,0.0,0,1450,1450,44.9,0,0.0,True
20250605_25FALAA000,HA14,R,25FALAA001_D03,25FALAA001_D03_customer.ab1,/home/shane/Documents/work/projects/hogle_lab/experiments/duckweedSynCom/data/raw/sanger_sequencing/20250605_25FALAA000/25FALAA001_D03_customer.ab1,1576,40.6,57.0,0,0.0,0,1424,1424,44.5,0,0.0,True
20250605_25FALAA000,HA39,R,25FALAA001_D04,25FALAA001_D04_customer.ab1,/home/shane/Documents/work/projects/hogle_lab/experiments/duckweedSynCom/data/raw/sanger_sequencing/20250605_25FALAA000/25FALAA001_D04_customer.ab1,1583,42.0,58.0,0,0.0,0,1416,1416,46.5,0,0.0,True
20250605_25FALAA000,HA49,R,25FALAA001_D05,25FALAA001_D05_customer.ab1,/home/shane/Documents/work/projects/hogle_lab/experiments/duckweedSynCom/data/raw/sanger_sequencing/20250605_25FALAA000/25FALAA001_D05_customer.ab1,1306,12.0,11.0,0,0.0,0,0,0,0.0,0,0.0,False
20250605_25FALAA000,HA08,R,25FALAA001_D06,25FALAA001_D06_customer.ab1,/home/shane/Documents/work/projects/hogle_lab/experiments/duckweedSynCom/data/raw/sanger_sequencing/20250605_25FALAA000/25FALAA001_D06_customer.ab1,1578,40.2,58.0,0,0.0,0,1368,1368,45.4,0,0.0,True
20250605_25FALAA000,HA28,R,25FALAA001_D07,25FALAA001_D07_customer.ab1,/home/shane/Documents/work/projects/hogle_lab/experiments/duckweedSynCom/data/raw/sanger_sequencing/20250605_25FALAA000/25FALAA001_D07_customer.ab1,1550,41.7,58.0,0,0.0,26,1384,1358,47.1,0,0.0,True
20250605_25FALAA000,HA34,R,25FALAA001_D08,25FALAA001_D08_customer.ab1,/home/shane/Documents/work/projects/hogle_lab/experiments/duckweedSynCom/data/raw/sanger_sequencing/20250605_25FALAA000/25FALAA001_D08_customer.ab1,1571,40.6,58.0,0,0.0,2,1381,1379,45.3,0,0.0,True
20250605_25FALAA000,HA35,R,25FALAA001_D09,25FALAA001_D09_customer.ab1,/home/shane/Documents/work/projects/hogle_lab/experiments/duckweedSynCom/data/raw/sanger_sequencing/20250605_25FALAA000/25FALAA001_D09_customer.ab1,1610,40.8,58.0,0,0.0,1,1405,1404,46.2,0,0.0,True
20250605_25FALAA000,SJ05,R,25FALAA001_D10,25FALAA001_D10_customer.ab1,/home/shane/Documents/work/projects/hogle_lab/experiments/duckweedSynCom/data/raw/sanger_sequencing/20250605_25FALAA000/25FALAA001_D10_customer.ab1,1590,43.2,58.0,0,0.0,0,1442,1442,47.2,0,0.0,True
20250605_25FALAA000,SJ06,R,25FALAA001_D11,25FALAA001_D11_customer.ab1,/home/shane/Documents/work/projects/hogle_lab/experiments/duckweedSynCom/data/raw/sanger_sequencing/20250605_25FALAA000/25FALAA001_D11_customer.ab1,1459,29.0,25.0,0,0.0,11,1391,1380,30.3,0,0.0,True
20250605_25FALAA000,TL04,R,25FALAA001_D12,25FALAA001_D12_customer.ab1,/home/shane/Documents/work/projects/hogle_lab/experiments/duckweedSynCom/data/raw/sanger_sequencing/20250605_25FALAA000/25FALAA001_D12_customer.ab1,1411,45.7,58.0,0,0.0,9,1172,1163,53.2,0,0.0,True
20250605_25FALAA000,HA36,R,25FALAA001_E01,25FALAA001_E01_customer.ab1,/home/shane/Documents/work/projects/hogle_lab/experiments/duckweedSynCom/data/raw/sanger_sequencing/20250605_25FALAA000/25FALAA001_E01_customer.ab1,1373,44.1,58.0,0,0.0,5,1341,1336,45.1,0,0.0,True
20250605_25FALAA000,HA45,R,25FALAA001_E02,25FALAA001_E02_customer.ab1,/home/shane/Documents/work/projects/hogle_lab/experiments/duckweedSynCom/data/raw/sanger_sequencing/20250605_25FALAA000/25FALAA001_E02_customer.ab1,1466,40.9,58.0,0,0.0,9,1323,1314,44.8,0,0.0,True
20250605_25FALAA000,HA23,R,25FALAA001_E03,25FALAA001_E03_customer.ab1,/home/shane/Documents/work/projects/hogle_lab/experiments/duckweedSynCom/data/raw/sanger_sequencing/20250605_25FALAA000/25FALAA001_E03_customer.ab1,1571,40.9,58.0,0,0.0,2,1394,1392,45.7,0,0.0,True
20250605_25FALAA000,HA48,R,25FALAA001_E04,25FALAA001_E04_customer.ab1,/home/shane/Documents/work/projects/hogle_lab/experiments/duckweedSynCom/data/raw/sanger_sequencing/20250605_25FALAA000/25FALAA001_E04_customer.ab1,1645,39.1,51.0,0,0.0,2,1408,1406,44.8,0,0.0,True
20250605_25FALAA000,HA59,R,25FALAA001_E05,25FALAA001_E05_customer.ab1,/home/shane/Documents/work/projects/hogle_lab/experiments/duckweedSynCom/data/raw/sanger_sequencing/20250605_25FALAA000/25FALAA001_E05_customer.ab1,1606,40.8,58.0,0,0.0,0,1417,1417,45.7,0,0.0,True
20250605_25FALAA000,HA18,R,25FALAA001_E06,25FALAA001_E06_customer.ab1,/home/shane/Documents/work/projects/hogle_lab/experiments/duckweedSynCom/data/raw/sanger_sequencing/20250605_25FALAA000/25FALAA001_E06_customer.ab1,1612,38.9,57.0,0,0.0,18,1385,1367,45.2,0,0.0,True
20250605_25FALAA000,HA42,R,25FALAA001_E07,25FALAA001_E07_customer.ab1,/home/shane/Documents/work/projects/hogle_lab/experiments/duckweedSynCom/data/raw/sanger_sequencing/20250605_25FALAA000/25FALAA001_E07_customer.ab1,1603,40.5,58.0,0,0.0,1,1383,1382,45.8,0,0.0,True
20250605_25FALAA000,HA43,R,25FALAA001_E08,25FALAA001_E08_customer.ab1,/home/shane/Documents/work/projects/hogle_lab/experiments/duckweedSynCom/data/raw/sanger_sequencing/20250605_25FALAA000/25FALAA001_E08_customer.ab1,1561,27.1,24.0,0,0.0,26,1373,1347,30.7,0,0.0,True
20250605_25FALAA000,HA54,R,25FALAA001_E09,25FALAA001_E09_customer.ab1,/home/shane/Documents/work/projects/hogle_lab/experiments/duckweedSynCom/data/raw/sanger_sequencing/20250605_25FALAA000/25FALAA001_E09_customer.ab1,1204,14.3,13.0,0,0.0,38,461,423,18.0,0,0.0,False
20250605_25FALAA000,SJ08,R,25FALAA001_E10,25FALAA001_E10_customer.ab1,/home/shane/Documents/work/projects/hogle_lab/experiments/duckweedSynCom/data/raw/sanger_sequencing/20250605_25FALAA000/25FALAA001_E10_customer.ab1,1617,43.4,58.0,0,0.0,0,1469,1469,47.1,0,0.0,True
20250605_25FALAA000,SJ09,R,25FALAA001_E11,25FALAA001_E11_customer.ab1,/home/shane/Documents/work/projects/hogle_lab/experiments/duckweedSynCom/data/raw/sanger_sequencing/20250605_25FALAA000/25FALAA001_E11_customer.ab1,1249,23.2,18.0,0,0.0,6,918,912,28.4,0,0.0,True
20250605_25FALAA000,TL05,R,25FALAA001_E12,25FALAA001_E12_customer.ab1,/home/shane/Documents/work/projects/hogle_lab/experiments/duckweedSynCom/data/raw/sanger_sequencing/20250605_25FALAA000/25FALAA001_E12_customer.ab1,1404,43.7,58.0,0,0.0,3,1100,1097,53.2,0,0.0,True
20250605_25FALAA000,HA44,R,25FALAA001_F01,25FALAA001_F01_customer.ab1,/home/shane/Documents/work/projects/hogle_lab/experiments/duckweedSynCom/data/raw/sanger_sequencing/20250605_25FALAA000/25FALAA001_F01_customer.ab1,1397,42.8,58.0,0,0.0,6,1099,1093,52.4,0,0.0,True
20250605_25FALAA000,HA56,R,25FALAA001_F02,25FALAA001_F02_customer.ab1,/home/shane/Documents/work/projects/hogle_lab/experiments/duckweedSynCom/data/raw/sanger_sequencing/20250605_25FALAA000/25FALAA001_F02_customer.ab1,1468,27.2,26.0,0,0.0,23,989,966,37.4,0,0.0,True
20250605_25FALAA000,HA38,R,25FALAA001_F03,25FALAA001_F03_customer.ab1,/home/shane/Documents/work/projects/hogle_lab/experiments/duckweedSynCom/data/raw/sanger_sequencing/20250605_25FALAA000/25FALAA001_F03_customer.ab1,1241,13.2,12.0,0,0.0,137,345,208,17.5,0,0.0,False
20250605_25FALAA000,HA58,R,25FALAA001_F04,25FALAA001_F04_customer.ab1,/home/shane/Documents/work/projects/hogle_lab/experiments/duckweedSynCom/data/raw/sanger_sequencing/20250605_25FALAA000/25FALAA001_F04_customer.ab1,1255,12.5,11.0,0,0.0,0,0,0,0.0,0,0.0,False
20250605_25FALAA000,HA67,R,25FALAA001_F05,25FALAA001_F05_customer.ab1,/home/shane/Documents/work/projects/hogle_lab/experiments/duckweedSynCom/data/raw/sanger_sequencing/20250605_25FALAA000/25FALAA001_F05_customer.ab1,1559,41.6,58.0,0,0.0,3,1108,1105,54.8,0,0.0,True
20250605_25FALAA000,HA27,R,25FALAA001_F06,25FALAA001_F06_customer.ab1,/home/shane/Documents/work/projects/hogle_lab/experiments/duckweedSynCom/data/raw/sanger_sequencing/20250605_25FALAA000/25FALAA001_F06_customer.ab1,1593,39.7,52.0,0,0.0,31,1390,1359,45.3,0,0.0,True
20250605_25FALAA000,HA52,R,25FALAA001_F07,25FALAA001_F07_customer.ab1,/home/shane/Documents/work/projects/hogle_lab/experiments/duckweedSynCom/data/raw/sanger_sequencing/20250605_25FALAA000/25FALAA001_F07_customer.ab1,1485,41.3,58.0,0,0.0,13,1332,1319,45.6,0,0.0,True
20250605_25FALAA000,HA53,R,25FALAA001_F08,25FALAA001_F08_customer.ab1,/home/shane/Documents/work/projects/hogle_lab/experiments/duckweedSynCom/data/raw/sanger_sequencing/20250605_25FALAA000/25FALAA001_F08_customer.ab1,1561,41.1,58.0,0,0.0,2,1411,1409,44.9,0,0.0,True
20250605_25FALAA000,HA63,R,25FALAA001_F09,25FALAA001_F09_customer.ab1,/home/shane/Documents/work/projects/hogle_lab/experiments/duckweedSynCom/data/raw/sanger_sequencing/20250605_25FALAA000/25FALAA001_F09_customer.ab1,1665,42.2,58.0,0,0.0,9,1274,1265,52.7,0,0.0,True
20250605_25FALAA000,SJ10,R,25FALAA001_F10,25FALAA001_F10_customer.ab1,/home/shane/Documents/work/projects/hogle_lab/experiments/duckweedSynCom/data/raw/sanger_sequencing/20250605_25FALAA000/25FALAA001_F10_customer.ab1,1503,37.4,44.0,0,0.0,12,1247,1235,43.8,0,0.0,True
20250605_25FALAA000,SJ14,R,25FALAA001_F11,25FALAA001_F11_customer.ab1,/home/shane/Documents/work/projects/hogle_lab/experiments/duckweedSynCom/data/raw/sanger_sequencing/20250605_25FALAA000/25FALAA001_F11_customer.ab1,1462,44.7,58.0,0,0.0,0,1402,1402,46.5,0,0.0,True
20250605_25FALAA000,TL06,R,25FALAA001_F12,25FALAA001_F12_customer.ab1,/home/shane/Documents/work/projects/hogle_lab/experiments/duckweedSynCom/data/raw/sanger_sequencing/20250605_25FALAA000/25FALAA001_F12_customer.ab1,1412,47.5,58.0,0,0.0,5,1159,1154,55.7,0,0.0,True
20250605_25FALAA000,HA55,R,25FALAA001_G01,25FALAA001_G01_customer.ab1,/home/shane/Documents/work/projects/hogle_lab/experiments/duckweedSynCom/data/raw/sanger_sequencing/20250605_25FALAA000/25FALAA001_G01_customer.ab1,1556,21.6,15.0,0,0.0,4,964,960,30.6,0,0.0,True
20250605_25FALAA000,HA65,R,25FALAA001_G02,25FALAA001_G02_customer.ab1,/home/shane/Documents/work/projects/hogle_lab/experiments/duckweedSynCom/data/raw/sanger_sequencing/20250605_25FALAA000/25FALAA001_G02_customer.ab1,1232,44.2,58.0,0,0.0,2,999,997,52.7,0,0.0,True
20250605_25FALAA000,HA47,R,25FALAA001_G03,25FALAA001_G03_customer.ab1,/home/shane/Documents/work/projects/hogle_lab/experiments/duckweedSynCom/data/raw/sanger_sequencing/20250605_25FALAA000/25FALAA001_G03_customer.ab1,1547,43.4,58.0,0,0.0,6,1425,1419,46.7,0,0.0,True
20250605_25FALAA000,HA66,R,25FALAA001_G04,25FALAA001_G04_customer.ab1,/home/shane/Documents/work/projects/hogle_lab/experiments/duckweedSynCom/data/raw/sanger_sequencing/20250605_25FALAA000/25FALAA001_G04_customer.ab1,1417,41.1,57.0,0,0.0,8,1301,1293,44.7,0,0.0,True
20250605_25FALAA000,HA07,R,25FALAA001_G05,25FALAA001_G05_customer.ab1,/home/shane/Documents/work/projects/hogle_lab/experiments/duckweedSynCom/data/raw/sanger_sequencing/20250605_25FALAA000/25FALAA001_G05_customer.ab1,1519,43.2,58.0,0,0.0,2,1397,1395,46.6,0,0.0,True
20250605_25FALAA000,HA33,R,25FALAA001_G06,25FALAA001_G06_customer.ab1,/home/shane/Documents/work/projects/hogle_lab/experiments/duckweedSynCom/data/raw/sanger_sequencing/20250605_25FALAA000/25FALAA001_G06_customer.ab1,1457,41.2,58.0,0,0.0,15,1325,1310,45.4,0,0.0,True
20250605_25FALAA000,HA61,R,25FALAA001_G07,25FALAA001_G07_customer.ab1,/home/shane/Documents/work/projects/hogle_lab/experiments/duckweedSynCom/data/raw/sanger_sequencing/20250605_25FALAA000/25FALAA001_G07_customer.ab1,1557,40.5,58.0,0,0.0,55,1438,1383,44.7,0,0.0,True
20250605_25FALAA000,HA62,R,25FALAA001_G08,25FALAA001_G08_customer.ab1,/home/shane/Documents/work/projects/hogle_lab/experiments/duckweedSynCom/data/raw/sanger_sequencing/20250605_25FALAA000/25FALAA001_G08_customer.ab1,1566,30.7,28.0,0,0.0,17,1420,1403,33.7,0,0.0,True
20250605_25FALAA000,HA71,R,25FALAA001_G09,25FALAA001_G09_customer.ab1,/home/shane/Documents/work/projects/hogle_lab/experiments/duckweedSynCom/data/raw/sanger_sequencing/20250605_25FALAA000/25FALAA001_G09_customer.ab1,1460,38.8,47.0,0,0.0,4,1386,1382,40.8,0,0.0,True
20250605_25FALAA000,SJ12,R,25FALAA001_G10,25FALAA001_G10_customer.ab1,/home/shane/Documents/work/projects/hogle_lab/experiments/duckweedSynCom/data/raw/sanger_sequencing/20250605_25FALAA000/25FALAA001_G10_customer.ab1,1569,43.4,58.0,0,0.0,7,1249,1242,52.7,0,0.0,True
20250605_25FALAA000,SJ18,R,25FALAA001_G11,25FALAA001_G11_customer.ab1,/home/shane/Documents/work/projects/hogle_lab/experiments/duckweedSynCom/data/raw/sanger_sequencing/20250605_25FALAA000/25FALAA001_G11_customer.ab1,1423,44.5,58.0,0,0.0,0,1121,1121,53.9,0,0.0,True
20250605_25FALAA000,TL07,R,25FALAA001_G12,25FALAA001_G12_customer.ab1,/home/shane/Documents/work/projects/hogle_lab/experiments/duckweedSynCom/data/raw/sanger_sequencing/20250605_25FALAA000/25FALAA001_G12_customer.ab1,1444,46.7,58.0,0,0.0,5,1235,1230,53.3,0,0.0,True
20250605_25FALAA000,HA64,R,25FALAA001_H01,25FALAA001_H01_customer.ab1,/home/shane/Documents/work/projects/hogle_lab/experiments/duckweedSynCom/data/raw/sanger_sequencing/20250605_25FALAA000/25FALAA001_H01_customer.ab1,1396,45.5,58.0,0,0.0,2,1094,1092,55.2,0,0.0,True
20250605_25FALAA000,HA03,R,25FALAA001_H02,25FALAA001_H02_customer.ab1,/home/shane/Documents/work/projects/hogle_lab/experiments/duckweedSynCom/data/raw/sanger_sequencing/20250605_25FALAA000/25FALAA001_H02_customer.ab1,1408,43.6,58.0,0,0.0,0,1091,1091,53.6,0,0.0,True
20250605_25FALAA000,HA57,R,25FALAA001_H03,25FALAA001_H03_customer.ab1,/home/shane/Documents/work/projects/hogle_lab/experiments/duckweedSynCom/data/raw/sanger_sequencing/20250605_25FALAA000/25FALAA001_H03_customer.ab1,1505,44.9,58.0,0,0.0,6,1377,1371,48.6,0,0.0,True
20250605_25FALAA000,HA06,R,25FALAA001_H04,25FALAA001_H04_customer.ab1,/home/shane/Documents/work/projects/hogle_lab/experiments/duckweedSynCom/data/raw/sanger_sequencing/20250605_25FALAA000/25FALAA001_H04_customer.ab1,1470,42.8,58.0,0,0.0,23,1398,1375,45.4,0,0.0,True
20250605_25FALAA000,HA17,R,25FALAA001_H05,25FALAA001_H05_customer.ab1,/home/shane/Documents/work/projects/hogle_lab/experiments/duckweedSynCom/data/raw/sanger_sequencing/20250605_25FALAA000/25FALAA001_H05_customer.ab1,1497,42.2,58.0,0,0.0,55,1441,1386,45.1,0,0.0,True
20250605_25FALAA000,HA41,R,25FALAA001_H06,25FALAA001_H06_customer.ab1,/home/shane/Documents/work/projects/hogle_lab/experiments/duckweedSynCom/data/raw/sanger_sequencing/20250605_25FALAA000/25FALAA001_H06_customer.ab1,1469,43.8,58.0,0,0.0,1,1377,1376,46.2,0,0.0,True
20250605_25FALAA000,HA69,R,25FALAA001_H07,25FALAA001_H07_customer.ab1,/home/shane/Documents/work/projects/hogle_lab/experiments/duckweedSynCom/data/raw/sanger_sequencing/20250605_25FALAA000/25FALAA001_H07_customer.ab1,1438,40.6,51.0,0,0.0,17,1366,1349,42.8,0,0.0,True
20250605_25FALAA000,HA70,R,25FALAA001_H08,25FALAA001_H08_customer.ab1,/home/shane/Documents/work/projects/hogle_lab/experiments/duckweedSynCom/data/raw/sanger_sequencing/20250605_25FALAA000/25FALAA001_H08_customer.ab1,1438,35.2,34.5,0,0.0,9,1385,1376,36.6,0,0.0,True
20250605_25FALAA000,SJ07,R,25FALAA001_H09,25FALAA001_H09_customer.ab1,/home/shane/Documents/work/projects/hogle_lab/experiments/duckweedSynCom/data/raw/sanger_sequencing/20250605_25FALAA000/25FALAA001_H09_customer.ab1,1452,44.3,58.0,0,0.0,1,1372,1371,46.5,0,0.0,True
20250605_25FALAA000,SJ16,R,25FALAA001_H10,25FALAA001_H10_customer.ab1,/home/shane/Documents/work/projects/hogle_lab/experiments/duckweedSynCom/data/raw/sanger_sequencing/20250605_25FALAA000/25FALAA001_H10_customer.ab1,1496,46.3,58.0,0,0.0,6,1413,1407,48.6,0,0.0,True
20250605_25FALAA000,SJ03,R,25FALAA001_H11,25FALAA001_H11_customer.ab1,/home/shane/Documents/work/projects/hogle_lab/experiments/duckweedSynCom/data/raw/sanger_sequencing/20250605_25FALAA000/25FALAA001_H11_customer.ab1,1454,45.8,58.0,0,0.0,5,1155,1150,55.3,0,0.0,True
20250605_25FALAA000,TL02,R,25FALAA001_H12,25FALAA001_H12_customer.ab1,/home/shane/Documents/work/projects/hogle_lab/experiments/duckweedSynCom/data/raw/sanger_sequencing/20250605_25FALAA000/25FALAA001_H12_customer.ab1,1417,47.3,58.0,0,0.0,4,1157,1153,55.5,0,0.0,True
20250619_2607LAA000,TL16,F,2607LAA000_A01,2607LAA000_A01_customer.ab1,/home/shane/Documents/work/projects/hogle_lab/experiments/duckweedSynCom/data/raw/sanger_sequencing/20250619_2607LAA000/2607LAA000_A01_customer.ab1,1490,43.9,58.0,0,0.0,5,1247,1242,50.9,0,0.0,True
20250619_2607LAA000,TL51,F,2607LAA000_A02,2607LAA000_A02_customer.ab1,/home/shane/Documents/work/projects/hogle_lab/experiments/duckweedSynCom/data/raw/sanger_sequencing/20250619_2607LAA000/2607LAA000_A02_customer.ab1,1612,43.5,58.0,0,0.0,7,1460,1453,47.5,0,0.0,True
20250619_2607LAA000,TL52,F,2607LAA000_A03,2607LAA000_A03_customer.ab1,/home/shane/Documents/work/projects/hogle_lab/experiments/duckweedSynCom/data/raw/sanger_sequencing/20250619_2607LAA000/2607LAA000_A03_customer.ab1,1633,42.0,57.0,0,0.0,12,1270,1258,52.6,0,0.0,True
20250619_2607LAA000,TL60,F,2607LAA000_A04,2607LAA000_A04_customer.ab1,/home/shane/Documents/work/projects/hogle_lab/experiments/duckweedSynCom/data/raw/sanger_sequencing/20250619_2607LAA000/2607LAA000_A04_customer.ab1,1335,12.3,11.0,0,0.0,0,0,0,0.0,0,0.0,False
20250619_2607LAA000,TL20,F,2607LAA000_A05,2607LAA000_A05_customer.ab1,/home/shane/Documents/work/projects/hogle_lab/experiments/duckweedSynCom/data/raw/sanger_sequencing/20250619_2607LAA000/2607LAA000_A05_customer.ab1,1594,43.0,58.0,0,0.0,0,1440,1440,46.9,0,0.0,True
20250619_2607LAA000,TL34,F,2607LAA000_A06,2607LAA000_A06_customer.ab1,/home/shane/Documents/work/projects/hogle_lab/experiments/duckweedSynCom/data/raw/sanger_sequencing/20250619_2607LAA000/2607LAA000_A06_customer.ab1,1573,40.9,58.0,0,0.0,4,1426,1422,44.6,0,0.0,True
20250619_2607LAA000,TL27,F,2607LAA000_A07,2607LAA000_A07_customer.ab1,/home/shane/Documents/work/projects/hogle_lab/experiments/duckweedSynCom/data/raw/sanger_sequencing/20250619_2607LAA000/2607LAA000_A07_customer.ab1,1603,43.2,58.0,0,0.0,15,1305,1290,52.1,0,0.0,True
20250619_2607LAA000,TL57,F,2607LAA000_A08,2607LAA000_A08_customer.ab1,/home/shane/Documents/work/projects/hogle_lab/experiments/duckweedSynCom/data/raw/sanger_sequencing/20250619_2607LAA000/2607LAA000_A08_customer.ab1,588,13.4,12.0,0,0.0,0,0,0,0.0,0,0.0,False
20250619_2607LAA000,HA78,F,2607LAA000_A09,2607LAA000_A09_customer.ab1,/home/shane/Documents/work/projects/hogle_lab/experiments/duckweedSynCom/data/raw/sanger_sequencing/20250619_2607LAA000/2607LAA000_A09_customer.ab1,874,14.5,13.0,0,0.0,124,641,517,15.6,0,0.0,False
20250619_2607LAA000,SJ22,F,2607LAA000_A10,2607LAA000_A10_customer.ab1,/home/shane/Documents/work/projects/hogle_lab/experiments/duckweedSynCom/data/raw/sanger_sequencing/20250619_2607LAA000/2607LAA000_A10_customer.ab1,1679,10.6,9.0,0,0.0,0,0,0,0.0,0,0.0,False
20250619_2607LAA000,TL29,F,2607LAA000_B01,2607LAA000_B01_customer.ab1,/home/shane/Documents/work/projects/hogle_lab/experiments/duckweedSynCom/data/raw/sanger_sequencing/20250619_2607LAA000/2607LAA000_B01_customer.ab1,1520,43.8,58.0,0,0.0,9,1258,1249,51.6,0,0.0,True
20250619_2607LAA000,TL58,F,2607LAA000_B02,2607LAA000_B02_customer.ab1,/home/shane/Documents/work/projects/hogle_lab/experiments/duckweedSynCom/data/raw/sanger_sequencing/20250619_2607LAA000/2607LAA000_B02_customer.ab1,1568,41.6,58.0,0,0.0,0,1394,1394,46.1,0,0.0,True
20250619_2607LAA000,TL59,F,2607LAA000_B03,2607LAA000_B03_customer.ab1,/home/shane/Documents/work/projects/hogle_lab/experiments/duckweedSynCom/data/raw/sanger_sequencing/20250619_2607LAA000/2607LAA000_B03_customer.ab1,1594,42.1,58.0,0,0.0,10,1435,1425,46.4,0,0.0,True
20250619_2607LAA000,TL11,F,2607LAA000_B04,2607LAA000_B04_customer.ab1,/home/shane/Documents/work/projects/hogle_lab/experiments/duckweedSynCom/data/raw/sanger_sequencing/20250619_2607LAA000/2607LAA000_B04_customer.ab1,1621,42.6,58.0,0,0.0,11,1228,1217,53.7,0,0.0,True
20250619_2607LAA000,TL26,F,2607LAA000_B05,2607LAA000_B05_customer.ab1,/home/shane/Documents/work/projects/hogle_lab/experiments/duckweedSynCom/data/raw/sanger_sequencing/20250619_2607LAA000/2607LAA000_B05_customer.ab1,1667,40.6,55.0,0,0.0,3,1193,1190,53.3,0,0.0,True
20250619_2607LAA000,TL41,F,2607LAA000_B06,2607LAA000_B06_customer.ab1,/home/shane/Documents/work/projects/hogle_lab/experiments/duckweedSynCom/data/raw/sanger_sequencing/20250619_2607LAA000/2607LAA000_B06_customer.ab1,1588,44.5,58.0,0,0.0,2,1228,1226,54.5,0,0.0,True
20250619_2607LAA000,TL35,F,2607LAA000_B07,2607LAA000_B07_customer.ab1,/home/shane/Documents/work/projects/hogle_lab/experiments/duckweedSynCom/data/raw/sanger_sequencing/20250619_2607LAA000/2607LAA000_B07_customer.ab1,1578,42.4,58.0,0,0.0,0,1186,1186,53.2,0,0.0,True
20250619_2607LAA000,TL66,F,2607LAA000_B08,2607LAA000_B08_customer.ab1,/home/shane/Documents/work/projects/hogle_lab/experiments/duckweedSynCom/data/raw/sanger_sequencing/20250619_2607LAA000/2607LAA000_B08_customer.ab1,822,13.5,12.0,0,0.0,0,0,0,0.0,0,0.0,False
20250619_2607LAA000,HA79,F,2607LAA000_B09,2607LAA000_B09_customer.ab1,/home/shane/Documents/work/projects/hogle_lab/experiments/duckweedSynCom/data/raw/sanger_sequencing/20250619_2607LAA000/2607LAA000_B09_customer.ab1,1024,13.7,12.0,0,0.0,194,739,545,14.2,0,0.0,False
20250619_2607LAA000,SJ23,F,2607LAA000_B10,2607LAA000_B10_customer.ab1,/home/shane/Documents/work/projects/hogle_lab/experiments/duckweedSynCom/data/raw/sanger_sequencing/20250619_2607LAA000/2607LAA000_B10_customer.ab1,1554,41.3,58.0,0,0.0,7,1429,1422,44.8,0,0.0,True
20250619_2607LAA000,TL50,F,2607LAA000_C01,2607LAA000_C01_customer.ab1,/home/shane/Documents/work/projects/hogle_lab/experiments/duckweedSynCom/data/raw/sanger_sequencing/20250619_2607LAA000/2607LAA000_C01_customer.ab1,1570,43.6,58.0,0,0.0,9,1192,1183,54.3,0,0.0,True
20250619_2607LAA000,TL09,F,2607LAA000_C02,2607LAA000_C02_customer.ab1,/home/shane/Documents/work/projects/hogle_lab/experiments/duckweedSynCom/data/raw/sanger_sequencing/20250619_2607LAA000/2607LAA000_C02_customer.ab1,1530,39.8,51.0,0,0.0,7,1416,1409,42.6,0,0.0,True
20250619_2607LAA000,TL10,F,2607LAA000_C03,2607LAA000_C03_customer.ab1,/home/shane/Documents/work/projects/hogle_lab/experiments/duckweedSynCom/data/raw/sanger_sequencing/20250619_2607LAA000/2607LAA000_C03_customer.ab1,1590,42.2,58.0,0,0.0,0,1197,1197,53.1,0,0.0,True
20250619_2607LAA000,TL19,F,2607LAA000_C04,2607LAA000_C04_customer.ab1,/home/shane/Documents/work/projects/hogle_lab/experiments/duckweedSynCom/data/raw/sanger_sequencing/20250619_2607LAA000/2607LAA000_C04_customer.ab1,1618,41.1,58.0,0,0.0,4,1414,1410,46.2,0,0.0,True
20250619_2607LAA000,TL33,F,2607LAA000_C05,2607LAA000_C05_customer.ab1,/home/shane/Documents/work/projects/hogle_lab/experiments/duckweedSynCom/data/raw/sanger_sequencing/20250619_2607LAA000/2607LAA000_C05_customer.ab1,1699,39.8,51.0,0,0.0,6,1193,1187,53.1,0,0.0,True
20250619_2607LAA000,TL55,F,2607LAA000_C06,2607LAA000_C06_customer.ab1,/home/shane/Documents/work/projects/hogle_lab/experiments/duckweedSynCom/data/raw/sanger_sequencing/20250619_2607LAA000/2607LAA000_C06_customer.ab1,1655,35.8,41.0,0,0.0,2,1438,1436,40.7,0,0.0,True
20250619_2607LAA000,TL43,F,2607LAA000_C07,2607LAA000_C07_customer.ab1,/home/shane/Documents/work/projects/hogle_lab/experiments/duckweedSynCom/data/raw/sanger_sequencing/20250619_2607LAA000/2607LAA000_C07_customer.ab1,1301,16.5,15.0,0,0.0,3,886,883,19.4,0,0.0,False
20250619_2607LAA000,HA72,F,2607LAA000_C08,2607LAA000_C08_customer.ab1,/home/shane/Documents/work/projects/hogle_lab/experiments/duckweedSynCom/data/raw/sanger_sequencing/20250619_2607LAA000/2607LAA000_C08_customer.ab1,1642,42.1,58.0,0,0.0,12,1447,1435,47.1,0,0.0,True
20250619_2607LAA000,HA80,F,2607LAA000_C09,2607LAA000_C09_customer.ab1,/home/shane/Documents/work/projects/hogle_lab/experiments/duckweedSynCom/data/raw/sanger_sequencing/20250619_2607LAA000/2607LAA000_C09_customer.ab1,1598,39.7,58.0,0,0.0,6,1393,1387,44.9,0,0.0,True
20250619_2607LAA000,TL36,F,2607LAA000_C10,2607LAA000_C10_customer.ab1,/home/shane/Documents/work/projects/hogle_lab/experiments/duckweedSynCom/data/raw/sanger_sequencing/20250619_2607LAA000/2607LAA000_C10_customer.ab1,1566,42.5,58.0,0,0.0,9,1433,1424,46.1,0,0.0,True
20250619_2607LAA000,TL22,F,2607LAA000_D01,2607LAA000_D01_customer.ab1,/home/shane/Documents/work/projects/hogle_lab/experiments/duckweedSynCom/data/raw/sanger_sequencing/20250619_2607LAA000/2607LAA000_D01_customer.ab1,1529,43.4,58.0,0,0.0,11,1174,1163,53.7,0,0.0,True
20250619_2607LAA000,TL17,F,2607LAA000_D02,2607LAA000_D02_customer.ab1,/home/shane/Documents/work/projects/hogle_lab/experiments/duckweedSynCom/data/raw/sanger_sequencing/20250619_2607LAA000/2607LAA000_D02_customer.ab1,1603,41.4,52.0,0,0.0,8,1201,1193,52.5,0,0.0,True
20250619_2607LAA000,TL18,F,2607LAA000_D03,2607LAA000_D03_customer.ab1,/home/shane/Documents/work/projects/hogle_lab/experiments/duckweedSynCom/data/raw/sanger_sequencing/20250619_2607LAA000/2607LAA000_D03_customer.ab1,1618,40.4,58.0,0,0.0,0,1397,1397,46.2,0,0.0,True
20250619_2607LAA000,TL25,F,2607LAA000_D04,2607LAA000_D04_customer.ab1,/home/shane/Documents/work/projects/hogle_lab/experiments/duckweedSynCom/data/raw/sanger_sequencing/20250619_2607LAA000/2607LAA000_D04_customer.ab1,1640,39.1,51.0,0,0.0,9,1452,1443,43.9,0,0.0,True
20250619_2607LAA000,TL40,F,2607LAA000_D05,2607LAA000_D05_customer.ab1,/home/shane/Documents/work/projects/hogle_lab/experiments/duckweedSynCom/data/raw/sanger_sequencing/20250619_2607LAA000/2607LAA000_D05_customer.ab1,1219,14.6,13.0,0,0.0,2,833,831,16.9,0,0.0,False
20250619_2607LAA000,TL63,F,2607LAA000_D06,2607LAA000_D06_customer.ab1,/home/shane/Documents/work/projects/hogle_lab/experiments/duckweedSynCom/data/raw/sanger_sequencing/20250619_2607LAA000/2607LAA000_D06_customer.ab1,1684,42.7,58.0,0,0.0,5,1434,1429,49.2,0,0.0,True
20250619_2607LAA000,TL49,F,2607LAA000_D07,2607LAA000_D07_customer.ab1,/home/shane/Documents/work/projects/hogle_lab/experiments/duckweedSynCom/data/raw/sanger_sequencing/20250619_2607LAA000/2607LAA000_D07_customer.ab1,1012,12.9,12.0,0,0.0,0,0,0,0.0,0,0.0,False
20250619_2607LAA000,HA73,F,2607LAA000_D08,2607LAA000_D08_customer.ab1,/home/shane/Documents/work/projects/hogle_lab/experiments/duckweedSynCom/data/raw/sanger_sequencing/20250619_2607LAA000/2607LAA000_D08_customer.ab1,955,14.4,13.0,0,0.0,57,333,276,14.6,0,0.0,False
20250619_2607LAA000,HA81,F,2607LAA000_D09,2607LAA000_D09_customer.ab1,/home/shane/Documents/work/projects/hogle_lab/experiments/duckweedSynCom/data/raw/sanger_sequencing/20250619_2607LAA000/2607LAA000_D09_customer.ab1,1683,39.9,58.0,0,0.0,6,1547,1541,43.0,0,0.0,True
20250619_2607LAA000,TL30,F,2607LAA000_E01,2607LAA000_E01_customer.ab1,/home/shane/Documents/work/projects/hogle_lab/experiments/duckweedSynCom/data/raw/sanger_sequencing/20250619_2607LAA000/2607LAA000_E01_customer.ab1,1385,44.4,58.0,0,0.0,5,1169,1164,51.0,0,0.0,True
20250619_2607LAA000,TL23,F,2607LAA000_E02,2607LAA000_E02_customer.ab1,/home/shane/Documents/work/projects/hogle_lab/experiments/duckweedSynCom/data/raw/sanger_sequencing/20250619_2607LAA000/2607LAA000_E02_customer.ab1,1586,41.9,58.0,0,0.0,9,1412,1403,46.6,0,0.0,True
20250619_2607LAA000,TL24,F,2607LAA000_E03,2607LAA000_E03_customer.ab1,/home/shane/Documents/work/projects/hogle_lab/experiments/duckweedSynCom/data/raw/sanger_sequencing/20250619_2607LAA000/2607LAA000_E03_customer.ab1,1642,40.4,58.0,0,0.0,2,1429,1427,45.4,0,0.0,True
20250619_2607LAA000,TL39,F,2607LAA000_E04,2607LAA000_E04_customer.ab1,/home/shane/Documents/work/projects/hogle_lab/experiments/duckweedSynCom/data/raw/sanger_sequencing/20250619_2607LAA000/2607LAA000_E04_customer.ab1,1689,39.3,51.0,0,0.0,1,1408,1407,45.8,0,0.0,True
20250619_2607LAA000,TL48,F,2607LAA000_E05,2607LAA000_E05_customer.ab1,/home/shane/Documents/work/projects/hogle_lab/experiments/duckweedSynCom/data/raw/sanger_sequencing/20250619_2607LAA000/2607LAA000_E05_customer.ab1,1211,11.8,11.0,0,0.0,0,0,0,0.0,0,0.0,False
20250619_2607LAA000,TL42,F,2607LAA000_E06,2607LAA000_E06_customer.ab1,/home/shane/Documents/work/projects/hogle_lab/experiments/duckweedSynCom/data/raw/sanger_sequencing/20250619_2607LAA000/2607LAA000_E06_customer.ab1,1694,43.0,58.0,0,0.0,10,1459,1449,49.2,0,0.0,True
20250619_2607LAA000,TL65,F,2607LAA000_E07,2607LAA000_E07_customer.ab1,/home/shane/Documents/work/projects/hogle_lab/experiments/duckweedSynCom/data/raw/sanger_sequencing/20250619_2607LAA000/2607LAA000_E07_customer.ab1,1767,40.4,58.0,0,0.0,6,1264,1258,54.1,0,0.0,True
20250619_2607LAA000,HA74,F,2607LAA000_E08,2607LAA000_E08_customer.ab1,/home/shane/Documents/work/projects/hogle_lab/experiments/duckweedSynCom/data/raw/sanger_sequencing/20250619_2607LAA000/2607LAA000_E08_customer.ab1,1716,38.0,51.0,0,0.0,11,1241,1230,50.2,0,0.0,True
20250619_2607LAA000,HA82,F,2607LAA000_E09,2607LAA000_E09_customer.ab1,/home/shane/Documents/work/projects/hogle_lab/experiments/duckweedSynCom/data/raw/sanger_sequencing/20250619_2607LAA000/2607LAA000_E09_customer.ab1,1662,40.9,58.0,0,0.0,4,1458,1454,46.2,0,0.0,True
20250619_2607LAA000,TL08,F,2607LAA000_F01,2607LAA000_F01_customer.ab1,/home/shane/Documents/work/projects/hogle_lab/experiments/duckweedSynCom/data/raw/sanger_sequencing/20250619_2607LAA000/2607LAA000_F01_customer.ab1,1266,21.9,13.0,0,0.0,8,650,642,33.0,0,0.0,True
20250619_2607LAA000,TL31,F,2607LAA000_F02,2607LAA000_F02_customer.ab1,/home/shane/Documents/work/projects/hogle_lab/experiments/duckweedSynCom/data/raw/sanger_sequencing/20250619_2607LAA000/2607LAA000_F02_customer.ab1,1611,42.2,58.0,0,0.0,9,1433,1424,47.3,0,0.0,True
20250619_2607LAA000,TL32,F,2607LAA000_F03,2607LAA000_F03_customer.ab1,/home/shane/Documents/work/projects/hogle_lab/experiments/duckweedSynCom/data/raw/sanger_sequencing/20250619_2607LAA000/2607LAA000_F03_customer.ab1,1618,41.7,58.0,0,0.0,5,1449,1444,46.2,0,0.0,True
20250619_2607LAA000,TL47,F,2607LAA000_F04,2607LAA000_F04_customer.ab1,/home/shane/Documents/work/projects/hogle_lab/experiments/duckweedSynCom/data/raw/sanger_sequencing/20250619_2607LAA000/2607LAA000_F04_customer.ab1,1659,41.0,58.0,0,0.0,3,1417,1414,47.0,0,0.0,True
20250619_2607LAA000,TL54,F,2607LAA000_F05,2607LAA000_F05_customer.ab1,/home/shane/Documents/work/projects/hogle_lab/experiments/duckweedSynCom/data/raw/sanger_sequencing/20250619_2607LAA000/2607LAA000_F05_customer.ab1,1626,42.8,58.0,0,0.0,9,1254,1245,53.4,0,0.0,True
20250619_2607LAA000,TL56,F,2607LAA000_F06,2607LAA000_F06_customer.ab1,/home/shane/Documents/work/projects/hogle_lab/experiments/duckweedSynCom/data/raw/sanger_sequencing/20250619_2607LAA000/2607LAA000_F06_customer.ab1,1259,12.2,11.0,0,0.0,0,0,0,0.0,0,0.0,False
20250619_2607LAA000,TL15,F,2607LAA000_F07,2607LAA000_F07_customer.ab1,/home/shane/Documents/work/projects/hogle_lab/experiments/duckweedSynCom/data/raw/sanger_sequencing/20250619_2607LAA000/2607LAA000_F07_customer.ab1,1247,12.9,12.0,0,0.0,9,427,418,15.3,0,0.0,False
20250619_2607LAA000,HA75,F,2607LAA000_F08,2607LAA000_F08_customer.ab1,/home/shane/Documents/work/projects/hogle_lab/experiments/duckweedSynCom/data/raw/sanger_sequencing/20250619_2607LAA000/2607LAA000_F08_customer.ab1,1022,13.4,12.0,0,0.0,0,0,0,0.0,0,0.0,False
20250619_2607LAA000,SJ19,F,2607LAA000_F09,2607LAA000_F09_customer.ab1,/home/shane/Documents/work/projects/hogle_lab/experiments/duckweedSynCom/data/raw/sanger_sequencing/20250619_2607LAA000/2607LAA000_F09_customer.ab1,1012,15.2,13.0,0,0.0,187,812,625,16.1,0,0.0,False
20250619_2607LAA000,TL37,F,2607LAA000_G01,2607LAA000_G01_customer.ab1,/home/shane/Documents/work/projects/hogle_lab/experiments/duckweedSynCom/data/raw/sanger_sequencing/20250619_2607LAA000/2607LAA000_G01_customer.ab1,1488,45.2,58.0,0,0.0,4,1312,1308,50.6,0,0.0,True
20250619_2607LAA000,TL38,F,2607LAA000_G02,2607LAA000_G02_customer.ab1,/home/shane/Documents/work/projects/hogle_lab/experiments/duckweedSynCom/data/raw/sanger_sequencing/20250619_2607LAA000/2607LAA000_G02_customer.ab1,1529,34.0,34.0,0,0.0,0,1449,1449,35.5,0,0.0,True
20250619_2607LAA000,TL46,F,2607LAA000_G03,2607LAA000_G03_customer.ab1,/home/shane/Documents/work/projects/hogle_lab/experiments/duckweedSynCom/data/raw/sanger_sequencing/20250619_2607LAA000/2607LAA000_G03_customer.ab1,1566,42.5,57.0,0,0.0,2,1437,1435,45.8,0,0.0,True
20250619_2607LAA000,TL61,F,2607LAA000_G04,2607LAA000_G04_customer.ab1,/home/shane/Documents/work/projects/hogle_lab/experiments/duckweedSynCom/data/raw/sanger_sequencing/20250619_2607LAA000/2607LAA000_G04_customer.ab1,1522,41.7,58.0,0,0.0,0,1385,1385,45.1,0,0.0,True
20250619_2607LAA000,TL62,F,2607LAA000_G05,2607LAA000_G05_customer.ab1,/home/shane/Documents/work/projects/hogle_lab/experiments/duckweedSynCom/data/raw/sanger_sequencing/20250619_2607LAA000/2607LAA000_G05_customer.ab1,1590,42.4,58.0,0,0.0,0,1412,1412,46.9,0,0.0,True
20250619_2607LAA000,TL64,F,2607LAA000_G06,2607LAA000_G06_customer.ab1,/home/shane/Documents/work/projects/hogle_lab/experiments/duckweedSynCom/data/raw/sanger_sequencing/20250619_2607LAA000/2607LAA000_G06_customer.ab1,1695,42.7,58.0,0,0.0,10,1334,1324,52.3,0,0.0,True
20250619_2607LAA000,TL21,F,2607LAA000_G07,2607LAA000_G07_customer.ab1,/home/shane/Documents/work/projects/hogle_lab/experiments/duckweedSynCom/data/raw/sanger_sequencing/20250619_2607LAA000/2607LAA000_G07_customer.ab1,1023,13.4,12.0,0,0.0,0,0,0,0.0,0,0.0,False
20250619_2607LAA000,HA76,F,2607LAA000_G08,2607LAA000_G08_customer.ab1,/home/shane/Documents/work/projects/hogle_lab/experiments/duckweedSynCom/data/raw/sanger_sequencing/20250619_2607LAA000/2607LAA000_G08_customer.ab1,1630,38.9,51.0,0,0.0,14,1261,1247,49.0,0,0.0,True
20250619_2607LAA000,SJ20,F,2607LAA000_G09,2607LAA000_G09_customer.ab1,/home/shane/Documents/work/projects/hogle_lab/experiments/duckweedSynCom/data/raw/sanger_sequencing/20250619_2607LAA000/2607LAA000_G09_customer.ab1,1513,42.6,58.0,0,0.0,3,1411,1408,45.3,0,0.0,True
20250619_2607LAA000,TL44,F,2607LAA000_H01,2607LAA000_H01_customer.ab1,/home/shane/Documents/work/projects/hogle_lab/experiments/duckweedSynCom/data/raw/sanger_sequencing/20250619_2607LAA000/2607LAA000_H01_customer.ab1,1408,49.3,58.0,0,0.0,11,1266,1255,54.0,0,0.0,True
20250619_2607LAA000,TL45,F,2607LAA000_H02,2607LAA000_H02_customer.ab1,/home/shane/Documents/work/projects/hogle_lab/experiments/duckweedSynCom/data/raw/sanger_sequencing/20250619_2607LAA000/2607LAA000_H02_customer.ab1,1503,44.0,58.0,0,0.0,3,1187,1184,53.5,0,0.0,True
20250619_2607LAA000,TL53,F,2607LAA000_H03,2607LAA000_H03_customer.ab1,/home/shane/Documents/work/projects/hogle_lab/experiments/duckweedSynCom/data/raw/sanger_sequencing/20250619_2607LAA000/2607LAA000_H03_customer.ab1,1563,42.0,58.0,0,0.0,0,1441,1441,45.2,0,0.0,True
20250619_2607LAA000,TL12,F,2607LAA000_H04,2607LAA000_H04_customer.ab1,/home/shane/Documents/work/projects/hogle_lab/experiments/duckweedSynCom/data/raw/sanger_sequencing/20250619_2607LAA000/2607LAA000_H04_customer.ab1,1560,42.2,51.0,0,0.0,7,1205,1198,51.6,0,0.0,True
20250619_2607LAA000,TL13,F,2607LAA000_H05,2607LAA000_H05_customer.ab1,/home/shane/Documents/work/projects/hogle_lab/experiments/duckweedSynCom/data/raw/sanger_sequencing/20250619_2607LAA000/2607LAA000_H05_customer.ab1,1203,11.3,9.0,0,0.0,11,646,635,13.4,0,0.0,False
20250619_2607LAA000,TL14,F,2607LAA000_H06,2607LAA000_H06_customer.ab1,/home/shane/Documents/work/projects/hogle_lab/experiments/duckweedSynCom/data/raw/sanger_sequencing/20250619_2607LAA000/2607LAA000_H06_customer.ab1,1482,40.9,58.0,0,0.0,0,1376,1376,43.6,0,0.0,True
20250619_2607LAA000,TL28,F,2607LAA000_H07,2607LAA000_H07_customer.ab1,/home/shane/Documents/work/projects/hogle_lab/experiments/duckweedSynCom/data/raw/sanger_sequencing/20250619_2607LAA000/2607LAA000_H07_customer.ab1,1122,14.0,12.0,0,0.0,144,409,265,17.3,0,0.0,False
20250619_2607LAA000,HA77,F,2607LAA000_H08,2607LAA000_H08_customer.ab1,/home/shane/Documents/work/projects/hogle_lab/experiments/duckweedSynCom/data/raw/sanger_sequencing/20250619_2607LAA000/2607LAA000_H08_customer.ab1,1507,42.0,58.0,0,0.0,3,1167,1164,51.9,0,0.0,True
20250619_2607LAA000,SJ21,F,2607LAA000_H09,2607LAA000_H09_customer.ab1,/home/shane/Documents/work/projects/hogle_lab/experiments/duckweedSynCom/data/raw/sanger_sequencing/20250619_2607LAA000/2607LAA000_H09_customer.ab1,787,13.5,13.0,0,0.0,0,0,0,0.0,0,0.0,False
20250619_2607LAA000,TL16,R,2607LAA001_A01,2607LAA001_A01_customer.ab1,/home/shane/Documents/work/projects/hogle_lab/experiments/duckweedSynCom/data/raw/sanger_sequencing/20250619_2607LAA000/2607LAA001_A01_customer.ab1,1456,47.0,58.0,0,0.0,6,1274,1268,52.7,0,0.0,True
20250619_2607LAA000,TL51,R,2607LAA001_A02,2607LAA001_A02_customer.ab1,/home/shane/Documents/work/projects/hogle_lab/experiments/duckweedSynCom/data/raw/sanger_sequencing/20250619_2607LAA000/2607LAA001_A02_customer.ab1,1502,45.5,58.0,0,0.0,7,1440,1433,47.4,0,0.0,True
20250619_2607LAA000,TL52,R,2607LAA001_A03,2607LAA001_A03_customer.ab1,/home/shane/Documents/work/projects/hogle_lab/experiments/duckweedSynCom/data/raw/sanger_sequencing/20250619_2607LAA000/2607LAA001_A03_customer.ab1,1542,43.8,58.0,0,0.0,21,1289,1268,51.6,0,0.0,True
20250619_2607LAA000,TL60,R,2607LAA001_A04,2607LAA001_A04_customer.ab1,/home/shane/Documents/work/projects/hogle_lab/experiments/duckweedSynCom/data/raw/sanger_sequencing/20250619_2607LAA000/2607LAA001_A04_customer.ab1,1199,12.5,12.0,0,0.0,0,0,0,0.0,0,0.0,False
20250619_2607LAA000,TL20,R,2607LAA001_A05,2607LAA001_A05_customer.ab1,/home/shane/Documents/work/projects/hogle_lab/experiments/duckweedSynCom/data/raw/sanger_sequencing/20250619_2607LAA000/2607LAA001_A05_customer.ab1,1586,44.0,58.0,0,0.0,0,1170,1170,56.1,0,0.0,True
20250619_2607LAA000,TL34,R,2607LAA001_A06,2607LAA001_A06_customer.ab1,/home/shane/Documents/work/projects/hogle_lab/experiments/duckweedSynCom/data/raw/sanger_sequencing/20250619_2607LAA000/2607LAA001_A06_customer.ab1,1540,44.3,58.0,0,0.0,1,1156,1155,55.6,0,0.0,True
20250619_2607LAA000,TL27,R,2607LAA001_A07,2607LAA001_A07_customer.ab1,/home/shane/Documents/work/projects/hogle_lab/experiments/duckweedSynCom/data/raw/sanger_sequencing/20250619_2607LAA000/2607LAA001_A07_customer.ab1,1539,38.3,46.0,0,0.0,15,1250,1235,45.7,0,0.0,True
20250619_2607LAA000,TL57,R,2607LAA001_A08,2607LAA001_A08_customer.ab1,/home/shane/Documents/work/projects/hogle_lab/experiments/duckweedSynCom/data/raw/sanger_sequencing/20250619_2607LAA000/2607LAA001_A08_customer.ab1,1706,10.4,8.5,0,0.0,81,355,274,16.1,0,0.0,False
20250619_2607LAA000,HA78,R,2607LAA001_A09,2607LAA001_A09_customer.ab1,/home/shane/Documents/work/projects/hogle_lab/experiments/duckweedSynCom/data/raw/sanger_sequencing/20250619_2607LAA000/2607LAA001_A09_customer.ab1,5,0.0,0.0,5,1.0,0,0,0,0.0,0,0.0,False
20250619_2607LAA000,SJ22,R,2607LAA001_A10,2607LAA001_A10_customer.ab1,/home/shane/Documents/work/projects/hogle_lab/experiments/duckweedSynCom/data/raw/sanger_sequencing/20250619_2607LAA000/2607LAA001_A10_customer.ab1,5,0.0,0.0,5,1.0,0,0,0,0.0,0,0.0,False
20250619_2607LAA000,TL29,R,2607LAA001_B01,2607LAA001_B01_customer.ab1,/home/shane/Documents/work/projects/hogle_lab/experiments/duckweedSynCom/data/raw/sanger_sequencing/20250619_2607LAA000/2607LAA001_B01_customer.ab1,1513,45.5,58.0,0,0.0,8,1469,1461,46.9,0,0.0,True
20250619_2607LAA000,TL58,R,2607LAA001_B02,2607LAA001_B02_customer.ab1,/home/shane/Documents/work/projects/hogle_lab/experiments/duckweedSynCom/data/raw/sanger_sequencing/20250619_2607LAA000/2607LAA001_B02_customer.ab1,1575,38.5,51.0,0,0.0,7,1449,1442,41.5,0,0.0,True
20250619_2607LAA000,TL59,R,2607LAA001_B03,2607LAA001_B03_customer.ab1,/home/shane/Documents/work/projects/hogle_lab/experiments/duckweedSynCom/data/raw/sanger_sequencing/20250619_2607LAA000/2607LAA001_B03_customer.ab1,1530,43.9,58.0,0,0.0,12,1431,1419,47.1,0,0.0,True
20250619_2607LAA000,TL11,R,2607LAA001_B04,2607LAA001_B04_customer.ab1,/home/shane/Documents/work/projects/hogle_lab/experiments/duckweedSynCom/data/raw/sanger_sequencing/20250619_2607LAA000/2607LAA001_B04_customer.ab1,1571,42.7,57.0,0,0.0,10,1259,1249,51.6,0,0.0,True
20250619_2607LAA000,TL26,R,2607LAA001_B05,2607LAA001_B05_customer.ab1,/home/shane/Documents/work/projects/hogle_lab/experiments/duckweedSynCom/data/raw/sanger_sequencing/20250619_2607LAA000/2607LAA001_B05_customer.ab1,1591,43.4,58.0,0,0.0,7,1227,1220,53.4,0,0.0,True
20250619_2607LAA000,TL41,R,2607LAA001_B06,2607LAA001_B06_customer.ab1,/home/shane/Documents/work/projects/hogle_lab/experiments/duckweedSynCom/data/raw/sanger_sequencing/20250619_2607LAA000/2607LAA001_B06_customer.ab1,1554,42.9,58.0,0,0.0,0,1117,1117,55.7,0,0.0,True
20250619_2607LAA000,TL35,R,2607LAA001_B07,2607LAA001_B07_customer.ab1,/home/shane/Documents/work/projects/hogle_lab/experiments/duckweedSynCom/data/raw/sanger_sequencing/20250619_2607LAA000/2607LAA001_B07_customer.ab1,1568,44.1,58.0,0,0.0,0,1460,1460,46.9,0,0.0,True
20250619_2607LAA000,TL66,R,2607LAA001_B08,2607LAA001_B08_customer.ab1,/home/shane/Documents/work/projects/hogle_lab/experiments/duckweedSynCom/data/raw/sanger_sequencing/20250619_2607LAA000/2607LAA001_B08_customer.ab1,1629,12.6,10.0,0,0.0,723,1095,372,17.3,0,0.0,False
20250619_2607LAA000,HA79,R,2607LAA001_B09,2607LAA001_B09_customer.ab1,/home/shane/Documents/work/projects/hogle_lab/experiments/duckweedSynCom/data/raw/sanger_sequencing/20250619_2607LAA000/2607LAA001_B09_customer.ab1,1641,10.1,8.0,0,0.0,0,0,0,0.0,0,0.0,False
20250619_2607LAA000,SJ23,R,2607LAA001_B10,2607LAA001_B10_customer.ab1,/home/shane/Documents/work/projects/hogle_lab/experiments/duckweedSynCom/data/raw/sanger_sequencing/20250619_2607LAA000/2607LAA001_B10_customer.ab1,1557,44.4,58.0,0,0.0,13,1284,1271,52.9,0,0.0,True
20250619_2607LAA000,TL50,R,2607LAA001_C01,2607LAA001_C01_customer.ab1,/home/shane/Documents/work/projects/hogle_lab/experiments/duckweedSynCom/data/raw/sanger_sequencing/20250619_2607LAA000/2607LAA001_C01_customer.ab1,1492,45.8,58.0,0,0.0,5,1162,1157,56.2,0,0.0,True
20250619_2607LAA000,TL09,R,2607LAA001_C02,2607LAA001_C02_customer.ab1,/home/shane/Documents/work/projects/hogle_lab/experiments/duckweedSynCom/data/raw/sanger_sequencing/20250619_2607LAA000/2607LAA001_C02_customer.ab1,1529,40.8,51.0,0,0.0,5,1130,1125,51.8,0,0.0,True
20250619_2607LAA000,TL10,R,2607LAA001_C03,2607LAA001_C03_customer.ab1,/home/shane/Documents/work/projects/hogle_lab/experiments/duckweedSynCom/data/raw/sanger_sequencing/20250619_2607LAA000/2607LAA001_C03_customer.ab1,1587,43.9,58.0,0,0.0,4,1478,1474,46.7,0,0.0,True
20250619_2607LAA000,TL19,R,2607LAA001_C04,2607LAA001_C04_customer.ab1,/home/shane/Documents/work/projects/hogle_lab/experiments/duckweedSynCom/data/raw/sanger_sequencing/20250619_2607LAA000/2607LAA001_C04_customer.ab1,1610,44.3,58.0,0,0.0,4,1457,1453,48.4,0,0.0,True
20250619_2607LAA000,TL33,R,2607LAA001_C05,2607LAA001_C05_customer.ab1,/home/shane/Documents/work/projects/hogle_lab/experiments/duckweedSynCom/data/raw/sanger_sequencing/20250619_2607LAA000/2607LAA001_C05_customer.ab1,1672,42.6,58.0,0,0.0,4,1177,1173,56.3,0,0.0,True
20250619_2607LAA000,TL55,R,2607LAA001_C06,2607LAA001_C06_customer.ab1,/home/shane/Documents/work/projects/hogle_lab/experiments/duckweedSynCom/data/raw/sanger_sequencing/20250619_2607LAA000/2607LAA001_C06_customer.ab1,1622,39.0,51.0,0,0.0,6,1455,1449,43.2,0,0.0,True
20250619_2607LAA000,TL43,R,2607LAA001_C07,2607LAA001_C07_customer.ab1,/home/shane/Documents/work/projects/hogle_lab/experiments/duckweedSynCom/data/raw/sanger_sequencing/20250619_2607LAA000/2607LAA001_C07_customer.ab1,1661,23.9,20.0,0,0.0,24,1510,1486,25.9,0,0.0,True
20250619_2607LAA000,HA72,R,2607LAA001_C08,2607LAA001_C08_customer.ab1,/home/shane/Documents/work/projects/hogle_lab/experiments/duckweedSynCom/data/raw/sanger_sequencing/20250619_2607LAA000/2607LAA001_C08_customer.ab1,1621,30.1,30.0,0,0.0,50,1232,1182,38.5,0,0.0,True
20250619_2607LAA000,HA80,R,2607LAA001_C09,2607LAA001_C09_customer.ab1,/home/shane/Documents/work/projects/hogle_lab/experiments/duckweedSynCom/data/raw/sanger_sequencing/20250619_2607LAA000/2607LAA001_C09_customer.ab1,1574,43.5,58.0,0,0.0,1,1187,1186,54.8,0,0.0,True
20250619_2607LAA000,TL36,R,2607LAA001_C10,2607LAA001_C10_customer.ab1,/home/shane/Documents/work/projects/hogle_lab/experiments/duckweedSynCom/data/raw/sanger_sequencing/20250619_2607LAA000/2607LAA001_C10_customer.ab1,1036,20.5,18.0,0,0.0,90,944,854,22.3,0,0.0,True
20250619_2607LAA000,TL22,R,2607LAA001_D01,2607LAA001_D01_customer.ab1,/home/shane/Documents/work/projects/hogle_lab/experiments/duckweedSynCom/data/raw/sanger_sequencing/20250619_2607LAA000/2607LAA001_D01_customer.ab1,1464,45.2,58.0,0,0.0,3,1132,1129,55.9,0,0.0,True
20250619_2607LAA000,TL17,R,2607LAA001_D02,2607LAA001_D02_customer.ab1,/home/shane/Documents/work/projects/hogle_lab/experiments/duckweedSynCom/data/raw/sanger_sequencing/20250619_2607LAA000/2607LAA001_D02_customer.ab1,1262,12.6,11.0,0,0.0,0,0,0,0.0,0,0.0,False
20250619_2607LAA000,TL18,R,2607LAA001_D03,2607LAA001_D03_customer.ab1,/home/shane/Documents/work/projects/hogle_lab/experiments/duckweedSynCom/data/raw/sanger_sequencing/20250619_2607LAA000/2607LAA001_D03_customer.ab1,1623,41.6,58.0,0,0.0,0,1480,1480,45.3,0,0.0,True
20250619_2607LAA000,TL25,R,2607LAA001_D04,2607LAA001_D04_customer.ab1,/home/shane/Documents/work/projects/hogle_lab/experiments/duckweedSynCom/data/raw/sanger_sequencing/20250619_2607LAA000/2607LAA001_D04_customer.ab1,1630,43.8,58.0,0,0.0,7,1301,1294,53.0,0,0.0,True
20250619_2607LAA000,TL40,R,2607LAA001_D05,2607LAA001_D05_customer.ab1,/home/shane/Documents/work/projects/hogle_lab/experiments/duckweedSynCom/data/raw/sanger_sequencing/20250619_2607LAA000/2607LAA001_D05_customer.ab1,1286,19.4,13.0,0,0.0,12,861,849,24.5,0,0.0,True
20250619_2607LAA000,TL63,R,2607LAA001_D06,2607LAA001_D06_customer.ab1,/home/shane/Documents/work/projects/hogle_lab/experiments/duckweedSynCom/data/raw/sanger_sequencing/20250619_2607LAA000/2607LAA001_D06_customer.ab1,1571,42.3,58.0,0,0.0,1,1434,1433,46.0,0,0.0,True
20250619_2607LAA000,TL49,R,2607LAA001_D07,2607LAA001_D07_customer.ab1,/home/shane/Documents/work/projects/hogle_lab/experiments/duckweedSynCom/data/raw/sanger_sequencing/20250619_2607LAA000/2607LAA001_D07_customer.ab1,1551,41.4,57.0,0,0.0,3,1416,1413,44.8,0,0.0,True
20250619_2607LAA000,HA73,R,2607LAA001_D08,2607LAA001_D08_customer.ab1,/home/shane/Documents/work/projects/hogle_lab/experiments/duckweedSynCom/data/raw/sanger_sequencing/20250619_2607LAA000/2607LAA001_D08_customer.ab1,1028,13.5,12.0,0,0.0,0,0,0,0.0,0,0.0,False
20250619_2607LAA000,HA81,R,2607LAA001_D09,2607LAA001_D09_customer.ab1,/home/shane/Documents/work/projects/hogle_lab/experiments/duckweedSynCom/data/raw/sanger_sequencing/20250619_2607LAA000/2607LAA001_D09_customer.ab1,1610,44.1,58.0,0,0.0,11,1290,1279,53.7,0,0.0,True
20250619_2607LAA000,TL30,R,2607LAA001_E01,2607LAA001_E01_customer.ab1,/home/shane/Documents/work/projects/hogle_lab/experiments/duckweedSynCom/data/raw/sanger_sequencing/20250619_2607LAA000/2607LAA001_E01_customer.ab1,1465,46.1,58.0,0,0.0,5,1166,1161,55.8,0,0.0,True
20250619_2607LAA000,TL23,R,2607LAA001_E02,2607LAA001_E02_customer.ab1,/home/shane/Documents/work/projects/hogle_lab/experiments/duckweedSynCom/data/raw/sanger_sequencing/20250619_2607LAA000/2607LAA001_E02_customer.ab1,1555,42.7,58.0,0,0.0,7,1438,1431,45.9,0,0.0,True
20250619_2607LAA000,TL24,R,2607LAA001_E03,2607LAA001_E03_customer.ab1,/home/shane/Documents/work/projects/hogle_lab/experiments/duckweedSynCom/data/raw/sanger_sequencing/20250619_2607LAA000/2607LAA001_E03_customer.ab1,1585,43.9,58.0,0,0.0,2,1430,1428,48.0,0,0.0,True
20250619_2607LAA000,TL39,R,2607LAA001_E04,2607LAA001_E04_customer.ab1,/home/shane/Documents/work/projects/hogle_lab/experiments/duckweedSynCom/data/raw/sanger_sequencing/20250619_2607LAA000/2607LAA001_E04_customer.ab1,1682,41.0,58.0,0,0.0,3,1468,1465,46.1,0,0.0,True
20250619_2607LAA000,TL48,R,2607LAA001_E05,2607LAA001_E05_customer.ab1,/home/shane/Documents/work/projects/hogle_lab/experiments/duckweedSynCom/data/raw/sanger_sequencing/20250619_2607LAA000/2607LAA001_E05_customer.ab1,1187,13.6,12.0,0,0.0,134,288,154,17.9,0,0.0,False
20250619_2607LAA000,TL42,R,2607LAA001_E06,2607LAA001_E06_customer.ab1,/home/shane/Documents/work/projects/hogle_lab/experiments/duckweedSynCom/data/raw/sanger_sequencing/20250619_2607LAA000/2607LAA001_E06_customer.ab1,1591,43.5,58.0,0,0.0,3,1436,1433,47.6,0,0.0,True
20250619_2607LAA000,TL65,R,2607LAA001_E07,2607LAA001_E07_customer.ab1,/home/shane/Documents/work/projects/hogle_lab/experiments/duckweedSynCom/data/raw/sanger_sequencing/20250619_2607LAA000/2607LAA001_E07_customer.ab1,1607,42.2,58.0,0,0.0,3,1444,1441,46.7,0,0.0,True
20250619_2607LAA000,HA74,R,2607LAA001_E08,2607LAA001_E08_customer.ab1,/home/shane/Documents/work/projects/hogle_lab/experiments/duckweedSynCom/data/raw/sanger_sequencing/20250619_2607LAA000/2607LAA001_E08_customer.ab1,1150,12.6,11.0,0,0.0,0,0,0,0.0,0,0.0,False
20250619_2607LAA000,HA82,R,2607LAA001_E09,2607LAA001_E09_customer.ab1,/home/shane/Documents/work/projects/hogle_lab/experiments/duckweedSynCom/data/raw/sanger_sequencing/20250619_2607LAA000/2607LAA001_E09_customer.ab1,1622,44.1,58.0,0,0.0,6,1249,1243,55.0,0,0.0,True
20250619_2607LAA000,TL08,R,2607LAA001_F01,2607LAA001_F01_customer.ab1,/home/shane/Documents/work/projects/hogle_lab/experiments/duckweedSynCom/data/raw/sanger_sequencing/20250619_2607LAA000/2607LAA001_F01_customer.ab1,1291,31.4,27.0,0,0.0,11,1009,998,38.0,0,0.0,True
20250619_2607LAA000,TL31,R,2607LAA001_F02,2607LAA001_F02_customer.ab1,/home/shane/Documents/work/projects/hogle_lab/experiments/duckweedSynCom/data/raw/sanger_sequencing/20250619_2607LAA000/2607LAA001_F02_customer.ab1,1537,44.8,58.0,0,0.0,4,1443,1439,47.4,0,0.0,True
20250619_2607LAA000,TL32,R,2607LAA001_F03,2607LAA001_F03_customer.ab1,/home/shane/Documents/work/projects/hogle_lab/experiments/duckweedSynCom/data/raw/sanger_sequencing/20250619_2607LAA000/2607LAA001_F03_customer.ab1,1619,43.3,58.0,0,0.0,5,1468,1463,47.3,0,0.0,True
20250619_2607LAA000,TL47,R,2607LAA001_F04,2607LAA001_F04_customer.ab1,/home/shane/Documents/work/projects/hogle_lab/experiments/duckweedSynCom/data/raw/sanger_sequencing/20250619_2607LAA000/2607LAA001_F04_customer.ab1,1679,42.3,58.0,0,0.0,5,1428,1423,48.5,0,0.0,True
20250619_2607LAA000,TL54,R,2607LAA001_F05,2607LAA001_F05_customer.ab1,/home/shane/Documents/work/projects/hogle_lab/experiments/duckweedSynCom/data/raw/sanger_sequencing/20250619_2607LAA000/2607LAA001_F05_customer.ab1,1578,44.2,58.0,0,0.0,4,1177,1173,55.8,0,0.0,True
20250619_2607LAA000,TL56,R,2607LAA001_F06,2607LAA001_F06_customer.ab1,/home/shane/Documents/work/projects/hogle_lab/experiments/duckweedSynCom/data/raw/sanger_sequencing/20250619_2607LAA000/2607LAA001_F06_customer.ab1,1564,42.1,58.0,0,0.0,0,1419,1419,45.8,0,0.0,True
20250619_2607LAA000,TL15,R,2607LAA001_F07,2607LAA001_F07_customer.ab1,/home/shane/Documents/work/projects/hogle_lab/experiments/duckweedSynCom/data/raw/sanger_sequencing/20250619_2607LAA000/2607LAA001_F07_customer.ab1,1263,12.4,11.0,0,0.0,0,0,0,0.0,0,0.0,False
20250619_2607LAA000,HA75,R,2607LAA001_F08,2607LAA001_F08_customer.ab1,/home/shane/Documents/work/projects/hogle_lab/experiments/duckweedSynCom/data/raw/sanger_sequencing/20250619_2607LAA000/2607LAA001_F08_customer.ab1,1134,12.4,11.0,0,0.0,0,0,0,0.0,0,0.0,False
20250619_2607LAA000,SJ19,R,2607LAA001_F09,2607LAA001_F09_customer.ab1,/home/shane/Documents/work/projects/hogle_lab/experiments/duckweedSynCom/data/raw/sanger_sequencing/20250619_2607LAA000/2607LAA001_F09_customer.ab1,1707,10.0,8.0,0,0.0,0,0,0,0.0,0,0.0,False
20250619_2607LAA000,TL37,R,2607LAA001_G01,2607LAA001_G01_customer.ab1,/home/shane/Documents/work/projects/hogle_lab/experiments/duckweedSynCom/data/raw/sanger_sequencing/20250619_2607LAA000/2607LAA001_G01_customer.ab1,1454,46.8,58.0,0,0.0,4,1178,1174,55.7,0,0.0,True
20250619_2607LAA000,TL38,R,2607LAA001_G02,2607LAA001_G02_customer.ab1,/home/shane/Documents/work/projects/hogle_lab/experiments/duckweedSynCom/data/raw/sanger_sequencing/20250619_2607LAA000/2607LAA001_G02_customer.ab1,1508,43.3,58.0,0,0.0,0,1131,1131,54.8,0,0.0,True
20250619_2607LAA000,TL46,R,2607LAA001_G03,2607LAA001_G03_customer.ab1,/home/shane/Documents/work/projects/hogle_lab/experiments/duckweedSynCom/data/raw/sanger_sequencing/20250619_2607LAA000/2607LAA001_G03_customer.ab1,1548,45.8,58.0,0,0.0,8,1451,1443,48.6,0,0.0,True
20250619_2607LAA000,TL61,R,2607LAA001_G04,2607LAA001_G04_customer.ab1,/home/shane/Documents/work/projects/hogle_lab/experiments/duckweedSynCom/data/raw/sanger_sequencing/20250619_2607LAA000/2607LAA001_G04_customer.ab1,1548,42.4,58.0,0,0.0,5,1436,1431,45.3,0,0.0,True
20250619_2607LAA000,TL62,R,2607LAA001_G05,2607LAA001_G05_customer.ab1,/home/shane/Documents/work/projects/hogle_lab/experiments/duckweedSynCom/data/raw/sanger_sequencing/20250619_2607LAA000/2607LAA001_G05_customer.ab1,1579,44.4,58.0,0,0.0,3,1478,1475,47.1,0,0.0,True
20250619_2607LAA000,TL64,R,2607LAA001_G06,2607LAA001_G06_customer.ab1,/home/shane/Documents/work/projects/hogle_lab/experiments/duckweedSynCom/data/raw/sanger_sequencing/20250619_2607LAA000/2607LAA001_G06_customer.ab1,1548,42.3,58.0,0,0.0,16,1466,1450,44.8,0,0.0,True
20250619_2607LAA000,TL21,R,2607LAA001_G07,2607LAA001_G07_customer.ab1,/home/shane/Documents/work/projects/hogle_lab/experiments/duckweedSynCom/data/raw/sanger_sequencing/20250619_2607LAA000/2607LAA001_G07_customer.ab1,1539,45.4,58.0,0,0.0,3,1454,1451,47.8,0,0.0,True
20250619_2607LAA000,HA76,R,2607LAA001_G08,2607LAA001_G08_customer.ab1,/home/shane/Documents/work/projects/hogle_lab/experiments/duckweedSynCom/data/raw/sanger_sequencing/20250619_2607LAA000/2607LAA001_G08_customer.ab1,1208,13.8,12.0,0,0.0,464,793,329,18.7,0,0.0,False
20250619_2607LAA000,SJ20,R,2607LAA001_G09,2607LAA001_G09_customer.ab1,/home/shane/Documents/work/projects/hogle_lab/experiments/duckweedSynCom/data/raw/sanger_sequencing/20250619_2607LAA000/2607LAA001_G09_customer.ab1,1504,45.2,58.0,0,0.0,1,1472,1471,46.1,0,0.0,True
20250619_2607LAA000,TL44,R,2607LAA001_H01,2607LAA001_H01_customer.ab1,/home/shane/Documents/work/projects/hogle_lab/experiments/duckweedSynCom/data/raw/sanger_sequencing/20250619_2607LAA000/2607LAA001_H01_customer.ab1,1380,49.8,58.0,0,0.0,11,1286,1275,52.9,0,0.0,True
20250619_2607LAA000,TL45,R,2607LAA001_H02,2607LAA001_H02_customer.ab1,/home/shane/Documents/work/projects/hogle_lab/experiments/duckweedSynCom/data/raw/sanger_sequencing/20250619_2607LAA000/2607LAA001_H02_customer.ab1,1445,46.9,58.0,0,0.0,5,1151,1146,56.4,0,0.0,True
20250619_2607LAA000,TL53,R,2607LAA001_H03,2607LAA001_H03_customer.ab1,/home/shane/Documents/work/projects/hogle_lab/experiments/duckweedSynCom/data/raw/sanger_sequencing/20250619_2607LAA000/2607LAA001_H03_customer.ab1,1524,44.6,58.0,0,0.0,4,1146,1142,55.9,0,0.0,True
20250619_2607LAA000,TL12,R,2607LAA001_H04,2607LAA001_H04_customer.ab1,/home/shane/Documents/work/projects/hogle_lab/experiments/duckweedSynCom/data/raw/sanger_sequencing/20250619_2607LAA000/2607LAA001_H04_customer.ab1,1502,46.9,58.0,0,0.0,4,1298,1294,53.1,0,0.0,True
20250619_2607LAA000,TL13,R,2607LAA001_H05,2607LAA001_H05_customer.ab1,/home/shane/Documents/work/projects/hogle_lab/experiments/duckweedSynCom/data/raw/sanger_sequencing/20250619_2607LAA000/2607LAA001_H05_customer.ab1,1516,43.3,58.0,0,0.0,1,1123,1122,55.4,0,0.0,True
20250619_2607LAA000,TL14,R,2607LAA001_H06,2607LAA001_H06_customer.ab1,/home/shane/Documents/work/projects/hogle_lab/experiments/duckweedSynCom/data/raw/sanger_sequencing/20250619_2607LAA000/2607LAA001_H06_customer.ab1,1482,45.2,58.0,0,0.0,6,1204,1198,53.6,0,0.0,True
20250619_2607LAA000,TL28,R,2607LAA001_H07,2607LAA001_H07_customer.ab1,/home/shane/Documents/work/projects/hogle_lab/experiments/duckweedSynCom/data/raw/sanger_sequencing/20250619_2607LAA000/2607LAA001_H07_customer.ab1,1292,19.1,16.0,0,0.0,34,980,946,23.0,0,0.0,True
20250619_2607LAA000,HA77,R,2607LAA001_H08,2607LAA001_H08_customer.ab1,/home/shane/Documents/work/projects/hogle_lab/experiments/duckweedSynCom/data/raw/sanger_sequencing/20250619_2607LAA000/2607LAA001_H08_customer.ab1,1179,12.0,11.0,0,0.0,0,0,0,0.0,0,0.0,False
20250619_2607LAA000,SJ21,R,2607LAA001_H09,2607LAA001_H09_customer.ab1,/home/shane/Documents/work/projects/hogle_lab/experiments/duckweedSynCom/data/raw/sanger_sequencing/20250619_2607LAA000/2607LAA001_H09_customer.ab1,1672,10.6,8.0,0,0.0,0,0,0,0.0,0,0.0,False
20250905_2657LAA000,HA09,F,2657LAA000_A01,2657LAA000_A01_customer.ab1,/home/shane/Documents/work/projects/hogle_lab/experiments/duckweedSynCom/data/raw/sanger_sequencing/20250905_2657LAA000/2657LAA000_A01_customer.ab1,1010,14.5,13.0,0,0.0,243,472,229,17.7,0,0.0,False
20250905_2657LAA000,HA21,F,2657LAA000_A02,2657LAA000_A02_customer.ab1,/home/shane/Documents/work/projects/hogle_lab/experiments/duckweedSynCom/data/raw/sanger_sequencing/20250905_2657LAA000/2657LAA000_A02_customer.ab1,1600,44.0,58.0,0,0.0,12,1455,1443,48.1,0,0.0,True
20250905_2657LAA000,TL21,F,2657LAA000_A03,2657LAA000_A03_customer.ab1,/home/shane/Documents/work/projects/hogle_lab/experiments/duckweedSynCom/data/raw/sanger_sequencing/20250905_2657LAA000/2657LAA000_A03_customer.ab1,1617,42.4,58.0,0,0.0,12,1449,1437,46.8,0,0.0,True
20250905_2657LAA000,HA69_pink,F,2657LAA000_A04,2657LAA000_A04_customer.ab1,/home/shane/Documents/work/projects/hogle_lab/experiments/duckweedSynCom/data/raw/sanger_sequencing/20250905_2657LAA000/2657LAA000_A04_customer.ab1,1243,12.1,11.0,0,0.0,0,0,0,0.0,0,0.0,False
20250905_2657LAA000,HA18,F,2657LAA000_A05,2657LAA000_A05_customer.ab1,/home/shane/Documents/work/projects/hogle_lab/experiments/duckweedSynCom/data/raw/sanger_sequencing/20250905_2657LAA000/2657LAA000_A05_customer.ab1,1541,37.7,51.0,0,0.0,5,1179,1174,47.3,0,0.0,True
20250905_2657LAA000,SJ07,F,2657LAA000_A06,2657LAA000_A06_customer.ab1,/home/shane/Documents/work/projects/hogle_lab/experiments/duckweedSynCom/data/raw/sanger_sequencing/20250905_2657LAA000/2657LAA000_A06_customer.ab1,1584,42.1,51.0,0,0.0,18,1272,1254,51.4,0,0.0,True
20250905_2657LAA000,HA09,R,2657LAA000_A07,2657LAA000_A07_customer.ab1,/home/shane/Documents/work/projects/hogle_lab/experiments/duckweedSynCom/data/raw/sanger_sequencing/20250905_2657LAA000/2657LAA000_A07_customer.ab1,1751,9.9,8.0,0,0.0,0,0,0,0.0,0,0.0,False
20250905_2657LAA000,HA21,R,2657LAA000_A08,2657LAA000_A08_customer.ab1,/home/shane/Documents/work/projects/hogle_lab/experiments/duckweedSynCom/data/raw/sanger_sequencing/20250905_2657LAA000/2657LAA000_A08_customer.ab1,1716,9.9,8.0,0,0.0,0,0,0,0.0,0,0.0,False
20250905_2657LAA000,TL21,R,2657LAA000_A09,2657LAA000_A09_customer.ab1,/home/shane/Documents/work/projects/hogle_lab/experiments/duckweedSynCom/data/raw/sanger_sequencing/20250905_2657LAA000/2657LAA000_A09_customer.ab1,1645,38.1,51.0,0,0.0,30,1327,1297,47.1,0,0.0,True
20250905_2657LAA000,HA69_pink,R,2657LAA000_A10,2657LAA000_A10_customer.ab1,/home/shane/Documents/work/projects/hogle_lab/experiments/duckweedSynCom/data/raw/sanger_sequencing/20250905_2657LAA000/2657LAA000_A10_customer.ab1,1734,10.3,8.0,0,0.0,166,434,268,14.7,0,0.0,False
20250905_2657LAA000,HA18,R,2657LAA000_A11,2657LAA000_A11_customer.ab1,/home/shane/Documents/work/projects/hogle_lab/experiments/duckweedSynCom/data/raw/sanger_sequencing/20250905_2657LAA000/2657LAA000_A11_customer.ab1,1579,38.2,51.0,0,0.0,6,1145,1139,50.3,0,0.0,True
20250905_2657LAA000,SJ07,R,2657LAA000_A12,2657LAA000_A12_customer.ab1,/home/shane/Documents/work/projects/hogle_lab/experiments/duckweedSynCom/data/raw/sanger_sequencing/20250905_2657LAA000/2657LAA000_A12_customer.ab1,1628,16.6,13.0,0,0.0,30,727,697,25.5,0,0.0,True
20250905_2657LAA000,HA19,F,2657LAA000_B01,2657LAA000_B01_customer.ab1,/home/shane/Documents/work/projects/hogle_lab/experiments/duckweedSynCom/data/raw/sanger_sequencing/20250905_2657LAA000/2657LAA000_B01_customer.ab1,1655,11.8,9.0,0,0.0,305,778,473,16.8,0,0.0,False
20250905_2657LAA000,HA38,F,2657LAA000_B02,2657LAA000_B02_customer.ab1,/home/shane/Documents/work/projects/hogle_lab/experiments/duckweedSynCom/data/raw/sanger_sequencing/20250905_2657LAA000/2657LAA000_B02_customer.ab1,1617,39.0,51.0,0,0.0,13,1202,1189,50.4,0,0.0,True
20250905_2657LAA000,TL40,F,2657LAA000_B03,2657LAA000_B03_customer.ab1,/home/shane/Documents/work/projects/hogle_lab/experiments/duckweedSynCom/data/raw/sanger_sequencing/20250905_2657LAA000/2657LAA000_B03_customer.ab1,1758,11.0,8.5,0,0.0,728,882,154,16.6,0,0.0,False
20250905_2657LAA000,HA69_yellow,F,2657LAA000_B04,2657LAA000_B04_customer.ab1,/home/shane/Documents/work/projects/hogle_lab/experiments/duckweedSynCom/data/raw/sanger_sequencing/20250905_2657LAA000/2657LAA000_B04_customer.ab1,1220,11.5,11.0,0,0.0,0,0,0,0.0,0,0.0,False
20250905_2657LAA000,HA25,F,2657LAA000_B05,2657LAA000_B05_customer.ab1,/home/shane/Documents/work/projects/hogle_lab/experiments/duckweedSynCom/data/raw/sanger_sequencing/20250905_2657LAA000/2657LAA000_B05_customer.ab1,1603,35.4,40.0,0,0.0,37,1269,1232,44.1,0,0.0,True
20250905_2657LAA000,SJ14,F,2657LAA000_B06,2657LAA000_B06_customer.ab1,/home/shane/Documents/work/projects/hogle_lab/experiments/duckweedSynCom/data/raw/sanger_sequencing/20250905_2657LAA000/2657LAA000_B06_customer.ab1,1239,19.5,17.0,0,0.0,80,948,868,22.7,0,0.0,True
20250905_2657LAA000,HA19,R,2657LAA000_B07,2657LAA000_B07_customer.ab1,/home/shane/Documents/work/projects/hogle_lab/experiments/duckweedSynCom/data/raw/sanger_sequencing/20250905_2657LAA000/2657LAA000_B07_customer.ab1,1705,11.3,9.0,0,0.0,0,0,0,0.0,0,0.0,False
20250905_2657LAA000,HA38,R,2657LAA000_B08,2657LAA000_B08_customer.ab1,/home/shane/Documents/work/projects/hogle_lab/experiments/duckweedSynCom/data/raw/sanger_sequencing/20250905_2657LAA000/2657LAA000_B08_customer.ab1,1722,10.8,8.0,0,0.0,344,477,133,16.9,0,0.0,False
20250905_2657LAA000,TL40,R,2657LAA000_B09,2657LAA000_B09_customer.ab1,/home/shane/Documents/work/projects/hogle_lab/experiments/duckweedSynCom/data/raw/sanger_sequencing/20250905_2657LAA000/2657LAA000_B09_customer.ab1,1707,9.1,8.0,0,0.0,0,0,0,0.0,0,0.0,False
20250905_2657LAA000,HA69_yellow,R,2657LAA000_B10,2657LAA000_B10_customer.ab1,/home/shane/Documents/work/projects/hogle_lab/experiments/duckweedSynCom/data/raw/sanger_sequencing/20250905_2657LAA000/2657LAA000_B10_customer.ab1,1755,9.3,8.0,0,0.0,0,0,0,0.0,0,0.0,False
20250905_2657LAA000,HA25,R,2657LAA000_B11,2657LAA000_B11_customer.ab1,/home/shane/Documents/work/projects/hogle_lab/experiments/duckweedSynCom/data/raw/sanger_sequencing/20250905_2657LAA000/2657LAA000_B11_customer.ab1,1058,22.9,22.0,0,0.0,34,968,934,24.3,0,0.0,True
20250905_2657LAA000,SJ14,R,2657LAA000_B12,2657LAA000_B12_customer.ab1,/home/shane/Documents/work/projects/hogle_lab/experiments/duckweedSynCom/data/raw/sanger_sequencing/20250905_2657LAA000/2657LAA000_B12_customer.ab1,1088,24.6,23.0,0,0.0,27,799,772,30.3,0,0.0,True
20250905_2657LAA000,HA31,F,2657LAA000_C01,2657LAA000_C01_customer.ab1,/home/shane/Documents/work/projects/hogle_lab/experiments/duckweedSynCom/data/raw/sanger_sequencing/20250905_2657LAA000/2657LAA000_C01_customer.ab1,1056,15.0,13.0,0,0.0,245,601,356,18.8,0,0.0,False
20250905_2657LAA000,HA49,F,2657LAA000_C02,2657LAA000_C02_customer.ab1,/home/shane/Documents/work/projects/hogle_lab/experiments/duckweedSynCom/data/raw/sanger_sequencing/20250905_2657LAA000/2657LAA000_C02_customer.ab1,1598,26.3,25.0,0,0.0,56,1249,1193,33.1,0,0.0,True
20250905_2657LAA000,TL43,F,2657LAA000_C03,2657LAA000_C03_customer.ab1,/home/shane/Documents/work/projects/hogle_lab/experiments/duckweedSynCom/data/raw/sanger_sequencing/20250905_2657LAA000/2657LAA000_C03_customer.ab1,859,14.8,13.0,0,0.0,294,855,561,16.3,0,0.0,False
20250905_2657LAA000,HA01,F,2657LAA000_C04,2657LAA000_C04_customer.ab1,/home/shane/Documents/work/projects/hogle_lab/experiments/duckweedSynCom/data/raw/sanger_sequencing/20250905_2657LAA000/2657LAA000_C04_customer.ab1,1234,17.5,15.0,0,0.0,166,824,658,22.7,0,0.0,True
20250905_2657LAA000,HA32,F,2657LAA000_C05,2657LAA000_C05_customer.ab1,/home/shane/Documents/work/projects/hogle_lab/experiments/duckweedSynCom/data/raw/sanger_sequencing/20250905_2657LAA000/2657LAA000_C05_customer.ab1,1177,11.6,10.0,0,0.0,14,649,635,14.0,0,0.0,False
20250905_2657LAA000,SJ17,F,2657LAA000_C06,2657LAA000_C06_customer.ab1,/home/shane/Documents/work/projects/hogle_lab/experiments/duckweedSynCom/data/raw/sanger_sequencing/20250905_2657LAA000/2657LAA000_C06_customer.ab1,1603,42.2,58.0,0,0.0,3,1425,1422,47.1,0,0.0,True
20250905_2657LAA000,HA31,R,2657LAA000_C07,2657LAA000_C07_customer.ab1,/home/shane/Documents/work/projects/hogle_lab/experiments/duckweedSynCom/data/raw/sanger_sequencing/20250905_2657LAA000/2657LAA000_C07_customer.ab1,1620,35.2,41.0,0,0.0,28,1322,1294,42.9,0,0.0,True
20250905_2657LAA000,HA49,R,2657LAA000_C08,2657LAA000_C08_customer.ab1,/home/shane/Documents/work/projects/hogle_lab/experiments/duckweedSynCom/data/raw/sanger_sequencing/20250905_2657LAA000/2657LAA000_C08_customer.ab1,1736,9.6,8.0,0,0.0,0,0,0,0.0,0,0.0,False
20250905_2657LAA000,TL43,R,2657LAA000_C09,2657LAA000_C09_customer.ab1,/home/shane/Documents/work/projects/hogle_lab/experiments/duckweedSynCom/data/raw/sanger_sequencing/20250905_2657LAA000/2657LAA000_C09_customer.ab1,1357,13.8,12.0,0,0.0,72,466,394,20.5,0,0.0,True
20250905_2657LAA000,HA01,R,2657LAA000_C10,2657LAA000_C10_customer.ab1,/home/shane/Documents/work/projects/hogle_lab/experiments/duckweedSynCom/data/raw/sanger_sequencing/20250905_2657LAA000/2657LAA000_C10_customer.ab1,1676,10.2,9.0,0,0.0,0,0,0,0.0,0,0.0,False
20250905_2657LAA000,HA32,R,2657LAA000_C11,2657LAA000_C11_customer.ab1,/home/shane/Documents/work/projects/hogle_lab/experiments/duckweedSynCom/data/raw/sanger_sequencing/20250905_2657LAA000/2657LAA000_C11_customer.ab1,1228,14.3,13.0,0,0.0,57,894,837,16.5,0,0.0,False
20250905_2657LAA000,SJ17,R,2657LAA000_C12,2657LAA000_C12_customer.ab1,/home/shane/Documents/work/projects/hogle_lab/experiments/duckweedSynCom/data/raw/sanger_sequencing/20250905_2657LAA000/2657LAA000_C12_customer.ab1,1524,44.6,58.0,0,0.0,0,1446,1446,46.7,0,0.0,True
20250905_2657LAA000,HA54,F,2657LAA000_D01,2657LAA000_D01_customer.ab1,/home/shane/Documents/work/projects/hogle_lab/experiments/duckweedSynCom/data/raw/sanger_sequencing/20250905_2657LAA000/2657LAA000_D01_customer.ab1,1018,23.0,22.0,0,0.0,51,864,813,25.5,0,0.0,True
20250905_2657LAA000,HA58,F,2657LAA000_D02,2657LAA000_D02_customer.ab1,/home/shane/Documents/work/projects/hogle_lab/experiments/duckweedSynCom/data/raw/sanger_sequencing/20250905_2657LAA000/2657LAA000_D02_customer.ab1,1688,11.3,8.0,0,0.0,545,695,150,17.7,0,0.0,False
20250905_2657LAA000,TL48,F,2657LAA000_D03,2657LAA000_D03_customer.ab1,/home/shane/Documents/work/projects/hogle_lab/experiments/duckweedSynCom/data/raw/sanger_sequencing/20250905_2657LAA000/2657LAA000_D03_customer.ab1,1161,19.3,17.0,0,0.0,103,895,792,23.2,0,0.0,True
20250905_2657LAA000,HA03,F,2657LAA000_D04,2657LAA000_D04_customer.ab1,/home/shane/Documents/work/projects/hogle_lab/experiments/duckweedSynCom/data/raw/sanger_sequencing/20250905_2657LAA000/2657LAA000_D04_customer.ab1,1769,40.2,58.0,0,0.0,11,1271,1260,53.3,0,0.0,True
20250905_2657LAA000,HA42,F,2657LAA000_D05,2657LAA000_D05_customer.ab1,/home/shane/Documents/work/projects/hogle_lab/experiments/duckweedSynCom/data/raw/sanger_sequencing/20250905_2657LAA000/2657LAA000_D05_customer.ab1,1684,37.9,51.0,0,0.0,35,1261,1226,49.4,0,0.0,True
20250905_2657LAA000,TL01,F,2657LAA000_D06,2657LAA000_D06_customer.ab1,/home/shane/Documents/work/projects/hogle_lab/experiments/duckweedSynCom/data/raw/sanger_sequencing/20250905_2657LAA000/2657LAA000_D06_customer.ab1,1677,42.6,58.0,0,0.0,10,1444,1434,48.8,0,0.0,True
20250905_2657LAA000,HA54,R,2657LAA000_D07,2657LAA000_D07_customer.ab1,/home/shane/Documents/work/projects/hogle_lab/experiments/duckweedSynCom/data/raw/sanger_sequencing/20250905_2657LAA000/2657LAA000_D07_customer.ab1,1743,12.6,10.0,0,0.0,187,1075,888,17.0,0,0.0,False
20250905_2657LAA000,HA58,R,2657LAA000_D08,2657LAA000_D08_customer.ab1,/home/shane/Documents/work/projects/hogle_lab/experiments/duckweedSynCom/data/raw/sanger_sequencing/20250905_2657LAA000/2657LAA000_D08_customer.ab1,1313,11.2,10.0,0,0.0,0,0,0,0.0,0,0.0,False
20250905_2657LAA000,TL48,R,2657LAA000_D09,2657LAA000_D09_customer.ab1,/home/shane/Documents/work/projects/hogle_lab/experiments/duckweedSynCom/data/raw/sanger_sequencing/20250905_2657LAA000/2657LAA000_D09_customer.ab1,1021,17.2,16.0,0,0.0,184,779,595,18.8,0,0.0,False
20250905_2657LAA000,HA03,R,2657LAA000_D10,2657LAA000_D10_customer.ab1,/home/shane/Documents/work/projects/hogle_lab/experiments/duckweedSynCom/data/raw/sanger_sequencing/20250905_2657LAA000/2657LAA000_D10_customer.ab1,1572,11.0,9.0,0,0.0,0,0,0,0.0,0,0.0,False
20250905_2657LAA000,HA42,R,2657LAA000_D11,2657LAA000_D11_customer.ab1,/home/shane/Documents/work/projects/hogle_lab/experiments/duckweedSynCom/data/raw/sanger_sequencing/20250905_2657LAA000/2657LAA000_D11_customer.ab1,1763,11.6,9.0,0,0.0,43,457,414,20.0,0,0.0,True
20250905_2657LAA000,TL01,R,2657LAA000_D12,2657LAA000_D12_customer.ab1,/home/shane/Documents/work/projects/hogle_lab/experiments/duckweedSynCom/data/raw/sanger_sequencing/20250905_2657LAA000/2657LAA000_D12_customer.ab1,1489,47.2,58.0,0,0.0,11,1253,1242,54.5,0,0.0,True
20250905_2657LAA000,HA78,F,2657LAA000_E01,2657LAA000_E01_customer.ab1,/home/shane/Documents/work/projects/hogle_lab/experiments/duckweedSynCom/data/raw/sanger_sequencing/20250905_2657LAA000/2657LAA000_E01_customer.ab1,1125,14.2,12.0,0,0.0,354,613,259,17.3,0,0.0,False
20250905_2657LAA000,HA60,F,2657LAA000_E02,2657LAA000_E02_customer.ab1,/home/shane/Documents/work/projects/hogle_lab/experiments/duckweedSynCom/data/raw/sanger_sequencing/20250905_2657LAA000/2657LAA000_E02_customer.ab1,1295,14.7,13.0,0,0.0,94,804,710,17.0,0,0.0,False
20250905_2657LAA000,TL49,F,2657LAA000_E03,2657LAA000_E03_customer.ab1,/home/shane/Documents/work/projects/hogle_lab/experiments/duckweedSynCom/data/raw/sanger_sequencing/20250905_2657LAA000/2657LAA000_E03_customer.ab1,1610,40.4,58.0,0,0.0,4,1441,1437,44.8,0,0.0,True
20250905_2657LAA000,HA08,F,2657LAA000_E04,2657LAA000_E04_customer.ab1,/home/shane/Documents/work/projects/hogle_lab/experiments/duckweedSynCom/data/raw/sanger_sequencing/20250905_2657LAA000/2657LAA000_E04_customer.ab1,1168,21.4,19.0,0,0.0,125,887,762,26.4,0,0.0,True
20250905_2657LAA000,HA44,F,2657LAA000_E05,2657LAA000_E05_customer.ab1,/home/shane/Documents/work/projects/hogle_lab/experiments/duckweedSynCom/data/raw/sanger_sequencing/20250905_2657LAA000/2657LAA000_E05_customer.ab1,1280,16.4,14.5,0,0.0,202,961,759,19.7,0,0.0,False
20250905_2657LAA000,TL03,F,2657LAA000_E06,2657LAA000_E06_customer.ab1,/home/shane/Documents/work/projects/hogle_lab/experiments/duckweedSynCom/data/raw/sanger_sequencing/20250905_2657LAA000/2657LAA000_E06_customer.ab1,1645,42.0,58.0,0,0.0,7,1425,1418,47.6,0,0.0,True
20250905_2657LAA000,HA78,R,2657LAA000_E07,2657LAA000_E07_customer.ab1,/home/shane/Documents/work/projects/hogle_lab/experiments/duckweedSynCom/data/raw/sanger_sequencing/20250905_2657LAA000/2657LAA000_E07_customer.ab1,1676,10.3,9.0,0,0.0,0,0,0,0.0,0,0.0,False
20250905_2657LAA000,HA60,R,2657LAA000_E08,2657LAA000_E08_customer.ab1,/home/shane/Documents/work/projects/hogle_lab/experiments/duckweedSynCom/data/raw/sanger_sequencing/20250905_2657LAA000/2657LAA000_E08_customer.ab1,1692,10.3,9.0,0,0.0,0,0,0,0.0,0,0.0,False
20250905_2657LAA000,TL49,R,2657LAA000_E09,2657LAA000_E09_customer.ab1,/home/shane/Documents/work/projects/hogle_lab/experiments/duckweedSynCom/data/raw/sanger_sequencing/20250905_2657LAA000/2657LAA000_E09_customer.ab1,1646,43.2,58.0,0,0.0,5,1449,1444,48.3,0,0.0,True
20250905_2657LAA000,HA08,R,2657LAA000_E10,2657LAA000_E10_customer.ab1,/home/shane/Documents/work/projects/hogle_lab/experiments/duckweedSynCom/data/raw/sanger_sequencing/20250905_2657LAA000/2657LAA000_E10_customer.ab1,1655,11.7,9.0,0,0.0,182,796,614,15.4,0,0.0,False
20250905_2657LAA000,HA44,R,2657LAA000_E11,2657LAA000_E11_customer.ab1,/home/shane/Documents/work/projects/hogle_lab/experiments/duckweedSynCom/data/raw/sanger_sequencing/20250905_2657LAA000/2657LAA000_E11_customer.ab1,799,22.4,20.0,0,0.0,68,743,675,24.0,0,0.0,True
20250905_2657LAA000,TL03,R,2657LAA000_E12,2657LAA000_E12_customer.ab1,/home/shane/Documents/work/projects/hogle_lab/experiments/duckweedSynCom/data/raw/sanger_sequencing/20250905_2657LAA000/2657LAA000_E12_customer.ab1,1512,45.9,58.0,0,0.0,8,1252,1244,53.7,0,0.0,True
20250905_2657LAA000,SJ01,F,2657LAA000_F01,2657LAA000_F01_customer.ab1,/home/shane/Documents/work/projects/hogle_lab/experiments/duckweedSynCom/data/raw/sanger_sequencing/20250905_2657LAA000/2657LAA000_F01_customer.ab1,960,15.1,13.0,0,0.0,382,740,358,18.2,0,0.0,False
20250905_2657LAA000,TL13,F,2657LAA000_F02,2657LAA000_F02_customer.ab1,/home/shane/Documents/work/projects/hogle_lab/experiments/duckweedSynCom/data/raw/sanger_sequencing/20250905_2657LAA000/2657LAA000_F02_customer.ab1,1626,41.3,58.0,0,0.0,8,1454,1446,46.0,0,0.0,True
20250905_2657LAA000,TL57,F,2657LAA000_F03,2657LAA000_F03_customer.ab1,/home/shane/Documents/work/projects/hogle_lab/experiments/duckweedSynCom/data/raw/sanger_sequencing/20250905_2657LAA000/2657LAA000_F03_customer.ab1,1256,15.6,13.0,0,0.0,128,920,792,19.3,0,0.0,False
20250905_2657LAA000,HA10,F,2657LAA000_F04,2657LAA000_F04_customer.ab1,/home/shane/Documents/work/projects/hogle_lab/experiments/duckweedSynCom/data/raw/sanger_sequencing/20250905_2657LAA000/2657LAA000_F04_customer.ab1,1660,40.5,58.0,0,0.0,5,1441,1436,45.7,0,0.0,True
20250905_2657LAA000,HA59,F,2657LAA000_F05,2657LAA000_F05_customer.ab1,/home/shane/Documents/work/projects/hogle_lab/experiments/duckweedSynCom/data/raw/sanger_sequencing/20250905_2657LAA000/2657LAA000_F05_customer.ab1,1591,31.2,31.0,0,0.0,19,1216,1197,39.2,0,0.0,True
20250905_2657LAA000,TL09,F,2657LAA000_F06,2657LAA000_F06_customer.ab1,/home/shane/Documents/work/projects/hogle_lab/experiments/duckweedSynCom/data/raw/sanger_sequencing/20250905_2657LAA000/2657LAA000_F06_customer.ab1,1295,12.7,11.0,0,0.0,0,0,0,0.0,0,0.0,False
20250905_2657LAA000,SJ01,R,2657LAA000_F07,2657LAA000_F07_customer.ab1,/home/shane/Documents/work/projects/hogle_lab/experiments/duckweedSynCom/data/raw/sanger_sequencing/20250905_2657LAA000/2657LAA000_F07_customer.ab1,1221,15.4,13.0,0,0.0,208,663,455,19.5,0,0.0,False
20250905_2657LAA000,TL13,R,2657LAA000_F08,2657LAA000_F08_customer.ab1,/home/shane/Documents/work/projects/hogle_lab/experiments/duckweedSynCom/data/raw/sanger_sequencing/20250905_2657LAA000/2657LAA000_F08_customer.ab1,1682,42.3,58.0,0,0.0,11,1474,1463,47.6,0,0.0,True
20250905_2657LAA000,TL57,R,2657LAA000_F09,2657LAA000_F09_customer.ab1,/home/shane/Documents/work/projects/hogle_lab/experiments/duckweedSynCom/data/raw/sanger_sequencing/20250905_2657LAA000/2657LAA000_F09_customer.ab1,948,14.7,13.0,0,0.0,0,0,0,0.0,0,0.0,False
20250905_2657LAA000,HA10,R,2657LAA000_F10,2657LAA000_F10_customer.ab1,/home/shane/Documents/work/projects/hogle_lab/experiments/duckweedSynCom/data/raw/sanger_sequencing/20250905_2657LAA000/2657LAA000_F10_customer.ab1,1628,42.9,58.0,0,0.0,2,1468,1466,46.8,0,0.0,True
20250905_2657LAA000,HA59,R,2657LAA000_F11,2657LAA000_F11_customer.ab1,/home/shane/Documents/work/projects/hogle_lab/experiments/duckweedSynCom/data/raw/sanger_sequencing/20250905_2657LAA000/2657LAA000_F11_customer.ab1,1776,10.2,8.0,0,0.0,0,0,0,0.0,0,0.0,False
20250905_2657LAA000,TL09,R,2657LAA000_F12,2657LAA000_F12_customer.ab1,/home/shane/Documents/work/projects/hogle_lab/experiments/duckweedSynCom/data/raw/sanger_sequencing/20250905_2657LAA000/2657LAA000_F12_customer.ab1,1636,13.4,11.0,0,0.0,53,555,502,21.4,0,0.0,True
20250905_2657LAA000,SJ11,F,2657LAA000_G01,2657LAA000_G01_customer.ab1,/home/shane/Documents/work/projects/hogle_lab/experiments/duckweedSynCom/data/raw/sanger_sequencing/20250905_2657LAA000/2657LAA000_G01_customer.ab1,1525,44.4,58.0,0,0.0,17,1223,1206,53.6,0,0.0,True
20250905_2657LAA000,TL15,F,2657LAA000_G02,2657LAA000_G02_customer.ab1,/home/shane/Documents/work/projects/hogle_lab/experiments/duckweedSynCom/data/raw/sanger_sequencing/20250905_2657LAA000/2657LAA000_G02_customer.ab1,1535,41.4,58.0,0,0.0,0,1440,1440,43.9,0,0.0,True
20250905_2657LAA000,TL60,F,2657LAA000_G03,2657LAA000_G03_customer.ab1,/home/shane/Documents/work/projects/hogle_lab/experiments/duckweedSynCom/data/raw/sanger_sequencing/20250905_2657LAA000/2657LAA000_G03_customer.ab1,1775,12.2,9.0,0,0.0,466,1210,744,15.4,0,0.0,False
20250905_2657LAA000,HA14,F,2657LAA000_G04,2657LAA000_G04_customer.ab1,/home/shane/Documents/work/projects/hogle_lab/experiments/duckweedSynCom/data/raw/sanger_sequencing/20250905_2657LAA000/2657LAA000_G04_customer.ab1,1577,42.5,58.0,0,0.0,20,1294,1274,50.9,0,0.0,True
20250905_2657LAA000,HA64,F,2657LAA000_G05,2657LAA000_G05_customer.ab1,/home/shane/Documents/work/projects/hogle_lab/experiments/duckweedSynCom/data/raw/sanger_sequencing/20250905_2657LAA000/2657LAA000_G05_customer.ab1,1613,43.0,58.0,0,0.0,11,1448,1437,47.5,0,0.0,True
20250905_2657LAA000,TL25,F,2657LAA000_G06,2657LAA000_G06_customer.ab1,/home/shane/Documents/work/projects/hogle_lab/experiments/duckweedSynCom/data/raw/sanger_sequencing/20250905_2657LAA000/2657LAA000_G06_customer.ab1,1598,43.5,58.0,0,0.0,11,1429,1418,48.5,0,0.0,True
20250905_2657LAA000,SJ11,R,2657LAA000_G07,2657LAA000_G07_customer.ab1,/home/shane/Documents/work/projects/hogle_lab/experiments/duckweedSynCom/data/raw/sanger_sequencing/20250905_2657LAA000/2657LAA000_G07_customer.ab1,1321,14.1,13.0,0,0.0,76,899,823,15.9,0,0.0,False
20250905_2657LAA000,TL15,R,2657LAA000_G08,2657LAA000_G08_customer.ab1,/home/shane/Documents/work/projects/hogle_lab/experiments/duckweedSynCom/data/raw/sanger_sequencing/20250905_2657LAA000/2657LAA000_G08_customer.ab1,1529,42.9,58.0,0,0.0,10,1407,1397,46.5,0,0.0,True
20250905_2657LAA000,TL60,R,2657LAA000_G09,2657LAA000_G09_customer.ab1,/home/shane/Documents/work/projects/hogle_lab/experiments/duckweedSynCom/data/raw/sanger_sequencing/20250905_2657LAA000/2657LAA000_G09_customer.ab1,1557,10.1,8.0,0,0.0,0,0,0,0.0,0,0.0,False
20250905_2657LAA000,HA14,R,2657LAA000_G10,2657LAA000_G10_customer.ab1,/home/shane/Documents/work/projects/hogle_lab/experiments/duckweedSynCom/data/raw/sanger_sequencing/20250905_2657LAA000/2657LAA000_G10_customer.ab1,1663,16.7,16.0,0,0.0,36,1118,1082,21.5,0,0.0,True
20250905_2657LAA000,HA64,R,2657LAA000_G11,2657LAA000_G11_customer.ab1,/home/shane/Documents/work/projects/hogle_lab/experiments/duckweedSynCom/data/raw/sanger_sequencing/20250905_2657LAA000/2657LAA000_G11_customer.ab1,1546,42.9,58.0,0,0.0,16,1273,1257,51.1,0,0.0,True
20250905_2657LAA000,TL25,R,2657LAA000_G12,2657LAA000_G12_customer.ab1,/home/shane/Documents/work/projects/hogle_lab/experiments/duckweedSynCom/data/raw/sanger_sequencing/20250905_2657LAA000/2657LAA000_G12_customer.ab1,1647,10.3,8.0,0,0.0,0,0,0,0.0,0,0.0,False
20250905_2657LAA000,TL56,F,2657LAA000_H01,2657LAA000_H01_customer.ab1,/home/shane/Documents/work/projects/hogle_lab/experiments/duckweedSynCom/data/raw/sanger_sequencing/20250905_2657LAA000/2657LAA000_H01_customer.ab1,1468,44.7,58.0,0,0.0,7,1178,1171,53.8,0,0.0,True
20250905_2657LAA000,TL17,F,2657LAA000_H02,2657LAA000_H02_customer.ab1,/home/shane/Documents/work/projects/hogle_lab/experiments/duckweedSynCom/data/raw/sanger_sequencing/20250905_2657LAA000/2657LAA000_H02_customer.ab1,831,16.0,13.0,0,0.0,228,602,374,18.5,0,0.0,False
20250905_2657LAA000,TL66,F,2657LAA000_H03,2657LAA000_H03_customer.ab1,/home/shane/Documents/work/projects/hogle_lab/experiments/duckweedSynCom/data/raw/sanger_sequencing/20250905_2657LAA000/2657LAA000_H03_customer.ab1,1722,11.6,9.0,0,0.0,292,709,417,16.5,0,0.0,False
20250905_2657LAA000,HA17,F,2657LAA000_H04,2657LAA000_H04_customer.ab1,/home/shane/Documents/work/projects/hogle_lab/experiments/duckweedSynCom/data/raw/sanger_sequencing/20250905_2657LAA000/2657LAA000_H04_customer.ab1,1535,43.7,58.0,0,0.0,7,1429,1422,46.6,0,0.0,True
20250905_2657LAA000,SJ02,F,2657LAA000_H05,2657LAA000_H05_customer.ab1,/home/shane/Documents/work/projects/hogle_lab/experiments/duckweedSynCom/data/raw/sanger_sequencing/20250905_2657LAA000/2657LAA000_H05_customer.ab1,1593,42.9,58.0,0,0.0,10,1243,1233,52.5,0,0.0,True
20250905_2657LAA000,neg,F,2657LAA000_H06,2657LAA000_H06_customer.ab1,/home/shane/Documents/work/projects/hogle_lab/experiments/duckweedSynCom/data/raw/sanger_sequencing/20250905_2657LAA000/2657LAA000_H06_customer.ab1,1181,11.5,11.0,0,0.0,0,0,0,0.0,0,0.0,False
20250905_2657LAA000,TL56,R,2657LAA000_H07,2657LAA000_H07_customer.ab1,/home/shane/Documents/work/projects/hogle_lab/experiments/duckweedSynCom/data/raw/sanger_sequencing/20250905_2657LAA000/2657LAA000_H07_customer.ab1,1584,44.0,58.0,0,0.0,8,1448,1440,47.8,0,0.0,True
20250905_2657LAA000,TL17,R,2657LAA000_H08,2657LAA000_H08_customer.ab1,/home/shane/Documents/work/projects/hogle_lab/experiments/duckweedSynCom/data/raw/sanger_sequencing/20250905_2657LAA000/2657LAA000_H08_customer.ab1,1306,15.0,13.0,0,0.0,181,1055,874,17.6,0,0.0,False
20250905_2657LAA000,TL66,R,2657LAA000_H09,2657LAA000_H09_customer.ab1,/home/shane/Documents/work/projects/hogle_lab/experiments/duckweedSynCom/data/raw/sanger_sequencing/20250905_2657LAA000/2657LAA000_H09_customer.ab1,1755,10.4,8.0,0,0.0,0,0,0,0.0,0,0.0,False
20250905_2657LAA000,HA17,R,2657LAA000_H10,2657LAA000_H10_customer.ab1,/home/shane/Documents/work/projects/hogle_lab/experiments/duckweedSynCom/data/raw/sanger_sequencing/20250905_2657LAA000/2657LAA000_H10_customer.ab1,1521,46.0,58.0,0,0.0,11,1421,1410,48.9,0,0.0,True
20250905_2657LAA000,SJ02,R,2657LAA000_H11,2657LAA000_H11_customer.ab1,/home/shane/Documents/work/projects/hogle_lab/experiments/duckweedSynCom/data/raw/sanger_sequencing/20250905_2657LAA000/2657LAA000_H11_customer.ab1,1615,11.0,9.0,0,0.0,0,0,0,0.0,0,0.0,False
20250905_2657LAA000,neg,R,2657LAA000_H12,2657LAA000_H12_customer.ab1,/home/shane/Documents/work/projects/hogle_lab/experiments/duckweedSynCom/data/raw/sanger_sequencing/20250905_2657LAA000/2657LAA000_H12_customer.ab1,1669,11.8,9.0,0,0.0,66,423,357,18.3,0,0.0,False
20260529_EC00233196,HA02,F,2657LAA001_A01,2657LAA001_A01_customer.ab1,/home/shane/Documents/work/projects/hogle_lab/experiments/duckweedSynCom/data/raw/sanger_sequencing/20260529_EC00233196/2657LAA001_A01_customer.ab1,1318,43.9,57.0,0,0.0,10,1157,1147,48.7,0,0.0,True
20260529_EC00233196,HA02,R,2657LAA001_A02,2657LAA001_A02_customer.ab1,/home/shane/Documents/work/projects/hogle_lab/experiments/duckweedSynCom/data/raw/sanger_sequencing/20260529_EC00233196/2657LAA001_A02_customer.ab1,1325,42.9,57.0,0,0.0,13,1027,1014,52.1,0,0.0,True
20260529_EC00233196,SJ02,F,2657LAA001_A03,2657LAA001_A03_customer.ab1,/home/shane/Documents/work/projects/hogle_lab/experiments/duckweedSynCom/data/raw/sanger_sequencing/20260529_EC00233196/2657LAA001_A03_customer.ab1,1307,37.6,41.0,0,0.0,56,1079,1023,44.6,0,0.0,True
20260529_EC00233196,SJ02,R,2657LAA001_A04,2657LAA001_A04_customer.ab1,/home/shane/Documents/work/projects/hogle_lab/experiments/duckweedSynCom/data/raw/sanger_sequencing/20260529_EC00233196/2657LAA001_A04_customer.ab1,1288,41.5,49.5,0,0.0,12,1093,1081,46.8,0,0.0,True
20260529_EC00233196,HA01,F,2657LAA001_A05,2657LAA001_A05_customer.ab1,/home/shane/Documents/work/projects/hogle_lab/experiments/duckweedSynCom/data/raw/sanger_sequencing/20260529_EC00233196/2657LAA001_A05_customer.ab1,1330,40.0,43.0,0,0.0,13,1151,1138,44.8,0,0.0,True
20260529_EC00233196,HA01,R,2657LAA001_A06,2657LAA001_A06_customer.ab1,/home/shane/Documents/work/projects/hogle_lab/experiments/duckweedSynCom/data/raw/sanger_sequencing/20260529_EC00233196/2657LAA001_A06_customer.ab1,1296,41.4,49.0,0,0.0,9,1114,1105,46.1,0,0.0,True
20260529_EC00233196,HA27,F,2657LAA001_A07,2657LAA001_A07_customer.ab1,/home/shane/Documents/work/projects/hogle_lab/experiments/duckweedSynCom/data/raw/sanger_sequencing/20260529_EC00233196/2657LAA001_A07_customer.ab1,1326,39.7,44.0,0,0.0,14,1067,1053,46.8,0,0.0,True
20260529_EC00233196,HA27,R,2657LAA001_A08,2657LAA001_A08_customer.ab1,/home/shane/Documents/work/projects/hogle_lab/experiments/duckweedSynCom/data/raw/sanger_sequencing/20260529_EC00233196/2657LAA001_A08_customer.ab1,1321,43.0,55.0,0,0.0,10,1180,1170,47.0,0,0.0,True
20260529_EC00233196,HA59,F,2657LAA001_A09,2657LAA001_A09_customer.ab1,/home/shane/Documents/work/projects/hogle_lab/experiments/duckweedSynCom/data/raw/sanger_sequencing/20260529_EC00233196/2657LAA001_A09_customer.ab1,1309,38.6,42.0,0,0.0,57,1089,1032,45.6,0,0.0,True
20260529_EC00233196,HA59,R,2657LAA001_A10,2657LAA001_A10_customer.ab1,/home/shane/Documents/work/projects/hogle_lab/experiments/duckweedSynCom/data/raw/sanger_sequencing/20260529_EC00233196/2657LAA001_A10_customer.ab1,1286,38.9,42.0,0,0.0,14,1062,1048,45.1,0,0.0,True
20260529_EC00233196,TL01,F,2657LAA001_A11,2657LAA001_A11_customer.ab1,/home/shane/Documents/work/projects/hogle_lab/experiments/duckweedSynCom/data/raw/sanger_sequencing/20260529_EC00233196/2657LAA001_A11_customer.ab1,1352,37.4,41.0,0,0.0,31,1123,1092,43.7,0,0.0,True
20260529_EC00233196,TL01,R,2657LAA001_A12,2657LAA001_A12_customer.ab1,/home/shane/Documents/work/projects/hogle_lab/experiments/duckweedSynCom/data/raw/sanger_sequencing/20260529_EC00233196/2657LAA001_A12_customer.ab1,1348,33.6,26.0,0,0.0,20,1068,1048,40.0,0,0.0,True
20260529_EC00233196,HA03,F,2657LAA001_B01,2657LAA001_B01_customer.ab1,/home/shane/Documents/work/projects/hogle_lab/experiments/duckweedSynCom/data/raw/sanger_sequencing/20260529_EC00233196/2657LAA001_B01_customer.ab1,1321,44.6,58.0,0,0.0,7,1143,1136,49.9,0,0.0,True
20260529_EC00233196,HA03,R,2657LAA001_B02,2657LAA001_B02_customer.ab1,/home/shane/Documents/work/projects/hogle_lab/experiments/duckweedSynCom/data/raw/sanger_sequencing/20260529_EC00233196/2657LAA001_B02_customer.ab1,1347,41.2,48.0,0,0.0,13,1074,1061,48.6,0,0.0,True
20260529_EC00233196,SJ08,F,2657LAA001_B03,2657LAA001_B03_customer.ab1,/home/shane/Documents/work/projects/hogle_lab/experiments/duckweedSynCom/data/raw/sanger_sequencing/20260529_EC00233196/2657LAA001_B03_customer.ab1,1313,41.6,52.0,0,0.0,14,1094,1080,47.9,0,0.0,True
20260529_EC00233196,SJ08,R,2657LAA001_B04,2657LAA001_B04_customer.ab1,/home/shane/Documents/work/projects/hogle_lab/experiments/duckweedSynCom/data/raw/sanger_sequencing/20260529_EC00233196/2657LAA001_B04_customer.ab1,1299,41.3,52.0,0,0.0,7,1062,1055,47.8,0,0.0,True
20260529_EC00233196,HA06,F,2657LAA001_B05,2657LAA001_B05_customer.ab1,/home/shane/Documents/work/projects/hogle_lab/experiments/duckweedSynCom/data/raw/sanger_sequencing/20260529_EC00233196/2657LAA001_B05_customer.ab1,1311,41.7,46.0,0,0.0,7,1225,1218,44.1,0,0.0,True
20260529_EC00233196,HA06,R,2657LAA001_B06,2657LAA001_B06_customer.ab1,/home/shane/Documents/work/projects/hogle_lab/experiments/duckweedSynCom/data/raw/sanger_sequencing/20260529_EC00233196/2657LAA001_B06_customer.ab1,1345,40.7,45.0,0,0.0,16,1112,1096,47.1,0,0.0,True
20260529_EC00233196,HA29,F,2657LAA001_B07,2657LAA001_B07_customer.ab1,/home/shane/Documents/work/projects/hogle_lab/experiments/duckweedSynCom/data/raw/sanger_sequencing/20260529_EC00233196/2657LAA001_B07_customer.ab1,1090,12.1,11.0,0,0.0,0,0,0,0.0,0,0.0,False
20260529_EC00233196,HA29,R,2657LAA001_B08,2657LAA001_B08_customer.ab1,/home/shane/Documents/work/projects/hogle_lab/experiments/duckweedSynCom/data/raw/sanger_sequencing/20260529_EC00233196/2657LAA001_B08_customer.ab1,1160,12.6,11.5,0,0.0,0,0,0,0.0,0,0.0,False
20260529_EC00233196,HA61,F,2657LAA001_B09,2657LAA001_B09_customer.ab1,/home/shane/Documents/work/projects/hogle_lab/experiments/duckweedSynCom/data/raw/sanger_sequencing/20260529_EC00233196/2657LAA001_B09_customer.ab1,1300,35.3,38.0,0,0.0,57,1037,980,42.4,0,0.0,True
20260529_EC00233196,HA61,R,2657LAA001_B10,2657LAA001_B10_customer.ab1,/home/shane/Documents/work/projects/hogle_lab/experiments/duckweedSynCom/data/raw/sanger_sequencing/20260529_EC00233196/2657LAA001_B10_customer.ab1,1285,42.6,55.0,0,0.0,13,1094,1081,48.1,0,0.0,True
20260529_EC00233196,TL02,F,2657LAA001_B11,2657LAA001_B11_customer.ab1,/home/shane/Documents/work/projects/hogle_lab/experiments/duckweedSynCom/data/raw/sanger_sequencing/20260529_EC00233196/2657LAA001_B11_customer.ab1,1337,43.6,58.0,0,0.0,7,1098,1091,50.5,0,0.0,True
20260529_EC00233196,TL02,R,2657LAA001_B12,2657LAA001_B12_customer.ab1,/home/shane/Documents/work/projects/hogle_lab/experiments/duckweedSynCom/data/raw/sanger_sequencing/20260529_EC00233196/2657LAA001_B12_customer.ab1,1312,42.1,54.0,0,0.0,10,1120,1110,47.2,0,0.0,True
20260529_EC00233196,HA08,F,2657LAA001_C01,2657LAA001_C01_customer.ab1,/home/shane/Documents/work/projects/hogle_lab/experiments/duckweedSynCom/data/raw/sanger_sequencing/20260529_EC00233196/2657LAA001_C01_customer.ab1,1322,44.0,58.0,0,0.0,8,1097,1089,50.6,0,0.0,True
20260529_EC00233196,HA08,R,2657LAA001_C02,2657LAA001_C02_customer.ab1,/home/shane/Documents/work/projects/hogle_lab/experiments/duckweedSynCom/data/raw/sanger_sequencing/20260529_EC00233196/2657LAA001_C02_customer.ab1,1342,42.7,55.0,0,0.0,7,1101,1094,49.4,0,0.0,True
20260529_EC00233196,SJ09,F,2657LAA001_C03,2657LAA001_C03_customer.ab1,/home/shane/Documents/work/projects/hogle_lab/experiments/duckweedSynCom/data/raw/sanger_sequencing/20260529_EC00233196/2657LAA001_C03_customer.ab1,1335,40.6,44.0,0,0.0,25,1305,1280,41.9,0,0.0,True
20260529_EC00233196,SJ09,R,2657LAA001_C04,2657LAA001_C04_customer.ab1,/home/shane/Documents/work/projects/hogle_lab/experiments/duckweedSynCom/data/raw/sanger_sequencing/20260529_EC00233196/2657LAA001_C04_customer.ab1,1282,42.0,52.5,0,0.0,9,1221,1212,43.6,0,0.0,True
20260529_EC00233196,HA10,F,2657LAA001_C05,2657LAA001_C05_customer.ab1,/home/shane/Documents/work/projects/hogle_lab/experiments/duckweedSynCom/data/raw/sanger_sequencing/20260529_EC00233196/2657LAA001_C05_customer.ab1,1356,41.4,45.5,0,0.0,10,1043,1033,49.8,0,0.0,True
20260529_EC00233196,HA10,R,2657LAA001_C06,2657LAA001_C06_customer.ab1,/home/shane/Documents/work/projects/hogle_lab/experiments/duckweedSynCom/data/raw/sanger_sequencing/20260529_EC00233196/2657LAA001_C06_customer.ab1,1314,43.7,58.0,0,0.0,6,1103,1097,49.9,0,0.0,True
20260529_EC00233196,HA32,F,2657LAA001_C07,2657LAA001_C07_customer.ab1,/home/shane/Documents/work/projects/hogle_lab/experiments/duckweedSynCom/data/raw/sanger_sequencing/20260529_EC00233196/2657LAA001_C07_customer.ab1,1314,42.9,49.0,0,0.0,16,1117,1101,48.8,0,0.0,True
20260529_EC00233196,HA32,R,2657LAA001_C08,2657LAA001_C08_customer.ab1,/home/shane/Documents/work/projects/hogle_lab/experiments/duckweedSynCom/data/raw/sanger_sequencing/20260529_EC00233196/2657LAA001_C08_customer.ab1,1335,41.0,45.0,0,0.0,20,1102,1082,47.5,0,0.0,True
20260529_EC00233196,HA64,F,2657LAA001_C09,2657LAA001_C09_customer.ab1,/home/shane/Documents/work/projects/hogle_lab/experiments/duckweedSynCom/data/raw/sanger_sequencing/20260529_EC00233196/2657LAA001_C09_customer.ab1,1338,36.1,40.0,0,0.0,60,1042,982,44.5,0,0.0,True
20260529_EC00233196,HA64,R,2657LAA001_C10,2657LAA001_C10_customer.ab1,/home/shane/Documents/work/projects/hogle_lab/experiments/duckweedSynCom/data/raw/sanger_sequencing/20260529_EC00233196/2657LAA001_C10_customer.ab1,1259,42.5,52.0,0,0.0,9,1046,1037,48.7,0,0.0,True
20260529_EC00233196,TL03,F,2657LAA001_C11,2657LAA001_C11_customer.ab1,/home/shane/Documents/work/projects/hogle_lab/experiments/duckweedSynCom/data/raw/sanger_sequencing/20260529_EC00233196/2657LAA001_C11_customer.ab1,1359,43.2,55.0,0,0.0,9,1113,1104,50.4,0,0.0,True
20260529_EC00233196,TL03,R,2657LAA001_C12,2657LAA001_C12_customer.ab1,/home/shane/Documents/work/projects/hogle_lab/experiments/duckweedSynCom/data/raw/sanger_sequencing/20260529_EC00233196/2657LAA001_C12_customer.ab1,1341,44.5,56.0,0,0.0,14,1244,1230,47.5,0,0.0,True
20260529_EC00233196,HA16,F,2657LAA001_D01,2657LAA001_D01_customer.ab1,/home/shane/Documents/work/projects/hogle_lab/experiments/duckweedSynCom/data/raw/sanger_sequencing/20260529_EC00233196/2657LAA001_D01_customer.ab1,1276,40.3,43.0,0,0.0,15,1128,1113,44.4,0,0.0,True
20260529_EC00233196,HA16,R,2657LAA001_D02,2657LAA001_D02_customer.ab1,/home/shane/Documents/work/projects/hogle_lab/experiments/duckweedSynCom/data/raw/sanger_sequencing/20260529_EC00233196/2657LAA001_D02_customer.ab1,1305,38.4,42.0,0,0.0,23,1062,1039,45.2,0,0.0,True
20260529_EC00233196,TL10,F,2657LAA001_D03,2657LAA001_D03_customer.ab1,/home/shane/Documents/work/projects/hogle_lab/experiments/duckweedSynCom/data/raw/sanger_sequencing/20260529_EC00233196/2657LAA001_D03_customer.ab1,1206,12.9,11.0,0,0.0,267,797,530,14.3,0,0.0,False
20260529_EC00233196,TL10,R,2657LAA001_D04,2657LAA001_D04_customer.ab1,/home/shane/Documents/work/projects/hogle_lab/experiments/duckweedSynCom/data/raw/sanger_sequencing/20260529_EC00233196/2657LAA001_D04_customer.ab1,1448,17.3,15.0,0,0.0,62,1448,1386,17.6,0,0.0,False
20260529_EC00233196,HA12,F,2657LAA001_D05,2657LAA001_D05_customer.ab1,/home/shane/Documents/work/projects/hogle_lab/experiments/duckweedSynCom/data/raw/sanger_sequencing/20260529_EC00233196/2657LAA001_D05_customer.ab1,1339,42.9,57.0,0,0.0,15,1109,1094,49.9,0,0.0,True
20260529_EC00233196,HA12,R,2657LAA001_D06,2657LAA001_D06_customer.ab1,/home/shane/Documents/work/projects/hogle_lab/experiments/duckweedSynCom/data/raw/sanger_sequencing/20260529_EC00233196/2657LAA001_D06_customer.ab1,1307,41.1,53.0,0,0.0,9,1092,1083,47.1,0,0.0,True
20260529_EC00233196,HA36,F,2657LAA001_D07,2657LAA001_D07_customer.ab1,/home/shane/Documents/work/projects/hogle_lab/experiments/duckweedSynCom/data/raw/sanger_sequencing/20260529_EC00233196/2657LAA001_D07_customer.ab1,1321,40.5,44.0,0,0.0,17,1143,1126,45.7,0,0.0,True
20260529_EC00233196,HA36,R,2657LAA001_D08,2657LAA001_D08_customer.ab1,/home/shane/Documents/work/projects/hogle_lab/experiments/duckweedSynCom/data/raw/sanger_sequencing/20260529_EC00233196/2657LAA001_D08_customer.ab1,1256,40.0,44.0,0,0.0,9,1084,1075,44.7,0,0.0,True
20260529_EC00233196,HA69A,F,2657LAA001_D09,2657LAA001_D09_customer.ab1,/home/shane/Documents/work/projects/hogle_lab/experiments/duckweedSynCom/data/raw/sanger_sequencing/20260529_EC00233196/2657LAA001_D09_customer.ab1,1319,44.2,61.0,0,0.0,9,1059,1050,52.1,0,0.0,True
20260529_EC00233196,HA69A,R,2657LAA001_D10,2657LAA001_D10_customer.ab1,/home/shane/Documents/work/projects/hogle_lab/experiments/duckweedSynCom/data/raw/sanger_sequencing/20260529_EC00233196/2657LAA001_D10_customer.ab1,1367,41.5,52.0,0,0.0,7,1065,1058,50.2,0,0.0,True
20260529_EC00233196,TL05,F,2657LAA001_D11,2657LAA001_D11_customer.ab1,/home/shane/Documents/work/projects/hogle_lab/experiments/duckweedSynCom/data/raw/sanger_sequencing/20260529_EC00233196/2657LAA001_D11_customer.ab1,1334,38.5,42.0,0,0.0,58,1113,1055,45.7,0,0.0,True
20260529_EC00233196,TL05,R,2657LAA001_D12,2657LAA001_D12_customer.ab1,/home/shane/Documents/work/projects/hogle_lab/experiments/duckweedSynCom/data/raw/sanger_sequencing/20260529_EC00233196/2657LAA001_D12_customer.ab1,1299,39.5,43.0,0,0.0,11,1062,1051,46.0,0,0.0,True
20260529_EC00233196,HA18,F,2657LAA001_E01,2657LAA001_E01_customer.ab1,/home/shane/Documents/work/projects/hogle_lab/experiments/duckweedSynCom/data/raw/sanger_sequencing/20260529_EC00233196/2657LAA001_E01_customer.ab1,1284,45.5,62.0,0,0.0,10,1162,1152,49.3,0,0.0,True
20260529_EC00233196,HA18,R,2657LAA001_E02,2657LAA001_E02_customer.ab1,/home/shane/Documents/work/projects/hogle_lab/experiments/duckweedSynCom/data/raw/sanger_sequencing/20260529_EC00233196/2657LAA001_E02_customer.ab1,1304,42.8,56.0,0,0.0,10,1083,1073,48.9,0,0.0,True
20260529_EC00233196,TL23,F,2657LAA001_E03,2657LAA001_E03_customer.ab1,/home/shane/Documents/work/projects/hogle_lab/experiments/duckweedSynCom/data/raw/sanger_sequencing/20260529_EC00233196/2657LAA001_E03_customer.ab1,1292,39.1,42.0,0,0.0,49,1135,1086,44.2,0,0.0,True
20260529_EC00233196,TL23,R,2657LAA001_E04,2657LAA001_E04_customer.ab1,/home/shane/Documents/work/projects/hogle_lab/experiments/duckweedSynCom/data/raw/sanger_sequencing/20260529_EC00233196/2657LAA001_E04_customer.ab1,1340,31.5,16.0,0,0.0,20,670,650,53.5,0,0.0,True
20260529_EC00233196,HA14,F,2657LAA001_E05,2657LAA001_E05_customer.ab1,/home/shane/Documents/work/projects/hogle_lab/experiments/duckweedSynCom/data/raw/sanger_sequencing/20260529_EC00233196/2657LAA001_E05_customer.ab1,1317,36.0,40.0,0,0.0,56,1060,1004,43.3,0,0.0,True
20260529_EC00233196,HA14,R,2657LAA001_E06,2657LAA001_E06_customer.ab1,/home/shane/Documents/work/projects/hogle_lab/experiments/duckweedSynCom/data/raw/sanger_sequencing/20260529_EC00233196/2657LAA001_E06_customer.ab1,1315,36.8,40.0,0,0.0,53,989,936,46.9,0,0.0,True
20260529_EC00233196,HA40,F,2657LAA001_E07,2657LAA001_E07_customer.ab1,/home/shane/Documents/work/projects/hogle_lab/experiments/duckweedSynCom/data/raw/sanger_sequencing/20260529_EC00233196/2657LAA001_E07_customer.ab1,1281,39.4,42.0,0,0.0,32,1060,1028,46.0,0,0.0,True
20260529_EC00233196,HA40,R,2657LAA001_E08,2657LAA001_E08_customer.ab1,/home/shane/Documents/work/projects/hogle_lab/experiments/duckweedSynCom/data/raw/sanger_sequencing/20260529_EC00233196/2657LAA001_E08_customer.ab1,1326,38.7,42.0,0,0.0,29,1088,1059,45.2,0,0.0,True
20260529_EC00233196,HA69B,F,2657LAA001_E09,2657LAA001_E09_customer.ab1,/home/shane/Documents/work/projects/hogle_lab/experiments/duckweedSynCom/data/raw/sanger_sequencing/20260529_EC00233196/2657LAA001_E09_customer.ab1,1160,12.5,11.0,0,0.0,0,0,0,0.0,0,0.0,False
20260529_EC00233196,HA69B,R,2657LAA001_E10,2657LAA001_E10_customer.ab1,/home/shane/Documents/work/projects/hogle_lab/experiments/duckweedSynCom/data/raw/sanger_sequencing/20260529_EC00233196/2657LAA001_E10_customer.ab1,1159,12.7,11.0,0,0.0,0,0,0,0.0,0,0.0,False
20260529_EC00233196,TL06,F,2657LAA001_E11,2657LAA001_E11_customer.ab1,/home/shane/Documents/work/projects/hogle_lab/experiments/duckweedSynCom/data/raw/sanger_sequencing/20260529_EC00233196/2657LAA001_E11_customer.ab1,1328,37.7,41.0,0,0.0,60,1091,1031,45.1,0,0.0,True
20260529_EC00233196,TL06,R,2657LAA001_E12,2657LAA001_E12_customer.ab1,/home/shane/Documents/work/projects/hogle_lab/experiments/duckweedSynCom/data/raw/sanger_sequencing/20260529_EC00233196/2657LAA001_E12_customer.ab1,1313,33.9,31.0,0,0.0,21,977,956,42.5,0,0.0,True
20260529_EC00233196,HA25,F,2657LAA001_F01,2657LAA001_F01_customer.ab1,/home/shane/Documents/work/projects/hogle_lab/experiments/duckweedSynCom/data/raw/sanger_sequencing/20260529_EC00233196/2657LAA001_F01_customer.ab1,866,12.9,11.0,0,0.0,0,0,0,0.0,0,0.0,False
20260529_EC00233196,HA25,R,2657LAA001_F02,2657LAA001_F02_customer.ab1,/home/shane/Documents/work/projects/hogle_lab/experiments/duckweedSynCom/data/raw/sanger_sequencing/20260529_EC00233196/2657LAA001_F02_customer.ab1,1026,12.8,11.0,0,0.0,0,0,0,0.0,0,0.0,False
20260529_EC00233196,TL29,F,2657LAA001_F03,2657LAA001_F03_customer.ab1,/home/shane/Documents/work/projects/hogle_lab/experiments/duckweedSynCom/data/raw/sanger_sequencing/20260529_EC00233196/2657LAA001_F03_customer.ab1,1298,43.3,58.0,0,0.0,9,1103,1094,49.1,0,0.0,True
20260529_EC00233196,TL29,R,2657LAA001_F04,2657LAA001_F04_customer.ab1,/home/shane/Documents/work/projects/hogle_lab/experiments/duckweedSynCom/data/raw/sanger_sequencing/20260529_EC00233196/2657LAA001_F04_customer.ab1,1305,38.8,45.0,0,0.0,11,1016,1005,47.1,0,0.0,True
20260529_EC00233196,HA17,F,2657LAA001_F05,2657LAA001_F05_customer.ab1,/home/shane/Documents/work/projects/hogle_lab/experiments/duckweedSynCom/data/raw/sanger_sequencing/20260529_EC00233196/2657LAA001_F05_customer.ab1,1272,38.5,42.0,0,0.0,58,1239,1181,40.6,0,0.0,True
20260529_EC00233196,HA17,R,2657LAA001_F06,2657LAA001_F06_customer.ab1,/home/shane/Documents/work/projects/hogle_lab/experiments/duckweedSynCom/data/raw/sanger_sequencing/20260529_EC00233196/2657LAA001_F06_customer.ab1,1326,37.9,41.0,0,0.0,20,1135,1115,42.6,0,0.0,True
20260529_EC00233196,HA44,F,2657LAA001_F07,2657LAA001_F07_customer.ab1,/home/shane/Documents/work/projects/hogle_lab/experiments/duckweedSynCom/data/raw/sanger_sequencing/20260529_EC00233196/2657LAA001_F07_customer.ab1,1323,41.5,49.0,0,0.0,10,1291,1281,42.5,0,0.0,True
20260529_EC00233196,HA44,R,2657LAA001_F08,2657LAA001_F08_customer.ab1,/home/shane/Documents/work/projects/hogle_lab/experiments/duckweedSynCom/data/raw/sanger_sequencing/20260529_EC00233196/2657LAA001_F08_customer.ab1,1307,42.1,54.0,0,0.0,12,1124,1112,47.1,0,0.0,True
20260529_EC00233196,HA82,F,2657LAA001_F09,2657LAA001_F09_customer.ab1,/home/shane/Documents/work/projects/hogle_lab/experiments/duckweedSynCom/data/raw/sanger_sequencing/20260529_EC00233196/2657LAA001_F09_customer.ab1,1318,38.4,42.0,0,0.0,30,1079,1049,45.0,0,0.0,True
20260529_EC00233196,HA82,R,2657LAA001_F10,2657LAA001_F10_customer.ab1,/home/shane/Documents/work/projects/hogle_lab/experiments/duckweedSynCom/data/raw/sanger_sequencing/20260529_EC00233196/2657LAA001_F10_customer.ab1,1312,38.6,42.0,0,0.0,16,1092,1076,44.5,0,0.0,True
20260529_EC00233196,TL09,F,2657LAA001_F11,2657LAA001_F11_customer.ab1,/home/shane/Documents/work/projects/hogle_lab/experiments/duckweedSynCom/data/raw/sanger_sequencing/20260529_EC00233196/2657LAA001_F11_customer.ab1,1290,34.7,37.0,0,0.0,51,1024,973,42.0,0,0.0,True
20260529_EC00233196,TL09,R,2657LAA001_F12,2657LAA001_F12_customer.ab1,/home/shane/Documents/work/projects/hogle_lab/experiments/duckweedSynCom/data/raw/sanger_sequencing/20260529_EC00233196/2657LAA001_F12_customer.ab1,1304,40.1,44.0,0,0.0,12,1060,1048,47.0,0,0.0,True
20260529_EC00233196,HA42,F,2657LAA001_G01,2657LAA001_G01_customer.ab1,/home/shane/Documents/work/projects/hogle_lab/experiments/duckweedSynCom/data/raw/sanger_sequencing/20260529_EC00233196/2657LAA001_G01_customer.ab1,979,13.6,12.0,0,0.0,283,676,393,14.5,0,0.0,False
20260529_EC00233196,HA42,R,2657LAA001_G02,2657LAA001_G02_customer.ab1,/home/shane/Documents/work/projects/hogle_lab/experiments/duckweedSynCom/data/raw/sanger_sequencing/20260529_EC00233196/2657LAA001_G02_customer.ab1,951,13.9,12.0,0,0.0,0,0,0,0.0,0,0.0,False
20260529_EC00233196,TL64,F,2657LAA001_G03,2657LAA001_G03_customer.ab1,/home/shane/Documents/work/projects/hogle_lab/experiments/duckweedSynCom/data/raw/sanger_sequencing/20260529_EC00233196/2657LAA001_G03_customer.ab1,1344,42.6,51.0,0,0.0,17,1136,1119,48.4,0,0.0,True
20260529_EC00233196,TL64,R,2657LAA001_G04,2657LAA001_G04_customer.ab1,/home/shane/Documents/work/projects/hogle_lab/experiments/duckweedSynCom/data/raw/sanger_sequencing/20260529_EC00233196/2657LAA001_G04_customer.ab1,1330,42.5,49.0,0,0.0,12,1170,1158,47.1,0,0.0,True
20260529_EC00233196,HA21A,F,2657LAA001_G05,2657LAA001_G05_customer.ab1,/home/shane/Documents/work/projects/hogle_lab/experiments/duckweedSynCom/data/raw/sanger_sequencing/20260529_EC00233196/2657LAA001_G05_customer.ab1,1334,43.3,56.0,0,0.0,11,1107,1096,49.8,0,0.0,True
20260529_EC00233196,HA21A,R,2657LAA001_G06,2657LAA001_G06_customer.ab1,/home/shane/Documents/work/projects/hogle_lab/experiments/duckweedSynCom/data/raw/sanger_sequencing/20260529_EC00233196/2657LAA001_G06_customer.ab1,1323,43.0,55.0,0,0.0,16,1066,1050,50.4,0,0.0,True
20260529_EC00233196,HA46,F,2657LAA001_G07,2657LAA001_G07_customer.ab1,/home/shane/Documents/work/projects/hogle_lab/experiments/duckweedSynCom/data/raw/sanger_sequencing/20260529_EC00233196/2657LAA001_G07_customer.ab1,1309,38.0,42.0,0,0.0,54,1084,1030,45.0,0,0.0,True
20260529_EC00233196,HA46,R,2657LAA001_G08,2657LAA001_G08_customer.ab1,/home/shane/Documents/work/projects/hogle_lab/experiments/duckweedSynCom/data/raw/sanger_sequencing/20260529_EC00233196/2657LAA001_G08_customer.ab1,1295,44.5,60.0,0,0.0,9,1291,1282,44.9,0,0.0,True
20260529_EC00233196,SJ14,F,2657LAA001_G09,2657LAA001_G09_customer.ab1,/home/shane/Documents/work/projects/hogle_lab/experiments/duckweedSynCom/data/raw/sanger_sequencing/20260529_EC00233196/2657LAA001_G09_customer.ab1,1321,36.1,39.0,0,0.0,55,1096,1041,42.5,0,0.0,True
20260529_EC00233196,SJ14,R,2657LAA001_G10,2657LAA001_G10_customer.ab1,/home/shane/Documents/work/projects/hogle_lab/experiments/duckweedSynCom/data/raw/sanger_sequencing/20260529_EC00233196/2657LAA001_G10_customer.ab1,1305,40.4,43.0,0,0.0,10,1065,1055,46.7,0,0.0,True
20260529_EC00233196,TL25,F,2657LAA001_G11,2657LAA001_G11_customer.ab1,/home/shane/Documents/work/projects/hogle_lab/experiments/duckweedSynCom/data/raw/sanger_sequencing/20260529_EC00233196/2657LAA001_G11_customer.ab1,1398,16.6,14.0,0,0.0,54,1307,1253,17.3,0,0.0,False
20260529_EC00233196,TL25,R,2657LAA001_G12,2657LAA001_G12_customer.ab1,/home/shane/Documents/work/projects/hogle_lab/experiments/duckweedSynCom/data/raw/sanger_sequencing/20260529_EC00233196/2657LAA001_G12_customer.ab1,1442,16.2,14.0,0,0.0,87,1335,1248,17.1,0,0.0,False
20260529_EC00233196,HA52,F,2657LAA001_H01,2657LAA001_H01_customer.ab1,/home/shane/Documents/work/projects/hogle_lab/experiments/duckweedSynCom/data/raw/sanger_sequencing/20260529_EC00233196/2657LAA001_H01_customer.ab1,851,12.0,11.0,0,0.0,0,0,0,0.0,0,0.0,False
20260529_EC00233196,HA52,R,2657LAA001_H02,2657LAA001_H02_customer.ab1,/home/shane/Documents/work/projects/hogle_lab/experiments/duckweedSynCom/data/raw/sanger_sequencing/20260529_EC00233196/2657LAA001_H02_customer.ab1,858,12.7,12.0,0,0.0,0,0,0,0.0,0,0.0,False
20260529_EC00233196,SJ07,F,2657LAA001_H03,2657LAA001_H03_customer.ab1,/home/shane/Documents/work/projects/hogle_lab/experiments/duckweedSynCom/data/raw/sanger_sequencing/20260529_EC00233196/2657LAA001_H03_customer.ab1,1337,35.9,38.0,0,0.0,62,1136,1074,41.6,0,0.0,True
20260529_EC00233196,SJ07,R,2657LAA001_H04,2657LAA001_H04_customer.ab1,/home/shane/Documents/work/projects/hogle_lab/experiments/duckweedSynCom/data/raw/sanger_sequencing/20260529_EC00233196/2657LAA001_H04_customer.ab1,1305,39.4,53.0,0,0.0,11,1000,989,48.3,0,0.0,True
20260529_EC00233196,HA21B,F,2657LAA001_H05,2657LAA001_H05_customer.ab1,/home/shane/Documents/work/projects/hogle_lab/experiments/duckweedSynCom/data/raw/sanger_sequencing/20260529_EC00233196/2657LAA001_H05_customer.ab1,1302,40.1,43.0,0,0.0,40,1074,1034,47.1,0,0.0,True
20260529_EC00233196,HA21B,R,2657LAA001_H06,2657LAA001_H06_customer.ab1,/home/shane/Documents/work/projects/hogle_lab/experiments/duckweedSynCom/data/raw/sanger_sequencing/20260529_EC00233196/2657LAA001_H06_customer.ab1,1311,42.0,48.0,0,0.0,11,1104,1093,47.7,0,0.0,True
20260529_EC00233196,HA48,F,2657LAA001_H07,2657LAA001_H07_customer.ab1,/home/shane/Documents/work/projects/hogle_lab/experiments/duckweedSynCom/data/raw/sanger_sequencing/20260529_EC00233196/2657LAA001_H07_customer.ab1,1302,37.1,40.0,0,0.0,33,1139,1106,41.7,0,0.0,True
20260529_EC00233196,HA48,R,2657LAA001_H08,2657LAA001_H08_customer.ab1,/home/shane/Documents/work/projects/hogle_lab/experiments/duckweedSynCom/data/raw/sanger_sequencing/20260529_EC00233196/2657LAA001_H08_customer.ab1,1279,40.4,44.0,0,0.0,14,1151,1137,44.2,0,0.0,True
20260529_EC00233196,SJ17,F,2657LAA001_H09,2657LAA001_H09_customer.ab1,/home/shane/Documents/work/projects/hogle_lab/experiments/duckweedSynCom/data/raw/sanger_sequencing/20260529_EC00233196/2657LAA001_H09_customer.ab1,1324,37.5,41.0,0,0.0,59,1080,1021,45.1,0,0.0,True
20260529_EC00233196,SJ17,R,2657LAA001_H10,2657LAA001_H10_customer.ab1,/home/shane/Documents/work/projects/hogle_lab/experiments/duckweedSynCom/data/raw/sanger_sequencing/20260529_EC00233196/2657LAA001_H10_customer.ab1,1281,41.0,44.0,0,0.0,9,1281,1272,41.3,0,0.0,True
20260529_EC00233196,TL34,F,2657LAA001_H11,2657LAA001_H11_customer.ab1,/home/shane/Documents/work/projects/hogle_lab/experiments/duckweedSynCom/data/raw/sanger_sequencing/20260529_EC00233196/2657LAA001_H11_customer.ab1,1332,38.0,41.0,0,0.0,58,1086,1028,45.6,0,0.0,True
20260529_EC00233196,TL34,R,2657LAA001_H12,2657LAA001_H12_customer.ab1,/home/shane/Documents/work/projects/hogle_lab/experiments/duckweedSynCom/data/raw/sanger_sequencing/20260529_EC00233196/2657LAA001_H12_customer.ab1,1271,40.2,43.0,0,0.0,10,1117,1107,44.3,0,0.0,True
20260627_EC00237683,TL55,R,26A7KAB000,26A7KAB000_customer.ab1,/home/shane/Documents/work/projects/hogle_lab/experiments/duckweedSynCom/data/raw/sanger_sequencing/20260627_EC00237683/26A7KAB000_customer.ab1,1322,43.0,55.0,0,0.0,11,1156,1145,47.7,0,0.0,True
20260627_EC00237683,TL55,F,26A7KAB001,26A7KAB001_customer.ab1,/home/shane/Documents/work/projects/hogle_lab/experiments/duckweedSynCom/data/raw/sanger_sequencing/20260627_EC00237683/26A7KAB001_customer.ab1,1285,41.9,54.0,0,0.0,8,1016,1008,49.8,0,0.0,True
20260627_EC00237683,TL38,R,26A7KAB002,26A7KAB002_customer.ab1,/home/shane/Documents/work/projects/hogle_lab/experiments/duckweedSynCom/data/raw/sanger_sequencing/20260627_EC00237683/26A7KAB002_customer.ab1,1300,41.4,53.0,0,0.0,55,1125,1070,47.5,0,0.0,True
20260627_EC00237683,TL38,F,26A7KAB003,26A7KAB003_customer.ab1,/home/shane/Documents/work/projects/hogle_lab/experiments/duckweedSynCom/data/raw/sanger_sequencing/20260627_EC00237683/26A7KAB003_customer.ab1,1298,37.8,41.0,0,0.0,13,1261,1248,38.9,0,0.0,True
20260627_EC00237683,TL25,R,26A7KAB004,26A7KAB004_customer.ab1,/home/shane/Documents/work/projects/hogle_lab/experiments/duckweedSynCom/data/raw/sanger_sequencing/20260627_EC00237683/26A7KAB004_customer.ab1,1304,43.6,60.0,0,0.0,11,1135,1124,48.4,0,0.0,True
20260627_EC00237683,TL25,F,26A7KAB005,26A7KAB005_customer.ab1,/home/shane/Documents/work/projects/hogle_lab/experiments/duckweedSynCom/data/raw/sanger_sequencing/20260627_EC00237683/26A7KAB005_customer.ab1,1302,42.1,53.0,0,0.0,10,1123,1113,47.0,0,0.0,True
20260627_EC00237683,TL10,R,26A7KAB006,26A7KAB006_customer.ab1,/home/shane/Documents/work/projects/hogle_lab/experiments/duckweedSynCom/data/raw/sanger_sequencing/20260627_EC00237683/26A7KAB006_customer.ab1,1286,44.3,62.0,0,0.0,16,1161,1145,48.2,0,0.0,True
20260627_EC00237683,TL10,F,26A7KAB007,26A7KAB007_customer.ab1,/home/shane/Documents/work/projects/hogle_lab/experiments/duckweedSynCom/data/raw/sanger_sequencing/20260627_EC00237683/26A7KAB007_customer.ab1,1317,39.7,43.0,0,0.0,15,1132,1117,44.8,0,0.0,True
20260627_EC00237683,HA69B,R,26A7KAB008,26A7KAB008_customer.ab1,/home/shane/Documents/work/projects/hogle_lab/experiments/duckweedSynCom/data/raw/sanger_sequencing/20260627_EC00237683/26A7KAB008_customer.ab1,1268,41.8,51.0,0,0.0,44,1142,1098,46.2,0,0.0,True
20260627_EC00237683,HA69B,F,26A7KAB009,26A7KAB009_customer.ab1,/home/shane/Documents/work/projects/hogle_lab/experiments/duckweedSynCom/data/raw/sanger_sequencing/20260627_EC00237683/26A7KAB009_customer.ab1,1309,44.6,56.0,0,0.0,6,1294,1288,45.2,0,0.0,True
20260627_EC00237683,HA25,F,2703KAA092,2703KAA092_customer.ab1,/home/shane/Documents/work/projects/hogle_lab/experiments/duckweedSynCom/data/raw/sanger_sequencing/20260627_EC00237683/2703KAA092_customer.ab1,1333,30.8,16.0,0,0.0,13,635,622,53.8,0,0.0,True
20260627_EC00237683,HA25,R,2703KAA093,2703KAA093_customer.ab1,/home/shane/Documents/work/projects/hogle_lab/experiments/duckweedSynCom/data/raw/sanger_sequencing/20260627_EC00237683/2703KAA093_customer.ab1,1276,44.1,59.0,0,0.0,17,1153,1136,47.8,0,0.0,True
20260627_EC00237683,HA29,F,2703KAA094,2703KAA094_customer.ab1,/home/shane/Documents/work/projects/hogle_lab/experiments/duckweedSynCom/data/raw/sanger_sequencing/20260627_EC00237683/2703KAA094_customer.ab1,1276,42.9,55.0,0,0.0,12,1120,1108,47.6,0,0.0,True
20260627_EC00237683,HA29,R,2703KAA095,2703KAA095_customer.ab1,/home/shane/Documents/work/projects/hogle_lab/experiments/duckweedSynCom/data/raw/sanger_sequencing/20260627_EC00237683/2703KAA095_customer.ab1,1297,44.2,57.0,0,0.0,17,1141,1124,48.8,0,0.0,True
20260627_EC00237683,HA42,F,2703KAA096,2703KAA096_customer.ab1,/home/shane/Documents/work/projects/hogle_lab/experiments/duckweedSynCom/data/raw/sanger_sequencing/20260627_EC00237683/2703KAA096_customer.ab1,1316,45.2,59.0,0,0.0,15,1185,1170,49.1,0,0.0,True
20260627_EC00237683,HA42,R,2703KAA097,2703KAA097_customer.ab1,/home/shane/Documents/work/projects/hogle_lab/experiments/duckweedSynCom/data/raw/sanger_sequencing/20260627_EC00237683/2703KAA097_customer.ab1,1335,40.4,44.0,0,0.0,25,1297,1272,41.9,0,0.0,True
20260627_EC00237683,HA52,F,2703KAA098,2703KAA098_customer.ab1,/home/shane/Documents/work/projects/hogle_lab/experiments/duckweedSynCom/data/raw/sanger_sequencing/20260627_EC00237683/2703KAA098_customer.ab1,1313,41.6,54.0,0,0.0,11,1086,1075,48.2,0,0.0,True
20260627_EC00237683,HA52,R,2703KAA099,2703KAA099_customer.ab1,/home/shane/Documents/work/projects/hogle_lab/experiments/duckweedSynCom/data/raw/sanger_sequencing/20260627_EC00237683/2703KAA099_customer.ab1,1295,44.0,57.0,0,0.0,15,1145,1130,48.4,0,0.0,True
20260921_EC00248049,TL01_small,F,27C9LAB001_A07,27C9LAB001_A07_customer.ab1,/home/shane/Documents/work/projects/hogle_lab/experiments/duckweedSynCom/data/raw/sanger_sequencing/20260921_EC00248049/27C9LAB001_A07_customer.ab1,1308,39.7,53.0,0,0.0,7,986,979,49.2,0,0.0,True
20260921_EC00248049,TL55,F,27C9LAB001_A08,27C9LAB001_A08_customer.ab1,/home/shane/Documents/work/projects/hogle_lab/experiments/duckweedSynCom/data/raw/sanger_sequencing/20260921_EC00248049/27C9LAB001_A08_customer.ab1,1313,40.8,53.0,0,0.0,7,998,991,50.2,0,0.0,True
20260921_EC00248049,TL01_small,R,27C9LAB001_A09,27C9LAB001_A09_customer.ab1,/home/shane/Documents/work/projects/hogle_lab/experiments/duckweedSynCom/data/raw/sanger_sequencing/20260921_EC00248049/27C9LAB001_A09_customer.ab1,1330,43.2,58.0,0,0.0,12,1140,1128,48.7,0,0.0,True
20260921_EC00248049,TL55,R,27C9LAB001_A10,27C9LAB001_A10_customer.ab1,/home/shane/Documents/work/projects/hogle_lab/experiments/duckweedSynCom/data/raw/sanger_sequencing/20260921_EC00248049/27C9LAB001_A10_customer.ab1,1327,41.3,54.0,0,0.0,21,1025,1004,50.9,0,0.0,True
20260921_EC00248049,TL12,F,27C9LAB001_A11,27C9LAB001_A11_customer.ab1,/home/shane/Documents/work/projects/hogle_lab/experiments/duckweedSynCom/data/raw/sanger_sequencing/20260921_EC00248049/27C9LAB001_A11_customer.ab1,1335,35.3,39.0,0,0.0,9,812,803,51.6,0,0.0,True
20260921_EC00248049,TL12,R,27C9LAB001_A12,27C9LAB001_A12_customer.ab1,/home/shane/Documents/work/projects/hogle_lab/experiments/duckweedSynCom/data/raw/sanger_sequencing/20260921_EC00248049/27C9LAB001_A12_customer.ab1,1320,44.6,60.0,0,0.0,18,1122,1104,50.7,0,0.0,True
20260921_EC00248049,TL01_big,F,27C9LAB001_B07,27C9LAB001_B07_customer.ab1,/home/shane/Documents/work/projects/hogle_lab/experiments/duckweedSynCom/data/raw/sanger_sequencing/20260921_EC00248049/27C9LAB001_B07_customer.ab1,1346,32.4,16.0,0,0.0,11,658,647,55.9,0,0.0,True
20260921_EC00248049,TL10,F,27C9LAB001_B08,27C9LAB001_B08_customer.ab1,/home/shane/Documents/work/projects/hogle_lab/experiments/duckweedSynCom/data/raw/sanger_sequencing/20260921_EC00248049/27C9LAB001_B08_customer.ab1,1338,42.6,54.0,0,0.0,8,1120,1112,48.7,0,0.0,True
20260921_EC00248049,TL01_big,R,27C9LAB001_B09,27C9LAB001_B09_customer.ab1,/home/shane/Documents/work/projects/hogle_lab/experiments/duckweedSynCom/data/raw/sanger_sequencing/20260921_EC00248049/27C9LAB001_B09_customer.ab1,1358,37.2,48.0,0,0.0,20,932,912,50.1,0,0.0,True
20260921_EC00248049,TL10,R,27C9LAB001_B10,27C9LAB001_B10_customer.ab1,/home/shane/Documents/work/projects/hogle_lab/experiments/duckweedSynCom/data/raw/sanger_sequencing/20260921_EC00248049/27C9LAB001_B10_customer.ab1,1329,44.5,58.0,0,0.0,18,1147,1129,50.4,0,0.0,True
20260921_EC00248049,TL13,F,27C9LAB001_B11,27C9LAB001_B11_customer.ab1,/home/shane/Documents/work/projects/hogle_lab/experiments/duckweedSynCom/data/raw/sanger_sequencing/20260921_EC00248049/27C9LAB001_B11_customer.ab1,1327,17.1,13.0,0,0.0,15,801,786,19.9,0,0.0,False
20260921_EC00248049,TL13,R,27C9LAB001_B12,27C9LAB001_B12_customer.ab1,/home/shane/Documents/work/projects/hogle_lab/experiments/duckweedSynCom/data/raw/sanger_sequencing/20260921_EC00248049/27C9LAB001_B12_customer.ab1,1325,42.8,55.0,0,0.0,23,1147,1124,48.0,0,0.0,True
20260921_EC00248049,HA69A_white,F,27C9LAB001_C07,27C9LAB001_C07_customer.ab1,/home/shane/Documents/work/projects/hogle_lab/experiments/duckweedSynCom/data/raw/sanger_sequencing/20260921_EC00248049/27C9LAB001_C07_customer.ab1,1329,41.3,54.0,0,0.0,6,1028,1022,50.1,0,0.0,True
20260921_EC00248049,HA02_big,F,27C9LAB001_C08,27C9LAB001_C08_customer.ab1,/home/shane/Documents/work/projects/hogle_lab/experiments/duckweedSynCom/data/raw/sanger_sequencing/20260921_EC00248049/27C9LAB001_C08_customer.ab1,1336,33.8,20.0,0,0.0,5,687,682,55.0,0,0.0,True
20260921_EC00248049,HA69A_white,R,27C9LAB001_C09,27C9LAB001_C09_customer.ab1,/home/shane/Documents/work/projects/hogle_lab/experiments/duckweedSynCom/data/raw/sanger_sequencing/20260921_EC00248049/27C9LAB001_C09_customer.ab1,1339,43.7,57.0,0,0.0,15,1129,1114,50.1,0,0.0,True
20260921_EC00248049,HA02_big,R,27C9LAB001_C10,27C9LAB001_C10_customer.ab1,/home/shane/Documents/work/projects/hogle_lab/experiments/duckweedSynCom/data/raw/sanger_sequencing/20260921_EC00248049/27C9LAB001_C10_customer.ab1,1323,44.4,59.0,0,0.0,18,1126,1108,50.4,0,0.0,True
20260921_EC00248049,TL17,F,27C9LAB001_C11,27C9LAB001_C11_customer.ab1,/home/shane/Documents/work/projects/hogle_lab/experiments/duckweedSynCom/data/raw/sanger_sequencing/20260921_EC00248049/27C9LAB001_C11_customer.ab1,1393,26.7,12.0,0,0.0,8,539,531,52.4,0,0.0,True
20260921_EC00248049,TL17,R,27C9LAB001_C12,27C9LAB001_C12_customer.ab1,/home/shane/Documents/work/projects/hogle_lab/experiments/duckweedSynCom/data/raw/sanger_sequencing/20260921_EC00248049/27C9LAB001_C12_customer.ab1,1330,44.3,59.0,0,0.0,16,1168,1152,49.0,0,0.0,True
20260921_EC00248049,HA69A_orange,F,27C9LAB001_D07,27C9LAB001_D07_customer.ab1,/home/shane/Documents/work/projects/hogle_lab/experiments/duckweedSynCom/data/raw/sanger_sequencing/20260921_EC00248049/27C9LAB001_D07_customer.ab1,1341,41.9,54.0,0,0.0,5,1006,1001,52.1,0,0.0,True
20260921_EC00248049,HA02_small,F,27C9LAB001_D08,27C9LAB001_D08_customer.ab1,/home/shane/Documents/work/projects/hogle_lab/experiments/duckweedSynCom/data/raw/sanger_sequencing/20260921_EC00248049/27C9LAB001_D08_customer.ab1,1353,34.4,22.0,0,0.0,6,812,806,49.8,0,0.0,True
20260921_EC00248049,HA69A_orange,R,27C9LAB001_D09,27C9LAB001_D09_customer.ab1,/home/shane/Documents/work/projects/hogle_lab/experiments/duckweedSynCom/data/raw/sanger_sequencing/20260921_EC00248049/27C9LAB001_D09_customer.ab1,1334,44.3,59.0,0,0.0,22,1199,1177,48.7,0,0.0,True
20260921_EC00248049,HA02_small,R,27C9LAB001_D10,27C9LAB001_D10_customer.ab1,/home/shane/Documents/work/projects/hogle_lab/experiments/duckweedSynCom/data/raw/sanger_sequencing/20260921_EC00248049/27C9LAB001_D10_customer.ab1,1316,44.0,59.0,0,0.0,17,1113,1096,50.2,0,0.0,True
20260921_EC00248049,TL23,F,27C9LAB001_D11,27C9LAB001_D11_customer.ab1,/home/shane/Documents/work/projects/hogle_lab/experiments/duckweedSynCom/data/raw/sanger_sequencing/20260921_EC00248049/27C9LAB001_D11_customer.ab1,1344,42.4,54.0,0,0.0,10,1087,1077,49.9,0,0.0,True
20260921_EC00248049,TL23,R,27C9LAB001_D12,27C9LAB001_D12_customer.ab1,/home/shane/Documents/work/projects/hogle_lab/experiments/duckweedSynCom/data/raw/sanger_sequencing/20260921_EC00248049/27C9LAB001_D12_customer.ab1,1324,44.5,61.0,0,0.0,14,1126,1112,50.7,0,0.0,True
20260921_EC00248049,HA12_yellow,F,27C9LAB001_E07,27C9LAB001_E07_customer.ab1,/home/shane/Documents/work/projects/hogle_lab/experiments/duckweedSynCom/data/raw/sanger_sequencing/20260921_EC00248049/27C9LAB001_E07_customer.ab1,1324,39.7,51.0,0,0.0,7,1007,1000,48.7,0,0.0,True
20260921_EC00248049,HA25,F,27C9LAB001_E08,27C9LAB001_E08_customer.ab1,/home/shane/Documents/work/projects/hogle_lab/experiments/duckweedSynCom/data/raw/sanger_sequencing/20260921_EC00248049/27C9LAB001_E08_customer.ab1,1351,40.8,53.0,0,0.0,9,1099,1090,48.0,0,0.0,True
20260921_EC00248049,HA12_yellow,R,27C9LAB001_E09,27C9LAB001_E09_customer.ab1,/home/shane/Documents/work/projects/hogle_lab/experiments/duckweedSynCom/data/raw/sanger_sequencing/20260921_EC00248049/27C9LAB001_E09_customer.ab1,1326,44.5,59.0,0,0.0,8,1141,1133,49.6,0,0.0,True
20260921_EC00248049,HA25,R,27C9LAB001_E10,27C9LAB001_E10_customer.ab1,/home/shane/Documents/work/projects/hogle_lab/experiments/duckweedSynCom/data/raw/sanger_sequencing/20260921_EC00248049/27C9LAB001_E10_customer.ab1,1308,45.3,60.0,0,0.0,11,1307,1296,45.6,0,0.0,True
20260921_EC00248049,TL28,F,27C9LAB001_E11,27C9LAB001_E11_customer.ab1,/home/shane/Documents/work/projects/hogle_lab/experiments/duckweedSynCom/data/raw/sanger_sequencing/20260921_EC00248049/27C9LAB001_E11_customer.ab1,1333,25.0,16.0,0,0.0,9,822,813,34.2,0,0.0,True
20260921_EC00248049,TL28,R,27C9LAB001_E12,27C9LAB001_E12_customer.ab1,/home/shane/Documents/work/projects/hogle_lab/experiments/duckweedSynCom/data/raw/sanger_sequencing/20260921_EC00248049/27C9LAB001_E12_customer.ab1,1309,37.1,41.0,0,0.0,32,1078,1046,43.1,0,0.0,True
20260921_EC00248049,HA12_orange,F,27C9LAB001_F07,27C9LAB001_F07_customer.ab1,/home/shane/Documents/work/projects/hogle_lab/experiments/duckweedSynCom/data/raw/sanger_sequencing/20260921_EC00248049/27C9LAB001_F07_customer.ab1,1336,41.2,52.0,0,0.0,9,1142,1133,46.7,0,0.0,True
20260921_EC00248049,HA29,F,27C9LAB001_F08,27C9LAB001_F08_customer.ab1,/home/shane/Documents/work/projects/hogle_lab/experiments/duckweedSynCom/data/raw/sanger_sequencing/20260921_EC00248049/27C9LAB001_F08_customer.ab1,1323,43.6,56.0,0,0.0,5,1256,1251,45.3,0,0.0,True
20260921_EC00248049,HA12_orange,R,27C9LAB001_F09,27C9LAB001_F09_customer.ab1,/home/shane/Documents/work/projects/hogle_lab/experiments/duckweedSynCom/data/raw/sanger_sequencing/20260921_EC00248049/27C9LAB001_F09_customer.ab1,1318,43.8,58.0,0,0.0,11,1142,1131,49.0,0,0.0,True
20260921_EC00248049,HA29,R,27C9LAB001_F10,27C9LAB001_F10_customer.ab1,/home/shane/Documents/work/projects/hogle_lab/experiments/duckweedSynCom/data/raw/sanger_sequencing/20260921_EC00248049/27C9LAB001_F10_customer.ab1,1320,43.3,57.0,0,0.0,10,1106,1096,49.3,0,0.0,True
20260921_EC00248049,TL37,F,27C9LAB001_F11,27C9LAB001_F11_customer.ab1,/home/shane/Documents/work/projects/hogle_lab/experiments/duckweedSynCom/data/raw/sanger_sequencing/20260921_EC00248049/27C9LAB001_F11_customer.ab1,1331,39.4,53.0,0,0.0,9,988,979,49.5,0,0.0,True
20260921_EC00248049,TL37,R,27C9LAB001_F12,27C9LAB001_F12_customer.ab1,/home/shane/Documents/work/projects/hogle_lab/experiments/duckweedSynCom/data/raw/sanger_sequencing/20260921_EC00248049/27C9LAB001_F12_customer.ab1,1309,44.6,61.0,0,0.0,13,1132,1119,50.2,0,0.0,True
20260921_EC00248049,HA42,F,27C9LAB001_G07,27C9LAB001_G07_customer.ab1,/home/shane/Documents/work/projects/hogle_lab/experiments/duckweedSynCom/data/raw/sanger_sequencing/20260921_EC00248049/27C9LAB001_G07_customer.ab1,1307,43.3,56.0,0,0.0,5,1270,1265,44.3,0,0.0,True
20260921_EC00248049,HA52,F,27C9LAB001_G08,27C9LAB001_G08_customer.ab1,/home/shane/Documents/work/projects/hogle_lab/experiments/duckweedSynCom/data/raw/sanger_sequencing/20260921_EC00248049/27C9LAB001_G08_customer.ab1,1309,43.8,56.0,0,0.0,5,1258,1253,45.2,0,0.0,True
20260921_EC00248049,HA42,R,27C9LAB001_G09,27C9LAB001_G09_customer.ab1,/home/shane/Documents/work/projects/hogle_lab/experiments/duckweedSynCom/data/raw/sanger_sequencing/20260921_EC00248049/27C9LAB001_G09_customer.ab1,1322,43.6,57.0,0,0.0,10,1090,1080,50.2,0,0.0,True
20260921_EC00248049,HA52,R,27C9LAB001_G10,27C9LAB001_G10_customer.ab1,/home/shane/Documents/work/projects/hogle_lab/experiments/duckweedSynCom/data/raw/sanger_sequencing/20260921_EC00248049/27C9LAB001_G10_customer.ab1,1321,43.9,57.0,0,0.0,13,1295,1282,44.9,0,0.0,True
20260921_EC00248049,TL40,F,27C9LAB001_G11,27C9LAB001_G11_customer.ab1,/home/shane/Documents/work/projects/hogle_lab/experiments/duckweedSynCom/data/raw/sanger_sequencing/20260921_EC00248049/27C9LAB001_G11_customer.ab1,1317,39.1,53.0,0,0.0,6,1002,996,48.3,0,0.0,True
20260921_EC00248049,TL40,R,27C9LAB001_G12,27C9LAB001_G12_customer.ab1,/home/shane/Documents/work/projects/hogle_lab/experiments/duckweedSynCom/data/raw/sanger_sequencing/20260921_EC00248049/27C9LAB001_G12_customer.ab1,1324,43.5,59.0,0,0.0,13,1121,1108,49.6,0,0.0,True
20260921_EC00248049,HA69B,F,27C9LAB001_H07,27C9LAB001_H07_customer.ab1,/home/shane/Documents/work/projects/hogle_lab/experiments/duckweedSynCom/data/raw/sanger_sequencing/20260921_EC00248049/27C9LAB001_H07_customer.ab1,1302,43.4,56.0,0,0.0,7,1167,1160,47.1,0,0.0,True
20260921_EC00248049,TL25,F,27C9LAB001_H08,27C9LAB001_H08_customer.ab1,/home/shane/Documents/work/projects/hogle_lab/experiments/duckweedSynCom/data/raw/sanger_sequencing/20260921_EC00248049/27C9LAB001_H08_customer.ab1,1307,43.4,55.0,0,0.0,7,1138,1131,48.3,0,0.0,True
20260921_EC00248049,HA69B,R,27C9LAB001_H09,27C9LAB001_H09_customer.ab1,/home/shane/Documents/work/projects/hogle_lab/experiments/duckweedSynCom/data/raw/sanger_sequencing/20260921_EC00248049/27C9LAB001_H09_customer.ab1,1309,44.0,58.0,0,0.0,13,1284,1271,44.9,0,0.0,True
20260921_EC00248049,TL25,R,27C9LAB001_H10,27C9LAB001_H10_customer.ab1,/home/shane/Documents/work/projects/hogle_lab/experiments/duckweedSynCom/data/raw/sanger_sequencing/20260921_EC00248049/27C9LAB001_H10_customer.ab1,1343,44.6,59.0,0,0.0,13,1155,1142,50.0,0,0.0,True
20260921_EC00248049,TL43,F,27C9LAB001_H11,27C9LAB001_H11_customer.ab1,/home/shane/Documents/work/projects/hogle_lab/experiments/duckweedSynCom/data/raw/sanger_sequencing/20260921_EC00248049/27C9LAB001_H11_customer.ab1,1340,39.3,52.0,0,0.0,8,1011,1003,48.8,0,0.0,True
20260921_EC00248049,TL43,R,27C9LAB001_H12,27C9LAB001_H12_customer.ab1,/home/shane/Documents/work/projects/hogle_lab/experiments/duckweedSynCom/data/raw/sanger_sequencing/20260921_EC00248049/27C9LAB001_H12_customer.ab1,1313,41.6,53.0,0,0.0,15,1152,1137,46.1,0,0.0,True
20260921_EC00248041,TL49,F,2703KAA001,2703KAA001_customer.ab1,/home/shane/Documents/work/projects/hogle_lab/experiments/duckweedSynCom/data/raw/sanger_sequencing/20260921_EC00248041/2703KAA001_customer.ab1,1301,43.6,60.0,0,0.0,11,1295,1284,44.2,0,0.0,True
20260921_EC00248041,TL49,R,2703KAA002,2703KAA002_customer.ab1,/home/shane/Documents/work/projects/hogle_lab/experiments/duckweedSynCom/data/raw/sanger_sequencing/20260921_EC00248041/2703KAA002_customer.ab1,1284,43.4,57.0,0,0.0,7,1030,1023,50.8,0,0.0,True
20260921_EC00248041,TL56,F,2703KAA003,2703KAA003_customer.ab1,/home/shane/Documents/work/projects/hogle_lab/experiments/duckweedSynCom/data/raw/sanger_sequencing/20260921_EC00248041/2703KAA003_customer.ab1,1308,43.6,58.0,0,0.0,17,1308,1291,44.1,0,0.0,True
20260921_EC00248041,TL56,R,2703KAA004,2703KAA004_customer.ab1,/home/shane/Documents/work/projects/hogle_lab/experiments/duckweedSynCom/data/raw/sanger_sequencing/20260921_EC00248041/2703KAA004_customer.ab1,1265,43.3,57.0,0,0.0,11,1115,1104,48.0,0,0.0,True
20260921_EC00248041,HA24,F,2703KAA005,2703KAA005_customer.ab1,/home/shane/Documents/work/projects/hogle_lab/experiments/duckweedSynCom/data/raw/sanger_sequencing/20260921_EC00248041/2703KAA005_customer.ab1,1305,43.8,59.0,0,0.0,14,1117,1103,49.3,0,0.0,True
20260921_EC00248041,HA24,R,2703KAA006,2703KAA006_customer.ab1,/home/shane/Documents/work/projects/hogle_lab/experiments/duckweedSynCom/data/raw/sanger_sequencing/20260921_EC00248041/2703KAA006_customer.ab1,1185,36.4,42.0,0,0.0,9,691,682,55.3,0,0.0,True
20260921_EC00248041,HA31,F,2703KAA007,2703KAA007_customer.ab1,/home/shane/Documents/work/projects/hogle_lab/experiments/duckweedSynCom/data/raw/sanger_sequencing/20260921_EC00248041/2703KAA007_customer.ab1,1278,44.4,59.0,0,0.0,11,1185,1174,47.1,0,0.0,True
20260921_EC00248041,HA31,R,2703KAA008,2703KAA008_customer.ab1,/home/shane/Documents/work/projects/hogle_lab/experiments/duckweedSynCom/data/raw/sanger_sequencing/20260921_EC00248041/2703KAA008_customer.ab1,1317,38.9,53.0,0,0.0,17,902,885,52.4,0,0.0,True
20260921_EC00248041,HA15,F,2703KAA009,2703KAA009_customer.ab1,/home/shane/Documents/work/projects/hogle_lab/experiments/duckweedSynCom/data/raw/sanger_sequencing/20260921_EC00248041/2703KAA009_customer.ab1,1278,44.2,59.5,0,0.0,9,1136,1127,48.3,0,0.0,True
20260921_EC00248041,HA15,R,2703KAA010,2703KAA010_customer.ab1,/home/shane/Documents/work/projects/hogle_lab/experiments/duckweedSynCom/data/raw/sanger_sequencing/20260921_EC00248041/2703KAA010_customer.ab1,1314,42.6,56.0,0,0.0,16,1078,1062,50.0,0,0.0,True
20260921_EC00248041,HA38,F,2703KAA011,2703KAA011_customer.ab1,/home/shane/Documents/work/projects/hogle_lab/experiments/duckweedSynCom/data/raw/sanger_sequencing/20260921_EC00248041/2703KAA011_customer.ab1,1177,44.4,58.0,0,0.0,14,1099,1085,47.1,0,0.0,True
20260921_EC00248041,HA38,R,2703KAA012,2703KAA012_customer.ab1,/home/shane/Documents/work/projects/hogle_lab/experiments/duckweedSynCom/data/raw/sanger_sequencing/20260921_EC00248041/2703KAA012_customer.ab1,904,39.0,44.0,0,0.0,15,686,671,48.5,0,0.0,True
20260921_EC00248041,HA49,F,2703KAA013,2703KAA013_customer.ab1,/home/shane/Documents/work/projects/hogle_lab/experiments/duckweedSynCom/data/raw/sanger_sequencing/20260921_EC00248041/2703KAA013_customer.ab1,1322,44.3,59.5,0,0.0,10,1144,1134,49.3,0,0.0,True
20260921_EC00248041,HA49,R,2703KAA014,2703KAA014_customer.ab1,/home/shane/Documents/work/projects/hogle_lab/experiments/duckweedSynCom/data/raw/sanger_sequencing/20260921_EC00248041/2703KAA014_customer.ab1,1315,34.4,19.0,0,0.0,10,689,679,56.3,0,0.0,True
20260921_EC00248041,SJ04,F,2703KAA015,2703KAA015_customer.ab1,/home/shane/Documents/work/projects/hogle_lab/experiments/duckweedSynCom/data/raw/sanger_sequencing/20260921_EC00248041/2703KAA015_customer.ab1,1293,43.4,59.0,0,0.0,9,1204,1195,46.0,0,0.0,True
20260921_EC00248041,SJ04,R,2703KAA016,2703KAA016_customer.ab1,/home/shane/Documents/work/projects/hogle_lab/experiments/duckweedSynCom/data/raw/sanger_sequencing/20260921_EC00248041/2703KAA016_customer.ab1,1469,28.3,22.0,0,0.0,47,1394,1347,29.7,0,0.0,True
20260921_EC00248041,SJ01,F,2703KAA017,2703KAA017_customer.ab1,/home/shane/Documents/work/projects/hogle_lab/experiments/duckweedSynCom/data/raw/sanger_sequencing/20260921_EC00248041/2703KAA017_customer.ab1,1323,43.4,59.0,0,0.0,8,1316,1308,43.8,0,0.0,True
20260921_EC00248041,SJ01,R,2703KAA018,2703KAA018_customer.ab1,/home/shane/Documents/work/projects/hogle_lab/experiments/duckweedSynCom/data/raw/sanger_sequencing/20260921_EC00248041/2703KAA018_customer.ab1,1281,40.2,51.0,0,0.0,11,1049,1038,47.0,0,0.0,True
