day	plate_uid	well_uid	well_id	plate_id	plate_name	strain	sample	replicate	is_control	area	count	color_blue	color_green	color_hue	color_red	color_saturation	color_value	date	source_file
0	HA_36_HA40_HA44	HA_36_HA40_HA44_A1	A1	A1	HA_36_HA40_HA44	HA36	HA36	1	FALSE	7.63	2	44	135	53.68	121.5	170.51	134.85	2026-06-03T12:17:28.796Z	DW_plates_1-10_0d.xlsx
0	HA_36_HA40_HA44	HA_36_HA40_HA44_A2	A2	A1	HA_36_HA40_HA44	HA36	HA36	5	FALSE	6.8	1	39	139	51.99	126	181.65	138.79	2026-06-03T12:16:38.213Z	DW_plates_1-10_0d.xlsx
0	HA_36_HA40_HA44	HA_36_HA40_HA44_A3	A3	A1	HA_36_HA40_HA44	HA40	HA40	1	FALSE	7.08	1	52	141	51.01	131	158.65	141.16	2026-06-03T12:16:31.172Z	DW_plates_1-10_0d.xlsx
0	HA_36_HA40_HA44	HA_36_HA40_HA44_A4	A4	A1	HA_36_HA40_HA44	HA40	HA40	5	FALSE	6.24	2	25	133	51.78	116	204.94	132.88	2026-06-03T12:15:41.268Z	DW_plates_1-10_0d.xlsx
0	HA_36_HA40_HA44	HA_36_HA40_HA44_A5	A5	A1	HA_36_HA40_HA44	HA44	HA44	1	FALSE	7.23	1	50	140	51.65	129	160.84	139.73	2026-06-03T12:15:33.920Z	DW_plates_1-10_0d.xlsx
0	HA_36_HA40_HA44	HA_36_HA40_HA44_A6	A6	A1	HA_36_HA40_HA44	HA44	HA44	5	FALSE	3.8	2	35.5	138	50.78	125	187.1	138.45	2026-06-03T12:14:36.922Z	DW_plates_1-10_0d.xlsx
0	HA_36_HA40_HA44	HA_36_HA40_HA44_B1	B1	A1	HA_36_HA40_HA44	HA36	HA36	2	FALSE	6.38	2	31.5	136.5	51.62	120	195.23	136.69	2026-06-03T12:17:21.490Z	DW_plates_1-10_0d.xlsx
0	HA_36_HA40_HA44	HA_36_HA40_HA44_B2	B2	A1	HA_36_HA40_HA44	HA36	HA36	6	FALSE	7.62	2	35.5	138	52.11	122	187.74	138	2026-06-03T12:16:45.265Z	DW_plates_1-10_0d.xlsx
0	HA_36_HA40_HA44	HA_36_HA40_HA44_B3	B3	A1	HA_36_HA40_HA44	HA40	HA40	2	FALSE	8.45	2	52	140.5	52.58	129	160.51	141.12	2026-06-03T12:16:23.830Z	DW_plates_1-10_0d.xlsx
0	HA_36_HA40_HA44	HA_36_HA40_HA44_B4	B4	A1	HA_36_HA40_HA44	HA40	HA40	6	FALSE	5.54	1	47	142	51.45	130	167.29	141.97	2026-06-03T12:15:48.283Z	DW_plates_1-10_0d.xlsx
0	HA_36_HA40_HA44	HA_36_HA40_HA44_B5	B5	A1	HA_36_HA40_HA44	HA44	HA44	2	FALSE	3.11	1	40	139	52.71	125	178.51	139.24	2026-06-03T12:15:26.611Z	DW_plates_1-10_0d.xlsx
0	HA_36_HA40_HA44	HA_36_HA40_HA44_B6	B6	A1	HA_36_HA40_HA44	HA44	HA44	6	FALSE	6.08	2	42.5	115.5	66.8	99	170.23	116.76	2026-06-03T12:14:50.123Z	DW_plates_1-10_0d.xlsx
0	HA_36_HA40_HA44	HA_36_HA40_HA44_C1	C1	A1	HA_36_HA40_HA44	HA36	HA36	3	FALSE	6.51	1	63	144	52.24	134	141.67	143.7	2026-06-03T12:17:14.057Z	DW_plates_1-10_0d.xlsx
0	HA_36_HA40_HA44	HA_36_HA40_HA44_C2	C2	A1	HA_36_HA40_HA44	HA36	HA36	7	FALSE	5.49	2	31.5	135.5	52.93	118	193.6	135.55	2026-06-03T12:16:52.329Z	DW_plates_1-10_0d.xlsx
0	HA_36_HA40_HA44	HA_36_HA40_HA44_C3	C3	A1	HA_36_HA40_HA44	HA40	HA40	3	FALSE	4.22	1	65	146	52.47	136	140.04	146.52	2026-06-03T12:16:16.785Z	DW_plates_1-10_0d.xlsx
0	HA_36_HA40_HA44	HA_36_HA40_HA44_C4	C4	A1	HA_36_HA40_HA44	HA40	HA40	7	FALSE	6.6	2	50.5	130.5	59.76	116	158.72	131.13	2026-06-03T12:15:55.336Z	DW_plates_1-10_0d.xlsx
0	HA_36_HA40_HA44	HA_36_HA40_HA44_C5	C5	A1	HA_36_HA40_HA44	HA44	HA44	3	FALSE	7.42	1	56	145	50.33	135	155.74	145.24	2026-06-03T12:15:19.480Z	DW_plates_1-10_0d.xlsx
0	HA_36_HA40_HA44	HA_36_HA40_HA44_C6	C6	A1	HA_36_HA40_HA44	HA44	HA44	7	FALSE	6.93	1	57	141	52.56	131	151.92	141.68	2026-06-03T12:14:57.439Z	DW_plates_1-10_0d.xlsx
0	HA_36_HA40_HA44	HA_36_HA40_HA44_D1	D1	A1	HA_36_HA40_HA44	HA36	HA36	4	FALSE	7.41	2	39.5	132	55.63	116.5	177.75	131.99	2026-06-03T12:17:06.754Z	DW_plates_1-10_0d.xlsx
0	HA_36_HA40_HA44	HA_36_HA40_HA44_D2	D2	A1	HA_36_HA40_HA44	HA36	HA36	8	FALSE	8.26	1	74	151	49.84	144	129.3	150.91	2026-06-03T12:16:59.379Z	DW_plates_1-10_0d.xlsx
0	HA_36_HA40_HA44	HA_36_HA40_HA44_D3	D3	A1	HA_36_HA40_HA44	HA40	HA40	4	FALSE	5.47	1	50	139	53.75	126	162.76	139.76	2026-06-03T12:16:09.730Z	DW_plates_1-10_0d.xlsx
0	HA_36_HA40_HA44	HA_36_HA40_HA44_D4	D4	A1	HA_36_HA40_HA44	HA40	HA40	8	FALSE	6.17	1	66	143	52.36	134	137.03	142.92	2026-06-03T12:16:02.396Z	DW_plates_1-10_0d.xlsx
0	HA_36_HA40_HA44	HA_36_HA40_HA44_D5	D5	A1	HA_36_HA40_HA44	HA44	HA44	4	FALSE	7.79	1	54	143	51.91	132	158.86	142.91	2026-06-03T12:15:12.200Z	DW_plates_1-10_0d.xlsx
0	HA_36_HA40_HA44	HA_36_HA40_HA44_D6	D6	A1	HA_36_HA40_HA44	HA44	HA44	8	FALSE	7.22	1	62	144	50.68	136	143.7	144.52	2026-06-03T12:15:04.818Z	DW_plates_1-10_0d.xlsx
0	HA1_HA2_HA3	HA1_HA2_HA3_A1	A1	A2	HA1_HA2_HA3	HA01	HA01	1	FALSE	3.75	1	34	121	55.05	107	180.41	121.36	2026-06-03T12:02:52.959Z	DW_plates_1-10_0d.xlsx
0	HA1_HA2_HA3	HA1_HA2_HA3_A2	A2	A2	HA1_HA2_HA3	HA01	HA01	5	FALSE	7.88	2	22.5	134.5	48.74	122.5	209.19	134.62	2026-06-03T12:02:01.736Z	DW_plates_1-10_0d.xlsx
0	HA1_HA2_HA3	HA1_HA2_HA3_A3	A3	A2	HA1_HA2_HA3	HA02	HA02	1	FALSE	5.41	2	25.5	130.5	51.87	117.5	201.9	131.05	2026-06-03T12:01:54.513Z	DW_plates_1-10_0d.xlsx
0	HA1_HA2_HA3	HA1_HA2_HA3_A4	A4	A2	HA1_HA2_HA3	HA02	HA02	5	FALSE	6.35	1	40	138	49.76	130	177.69	137.84	2026-06-03T12:01:03.354Z	DW_plates_1-10_0d.xlsx
0	HA1_HA2_HA3	HA1_HA2_HA3_A5	A5	A2	HA1_HA2_HA3	HA03	HA03	1	FALSE	3.7	1	40	112	52.22	103	163.63	111.94	2026-06-03T12:00:56.051Z	DW_plates_1-10_0d.xlsx
0	HA1_HA2_HA3	HA1_HA2_HA3_A6	A6	A2	HA1_HA2_HA3	HA03	HA03	5	FALSE	6.6	2	29	133.5	49.5	123.5	196.49	133.76	2026-06-03T12:00:03.225Z	DW_plates_1-10_0d.xlsx
0	HA1_HA2_HA3	HA1_HA2_HA3_B1	B1	A2	HA1_HA2_HA3	HA01	HA01	2	FALSE	7.64	2	31.5	133.5	50.58	122	192.12	133.97	2026-06-03T12:02:45.541Z	DW_plates_1-10_0d.xlsx
0	HA1_HA2_HA3	HA1_HA2_HA3_B2	B2	A2	HA1_HA2_HA3	HA01	HA01	6	FALSE	5.65	2	27.5	129.5	53.53	115.5	198.61	129.77	2026-06-03T12:02:08.829Z	DW_plates_1-10_0d.xlsx
0	HA1_HA2_HA3	HA1_HA2_HA3_B3	B3	A2	HA1_HA2_HA3	HA02	HA02	2	FALSE	5.58	1	51	135	51.98	126	157.4	134.98	2026-06-03T12:01:47.347Z	DW_plates_1-10_0d.xlsx
0	HA1_HA2_HA3	HA1_HA2_HA3_B4	B4	A2	HA1_HA2_HA3	HA02	HA02	6	FALSE	7.03	2	28	134.5	50.66	122	199.98	135.02	2026-06-03T12:01:10.669Z	DW_plates_1-10_0d.xlsx
0	HA1_HA2_HA3	HA1_HA2_HA3_B5	B5	A2	HA1_HA2_HA3	HA03	HA03	2	FALSE	6.74	2	26.5	137	49.11	125.5	203.52	137.38	2026-06-03T12:00:48.647Z	DW_plates_1-10_0d.xlsx
0	HA1_HA2_HA3	HA1_HA2_HA3_B6	B6	A2	HA1_HA2_HA3	HA03	HA03	6	FALSE	6.68	2	29	131.5	51.84	120.5	196.66	131.78	2026-06-03T12:00:11.582Z	DW_plates_1-10_0d.xlsx
0	HA1_HA2_HA3	HA1_HA2_HA3_C1	C1	A2	HA1_HA2_HA3	HA01	HA01	3	FALSE	3.59	1	27	132	52.78	118	200.91	132.48	2026-06-03T12:02:38.292Z	DW_plates_1-10_0d.xlsx
0	HA1_HA2_HA3	HA1_HA2_HA3_C2	C2	A2	HA1_HA2_HA3	HA01	HA01	7	FALSE	6.14	1	47	138	51.4	127	165.27	138.08	2026-06-03T12:02:16.228Z	DW_plates_1-10_0d.xlsx
0	HA1_HA2_HA3	HA1_HA2_HA3_C3	C3	A2	HA1_HA2_HA3	HA02	HA02	3	FALSE	6.55	1	64	130	50.36	125	129.75	130.41	2026-06-03T12:01:40.054Z	DW_plates_1-10_0d.xlsx
0	HA1_HA2_HA3	HA1_HA2_HA3_C4	C4	A2	HA1_HA2_HA3	HA02	HA02	7	FALSE	6.33	2	37	138	49.98	128	184.59	137.99	2026-06-03T12:01:18.039Z	DW_plates_1-10_0d.xlsx
0	HA1_HA2_HA3	HA1_HA2_HA3_C5	C5	A2	HA1_HA2_HA3	HA03	HA03	3	FALSE	3.28	1	32	129	52.37	116	187.15	128.89	2026-06-03T12:00:41.358Z	DW_plates_1-10_0d.xlsx
0	HA1_HA2_HA3	HA1_HA2_HA3_C6	C6	A2	HA1_HA2_HA3	HA03	HA03	7	FALSE	5.18	1	68	135	51.01	130	127.13	135.85	2026-06-03T12:00:19.223Z	DW_plates_1-10_0d.xlsx
0	HA1_HA2_HA3	HA1_HA2_HA3_D1	D1	A2	HA1_HA2_HA3	HA01	HA01	4	FALSE	4.63	1	51	127	52.85	117	151.49	127.42	2026-06-03T12:02:30.879Z	DW_plates_1-10_0d.xlsx
0	HA1_HA2_HA3	HA1_HA2_HA3_D2	D2	A2	HA1_HA2_HA3	HA01	HA01	8	FALSE	6.05	1	53	126	54.12	115	147.85	126.2	2026-06-03T12:02:23.549Z	DW_plates_1-10_0d.xlsx
0	HA1_HA2_HA3	HA1_HA2_HA3_D3	D3	A2	HA1_HA2_HA3	HA02	HA02	4	FALSE	4.82	1	31	135	51.38	122	193.86	135.66	2026-06-03T12:01:32.786Z	DW_plates_1-10_0d.xlsx
0	HA1_HA2_HA3	HA1_HA2_HA3_D4	D4	A2	HA1_HA2_HA3	HA02	HA02	8	FALSE	6.59	2	28.5	134.5	50.2	122	199.24	134.73	2026-06-03T12:01:25.399Z	DW_plates_1-10_0d.xlsx
0	HA1_HA2_HA3	HA1_HA2_HA3_D5	D5	A2	HA1_HA2_HA3	HA03	HA03	4	FALSE	9.85	2	31	138	49.26	127	194.86	138	2026-06-03T12:00:33.968Z	DW_plates_1-10_0d.xlsx
0	HA1_HA2_HA3	HA1_HA2_HA3_D6	D6	A2	HA1_HA2_HA3	HA03	HA03	8	FALSE	9.59	1	73	149	46.41	149	130.57	150.95	2026-06-03T12:00:26.616Z	DW_plates_1-10_0d.xlsx
0	HA46_HA48_HA59	HA46_HA48_HA59_A1	A1	B1	HA46_HA48_HA59	HA46	HA46	1	FALSE	4.53	2	36	127.5	57.31	109.5	183.84	127.86	2026-06-03T12:20:22.537Z	DW_plates_1-10_0d.xlsx
0	HA46_HA48_HA59	HA46_HA48_HA59_A2	A2	B1	HA46_HA48_HA59	HA46	HA46	5	FALSE	5.32	2	30.5	133.5	53.79	115.5	195.63	133.71	2026-06-03T12:19:31.932Z	DW_plates_1-10_0d.xlsx
0	HA46_HA48_HA59	HA46_HA48_HA59_A3	A3	B1	HA46_HA48_HA59	HA48	HA48	1	FALSE	10.02	1	63	148	50.44	139	145.79	147.69	2026-06-03T12:19:24.883Z	DW_plates_1-10_0d.xlsx
0	HA46_HA48_HA59	HA46_HA48_HA59_A4	A4	B1	HA46_HA48_HA59	HA48	HA48	5	FALSE	6.19	1	54	141	52.48	129	154.87	141.21	2026-06-03T12:18:35.288Z	DW_plates_1-10_0d.xlsx
0	HA46_HA48_HA59	HA46_HA48_HA59_A5	A5	B1	HA46_HA48_HA59	HA59	HA59	1	FALSE	5.92	1	49	140	52.92	128	163.79	140.2	2026-06-03T12:18:27.895Z	DW_plates_1-10_0d.xlsx
0	HA46_HA48_HA59	HA46_HA48_HA59_A6	A6	B1	HA46_HA48_HA59	HA59	HA59	5	FALSE	7.38	1	55	142	51.77	132	155.12	142.11	2026-06-03T12:17:36.181Z	DW_plates_1-10_0d.xlsx
0	HA46_HA48_HA59	HA46_HA48_HA59_B1	B1	B1	HA46_HA48_HA59	HA46	HA46	2	FALSE	6.05	1	44	141	51.45	127	174.18	140.86	2026-06-03T12:20:15.119Z	DW_plates_1-10_0d.xlsx
0	HA46_HA48_HA59	HA46_HA48_HA59_B2	B2	B1	HA46_HA48_HA59	HA46	HA46	6	FALSE	10.14	1	73	151	49.12	144	130.03	150.89	2026-06-03T12:19:38.984Z	DW_plates_1-10_0d.xlsx
0	HA46_HA48_HA59	HA46_HA48_HA59_B3	B3	B1	HA46_HA48_HA59	HA48	HA48	2	FALSE	9.89	1	71	150	50.54	142	133.41	149.8	2026-06-03T12:19:17.835Z	DW_plates_1-10_0d.xlsx
0	HA46_HA48_HA59	HA46_HA48_HA59_B4	B4	B1	HA46_HA48_HA59	HA48	HA48	6	FALSE	8.05	2	32	139.5	51.11	123	195.01	139.52	2026-06-03T12:18:42.297Z	DW_plates_1-10_0d.xlsx
0	HA46_HA48_HA59	HA46_HA48_HA59_B5	B5	B1	HA46_HA48_HA59	HA59	HA59	2	FALSE	6.66	1	47	142	52.97	129	170.75	142.24	2026-06-03T12:18:20.855Z	DW_plates_1-10_0d.xlsx
0	HA46_HA48_HA59	HA46_HA48_HA59_B6	B6	B1	HA46_HA48_HA59	HA59	HA59	6	FALSE	4.05	2	38	139	51.74	124.5	182.79	139.07	2026-06-03T12:17:45.314Z	DW_plates_1-10_0d.xlsx
0	HA46_HA48_HA59	HA46_HA48_HA59_C1	C1	B1	HA46_HA48_HA59	HA46	HA46	3	FALSE	6.29	1	73	147	51.64	140	127.96	147.51	2026-06-03T12:20:07.771Z	DW_plates_1-10_0d.xlsx
0	HA46_HA48_HA59	HA46_HA48_HA59_C2	C2	B1	HA46_HA48_HA59	HA46	HA46	7	FALSE	7.35	1	67	147	51.72	138	138.21	147.52	2026-06-03T12:19:46.023Z	DW_plates_1-10_0d.xlsx
0	HA46_HA48_HA59	HA46_HA48_HA59_C3	C3	B1	HA46_HA48_HA59	HA48	HA48	3	FALSE	7.24	1	62	146	52.06	136	145.55	146.16	2026-06-03T12:19:10.494Z	DW_plates_1-10_0d.xlsx
0	HA46_HA48_HA59	HA46_HA48_HA59_C4	C4	B1	HA46_HA48_HA59	HA48	HA48	7	FALSE	7.3	1	59	146	50.85	135	151.75	145.93	2026-06-03T12:18:49.337Z	DW_plates_1-10_0d.xlsx
0	HA46_HA48_HA59	HA46_HA48_HA59_C5	C5	B1	HA46_HA48_HA59	HA59	HA59	3	FALSE	6.14	1	55	144	53.18	132	157.06	144.18	2026-06-03T12:18:13.827Z	DW_plates_1-10_0d.xlsx
0	HA46_HA48_HA59	HA46_HA48_HA59_C6	C6	B1	HA46_HA48_HA59	HA59	HA59	7	FALSE	5.46	2	29	131.5	54.01	114.5	196.16	131.81	2026-06-03T12:17:52.407Z	DW_plates_1-10_0d.xlsx
0	HA46_HA48_HA59	HA46_HA48_HA59_D1	D1	B1	HA46_HA48_HA59	HA46	HA46	4	FALSE	7.41	2	41.5	130.5	57.9	115	174.3	131.2	2026-06-03T12:20:00.431Z	DW_plates_1-10_0d.xlsx
0	HA46_HA48_HA59	HA46_HA48_HA59_D2	D2	B1	HA46_HA48_HA59	HA46	HA46	8	FALSE	5.9	1	70	147	53.5	135	132.87	147.14	2026-06-03T12:19:53.382Z	DW_plates_1-10_0d.xlsx
0	HA46_HA48_HA59	HA46_HA48_HA59_D3	D3	B1	HA46_HA48_HA59	HA48	HA48	4	FALSE	11.46	2	47	142.5	50.1	130	171.84	142.61	2026-06-03T12:19:03.431Z	DW_plates_1-10_0d.xlsx
0	HA46_HA48_HA59	HA46_HA48_HA59_D4	D4	B1	HA46_HA48_HA59	HA48	HA48	8	FALSE	7.08	1	57	143	50.37	133	152.59	142.99	2026-06-03T12:18:56.444Z	DW_plates_1-10_0d.xlsx
0	HA46_HA48_HA59	HA46_HA48_HA59_D5	D5	B1	HA46_HA48_HA59	HA59	HA59	4	FALSE	9.52	1	68	150	49.34	143	137.38	150.25	2026-06-03T12:18:06.756Z	DW_plates_1-10_0d.xlsx
0	HA46_HA48_HA59	HA46_HA48_HA59_D6	D6	B1	HA46_HA48_HA59	HA59	HA59	8	FALSE	8.04	1	72	147	49.92	142	129.64	148.04	2026-06-03T12:17:59.405Z	DW_plates_1-10_0d.xlsx
0	HA6_HA8_HA10	HA6_HA8_HA10_A1	A1	B2	HA6_HA8_HA10	HA06	HA06	1	FALSE	3.81	1	34	122	55.71	106	181.9	122.38	2026-06-03T12:05:47.859Z	DW_plates_1-10_0d.xlsx
0	HA6_HA8_HA10	HA6_HA8_HA10_A2	A2	B2	HA6_HA8_HA10	HA06	HA06	5	FALSE	5.76	1	42	135	53.3	123	174.79	135.53	2026-06-03T12:04:57.899Z	DW_plates_1-10_0d.xlsx
0	HA6_HA8_HA10	HA6_HA8_HA10_A3	A3	B2	HA6_HA8_HA10	HA08	HA08	1	FALSE	3.4	1	34	127	55.23	112	185.56	127.53	2026-06-03T12:04:50.578Z	DW_plates_1-10_0d.xlsx
0	HA6_HA8_HA10	HA6_HA8_HA10_A4	A4	B2	HA6_HA8_HA10	HA08	HA08	5	FALSE	6.51	1	56	140	51.82	131	151.66	139.77	2026-06-03T12:04:00.902Z	DW_plates_1-10_0d.xlsx
0	HA6_HA8_HA10	HA6_HA8_HA10_A5	A5	B2	HA6_HA8_HA10	HA10	HA10	1	FALSE	4.11	1	31	128	55.02	114	191.15	128.64	2026-06-03T12:03:53.627Z	DW_plates_1-10_0d.xlsx
0	HA6_HA8_HA10	HA6_HA8_HA10_A6	A6	B2	HA6_HA8_HA10	HA10	HA10	5	FALSE	5.99	1	42	136	51.67	127	173.74	135.99	2026-06-03T12:03:00.252Z	DW_plates_1-10_0d.xlsx
0	HA6_HA8_HA10	HA6_HA8_HA10_B1	B1	B2	HA6_HA8_HA10	HA06	HA06	2	FALSE	7.63	2	28.5	135	51.23	120.5	198.92	135.46	2026-06-03T12:05:40.783Z	DW_plates_1-10_0d.xlsx
0	HA6_HA8_HA10	HA6_HA8_HA10_B2	B2	B2	HA6_HA8_HA10	HA06	HA06	6	FALSE	7.57	2	30	136	51.18	123	195.93	136.17	2026-06-03T12:05:04.933Z	DW_plates_1-10_0d.xlsx
0	HA6_HA8_HA10	HA6_HA8_HA10_B3	B3	B2	HA6_HA8_HA10	HA08	HA08	2	FALSE	6.44	2	30.5	133	52.49	118	194.45	133.33	2026-06-03T12:04:43.491Z	DW_plates_1-10_0d.xlsx
0	HA6_HA8_HA10	HA6_HA8_HA10_B4	B4	B2	HA6_HA8_HA10	HA08	HA08	6	FALSE	7.5	2	29	136	50.99	121.5	198.01	136.49	2026-06-03T12:04:07.997Z	DW_plates_1-10_0d.xlsx
0	HA6_HA8_HA10	HA6_HA8_HA10_B5	B5	B2	HA6_HA8_HA10	HA10	HA10	2	FALSE	6.6	2	29	137.5	49.81	124	199.07	137.68	2026-06-03T12:03:46.583Z	DW_plates_1-10_0d.xlsx
0	HA6_HA8_HA10	HA6_HA8_HA10_B6	B6	B2	HA6_HA8_HA10	HA10	HA10	6	FALSE	4.81	2	37	133	52.57	120	182.07	133.38	2026-06-03T12:03:09.491Z	DW_plates_1-10_0d.xlsx
0	HA6_HA8_HA10	HA6_HA8_HA10_C1	C1	B2	HA6_HA8_HA10	HA06	HA06	3	FALSE	4.88	1	65	129	51.46	123	127.43	129.45	2026-06-03T12:05:33.760Z	DW_plates_1-10_0d.xlsx
0	HA6_HA8_HA10	HA6_HA8_HA10_C2	C2	B2	HA6_HA8_HA10	HA06	HA06	7	FALSE	7.47	2	35.5	138	49.92	126.5	187.73	138.4	2026-06-03T12:05:12.036Z	DW_plates_1-10_0d.xlsx
0	HA6_HA8_HA10	HA6_HA8_HA10_C3	C3	B2	HA6_HA8_HA10	HA08	HA08	3	FALSE	2.98	1	41	138	53.08	125	177.03	138.4	2026-06-03T12:04:36.440Z	DW_plates_1-10_0d.xlsx
0	HA6_HA8_HA10	HA6_HA8_HA10_C4	C4	B2	HA6_HA8_HA10	HA08	HA08	7	FALSE	6.21	2	40.5	139	50.4	127	180.06	139.19	2026-06-03T12:04:14.990Z	DW_plates_1-10_0d.xlsx
0	HA6_HA8_HA10	HA6_HA8_HA10_C5	C5	B2	HA6_HA8_HA10	HA10	HA10	3	FALSE	4.31	1	53	123	55.68	109	145.13	123.07	2026-06-03T12:03:38.907Z	DW_plates_1-10_0d.xlsx
0	HA6_HA8_HA10	HA6_HA8_HA10_C6	C6	B2	HA6_HA8_HA10	HA10	HA10	7	FALSE	8.9	1	70	148	47.28	146	131.96	148.96	2026-06-03T12:03:16.793Z	DW_plates_1-10_0d.xlsx
0	HA6_HA8_HA10	HA6_HA8_HA10_D1	D1	B2	HA6_HA8_HA10	HA06	HA06	4	FALSE	5.74	2	25.5	131.5	52.43	117	202.89	131.61	2026-06-03T12:05:26.391Z	DW_plates_1-10_0d.xlsx
0	HA6_HA8_HA10	HA6_HA8_HA10_D2	D2	B2	HA6_HA8_HA10	HA06	HA06	8	FALSE	9.34	2	40.5	141.5	48.67	132	181.87	141.7	2026-06-03T12:05:19.029Z	DW_plates_1-10_0d.xlsx
0	HA6_HA8_HA10	HA6_HA8_HA10_D3	D3	B2	HA6_HA8_HA10	HA08	HA08	4	FALSE	10.03	1	66	148	47.38	143	140.26	148.2	2026-06-03T12:04:29.452Z	DW_plates_1-10_0d.xlsx
0	HA6_HA8_HA10	HA6_HA8_HA10_D4	D4	B2	HA6_HA8_HA10	HA08	HA08	8	FALSE	4.88	1	46	132	55.38	120	163.73	132.47	2026-06-03T12:04:22.075Z	DW_plates_1-10_0d.xlsx
0	HA6_HA8_HA10	HA6_HA8_HA10_D6	D6	B2	HA6_HA8_HA10	HA10	HA10	8	FALSE	6.22	1	68	138	52.46	132	130.1	138.51	2026-06-03T12:03:24.189Z	DW_plates_1-10_0d.xlsx
0	HA_61_HA64_HA69A	HA_61_HA64_HA69A_A1	A1	C1	HA_61_HA64_HA69A	HA61	HA61	1	FALSE	6.95	2	39.5	131	55.69	115.5	176.51	131.42	2026-06-03T12:23:16.129Z	DW_plates_1-10_0d.xlsx
0	HA_61_HA64_HA69A	HA_61_HA64_HA69A_A2	A2	C1	HA_61_HA64_HA69A	HA61	HA61	5	FALSE	10	1	67	148	50.22	141	139.08	148.27	2026-06-03T12:22:26.218Z	DW_plates_1-10_0d.xlsx
0	HA_61_HA64_HA69A	HA_61_HA64_HA69A_A3	A3	C1	HA_61_HA64_HA69A	HA64	HA64	1	FALSE	6.33	1	45	141	52.18	128	172.12	140.86	2026-06-03T12:22:18.915Z	DW_plates_1-10_0d.xlsx
0	HA_61_HA64_HA69A	HA_61_HA64_HA69A_A4	A4	C1	HA_61_HA64_HA69A	HA64	HA64	5	FALSE	7.64	1	60	144	52.54	132	148.72	143.82	2026-06-03T12:21:29.025Z	DW_plates_1-10_0d.xlsx
0	HA_61_HA64_HA69A	HA_61_HA64_HA69A_A5	A5	C1	HA_61_HA64_HA69A	HA69A	HA69A	1	FALSE	6.17	1	44	139	51.45	126	171.58	138.67	2026-06-03T12:21:21.901Z	DW_plates_1-10_0d.xlsx
0	HA_61_HA64_HA69A	HA_61_HA64_HA69A_A6	A6	C1	HA_61_HA64_HA69A	HA69A	HA69A	5	FALSE	7.59	1	60	144	52.34	134	147.74	144.45	2026-06-03T12:20:29.842Z	DW_plates_1-10_0d.xlsx
0	HA_61_HA64_HA69A	HA_61_HA64_HA69A_B1	B1	C1	HA_61_HA64_HA69A	HA61	HA61	2	FALSE	7.17	2	37.5	139.5	52.01	122	185.11	139.76	2026-06-03T12:23:09.063Z	DW_plates_1-10_0d.xlsx
0	HA_61_HA64_HA69A	HA_61_HA64_HA69A_B2	B2	C1	HA_61_HA64_HA69A	HA61	HA61	6	FALSE	6.99	2	35.5	137	53.52	120.5	187.16	137.1	2026-06-03T12:22:33.282Z	DW_plates_1-10_0d.xlsx
0	HA_61_HA64_HA69A	HA_61_HA64_HA69A_B3	B3	C1	HA_61_HA64_HA69A	HA64	HA64	2	FALSE	6.52	1	67	147	52.39	137	137.24	147.11	2026-06-03T12:22:11.524Z	DW_plates_1-10_0d.xlsx
0	HA_61_HA64_HA69A	HA_61_HA64_HA69A_B4	B4	C1	HA_61_HA64_HA69A	HA64	HA64	6	FALSE	5.67	2	32	132	54.96	113.5	191.42	132.04	2026-06-03T12:21:35.993Z	DW_plates_1-10_0d.xlsx
0	HA_61_HA64_HA69A	HA_61_HA64_HA69A_B5	B5	C1	HA_61_HA64_HA69A	HA69A	HA69A	2	FALSE	6.14	1	58	146	52.15	135	153.91	146.55	2026-06-03T12:21:14.858Z	DW_plates_1-10_0d.xlsx
0	HA_61_HA64_HA69A	HA_61_HA64_HA69A_B6	B6	C1	HA_61_HA64_HA69A	HA69A	HA69A	6	FALSE	11.28	2	42	139	51.7	125.5	178.03	139.24	2026-06-03T12:20:39.087Z	DW_plates_1-10_0d.xlsx
0	HA_61_HA64_HA69A	HA_61_HA64_HA69A_C1	C1	C1	HA_61_HA64_HA69A	HA61	HA61	3	FALSE	8.24	1	60	147	51.93	135	150.23	146.74	2026-06-03T12:23:01.744Z	DW_plates_1-10_0d.xlsx
0	HA_61_HA64_HA69A	HA_61_HA64_HA69A_C2	C2	C1	HA_61_HA64_HA69A	HA61	HA61	7	FALSE	7.13	2	36	139.5	52.04	122	186.92	139.69	2026-06-03T12:22:40.313Z	DW_plates_1-10_0d.xlsx
0	HA_61_HA64_HA69A	HA_61_HA64_HA69A_C3	C3	C1	HA_61_HA64_HA69A	HA64	HA64	3	FALSE	8.7	1	62	147	51.2	137	146.33	147.04	2026-06-03T12:22:04.492Z	DW_plates_1-10_0d.xlsx
0	HA_61_HA64_HA69A	HA_61_HA64_HA69A_C4	C4	C1	HA_61_HA64_HA69A	HA64	HA64	7	FALSE	8.39	1	55	145	51.38	133	156.67	144.77	2026-06-03T12:21:43.044Z	DW_plates_1-10_0d.xlsx
0	HA_61_HA64_HA69A	HA_61_HA64_HA69A_C5	C5	C1	HA_61_HA64_HA69A	HA69A	HA69A	3	FALSE	11.13	3	54	141.33	52.42	129.67	156.95	141.32	2026-06-03T12:21:07.826Z	DW_plates_1-10_0d.xlsx
0	HA_61_HA64_HA69A	HA_61_HA64_HA69A_C6	C6	C1	HA_61_HA64_HA69A	HA69A	HA69A	7	FALSE	6.31	1	66	145	51.34	136	137.61	144.97	2026-06-03T12:20:46.366Z	DW_plates_1-10_0d.xlsx
0	HA_61_HA64_HA69A	HA_61_HA64_HA69A_D1	D1	C1	HA_61_HA64_HA69A	HA61	HA61	4	FALSE	10.02	1	65	148	51.02	138	143.7	148.42	2026-06-03T12:22:54.713Z	DW_plates_1-10_0d.xlsx
0	HA_61_HA64_HA69A	HA_61_HA64_HA69A_D2	D2	C1	HA_61_HA64_HA69A	HA61	HA61	8	FALSE	9.19	1	79	155	48.84	149	123.08	155.06	2026-06-03T12:22:47.333Z	DW_plates_1-10_0d.xlsx
0	HA_61_HA64_HA69A	HA_61_HA64_HA69A_D4	D4	C1	HA_61_HA64_HA69A	HA64	HA64	8	FALSE	7.44	1	83	153	48.5	149	116.22	153.95	2026-06-03T12:21:50.086Z	DW_plates_1-10_0d.xlsx
0	HA_61_HA64_HA69A	HA_61_HA64_HA69A_D5	D5	C1	HA_61_HA64_HA69A	HA69A	HA69A	4	FALSE	6.46	1	45	140	52.13	127	171.27	140.36	2026-06-03T12:21:00.764Z	DW_plates_1-10_0d.xlsx
0	HA_61_HA64_HA69A	HA_61_HA64_HA69A_D6	D6	C1	HA_61_HA64_HA69A	HA69A	HA69A	8	FALSE	8.71	1	68	147	50.74	141	134.83	147.32	2026-06-03T12:20:53.445Z	DW_plates_1-10_0d.xlsx
0	HA12_HA14_HA16	HA12_HA14_HA16_A1	A1	C2	HA12_HA14_HA16	HA12	HA12	1	FALSE	6.1	2	25	129.5	52.79	112.5	203.14	129.39	2026-06-03T12:08:41.541Z	DW_plates_1-10_0d.xlsx
0	HA12_HA14_HA16	HA12_HA14_HA16_A2	A2	C2	HA12_HA14_HA16	HA12	HA12	5	FALSE	7.39	2	32.5	130	53.47	117	188.68	130.29	2026-06-03T12:07:51.586Z	DW_plates_1-10_0d.xlsx
0	HA12_HA14_HA16	HA12_HA14_HA16_A3	A3	C2	HA12_HA14_HA16	HA14	HA14	1	FALSE	7.08	2	23.5	134	51.41	119	207.94	134.19	2026-06-03T12:07:44.238Z	DW_plates_1-10_0d.xlsx
0	HA12_HA14_HA16	HA12_HA14_HA16_A4	A4	C2	HA12_HA14_HA16	HA14	HA14	5	FALSE	7.46	1	64	145	50.66	139	141.38	145.76	2026-06-03T12:06:54.689Z	DW_plates_1-10_0d.xlsx
0	HA12_HA14_HA16	HA12_HA14_HA16_A5	A5	C2	HA12_HA14_HA16	HA16	HA16	1	FALSE	4.19	1	36	131	52.53	116	182	131.01	2026-06-03T12:06:47.566Z	DW_plates_1-10_0d.xlsx
0	HA12_HA14_HA16	HA12_HA14_HA16_A6	A6	C2	HA12_HA14_HA16	HA16	HA16	5	FALSE	5.14	1	37	129	54.57	115	179.09	129.13	2026-06-03T12:05:55.210Z	DW_plates_1-10_0d.xlsx
0	HA12_HA14_HA16	HA12_HA14_HA16_B1	B1	C2	HA12_HA14_HA16	HA12	HA12	2	FALSE	4.07	1	48	130	54.79	117	160.72	130.58	2026-06-03T12:08:34.476Z	DW_plates_1-10_0d.xlsx
0	HA12_HA14_HA16	HA12_HA14_HA16_B2	B2	C2	HA12_HA14_HA16	HA12	HA12	6	FALSE	4.79	1	35	137	51.14	122	187.58	137.42	2026-06-03T12:07:58.692Z	DW_plates_1-10_0d.xlsx
0	HA12_HA14_HA16	HA12_HA14_HA16_B3	B3	C2	HA12_HA14_HA16	HA14	HA14	2	FALSE	6.23	1	83	145	52.18	136	110.56	145.43	2026-06-03T12:07:37.211Z	DW_plates_1-10_0d.xlsx
0	HA12_HA14_HA16	HA12_HA14_HA16_B4	B4	C2	HA12_HA14_HA16	HA14	HA14	6	FALSE	5.13	2	50	120.5	55.99	107	149.59	120.66	2026-06-03T12:07:01.663Z	DW_plates_1-10_0d.xlsx
0	HA12_HA14_HA16	HA12_HA14_HA16_B5	B5	C2	HA12_HA14_HA16	HA16	HA16	2	FALSE	5.5	2	31.5	133.5	53.46	117	192.94	133.69	2026-06-03T12:06:40.516Z	DW_plates_1-10_0d.xlsx
0	HA12_HA14_HA16	HA12_HA14_HA16_B6	B6	C2	HA12_HA14_HA16	HA16	HA16	6	FALSE	5.46	1	45	139	52.13	128	169.84	139.26	2026-06-03T12:06:04.446Z	DW_plates_1-10_0d.xlsx
0	HA12_HA14_HA16	HA12_HA14_HA16_C1	C1	C2	HA12_HA14_HA16	HA12	HA12	3	FALSE	6.29	2	31	132.5	52.23	116.5	193.4	132.83	2026-06-03T12:08:27.444Z	DW_plates_1-10_0d.xlsx
0	HA12_HA14_HA16	HA12_HA14_HA16_C2	C2	C2	HA12_HA14_HA16	HA12	HA12	7	FALSE	6.11	2	38.5	140.5	50.32	126.5	183.23	140.82	2026-06-03T12:08:05.688Z	DW_plates_1-10_0d.xlsx
0	HA12_HA14_HA16	HA12_HA14_HA16_C3	C3	C2	HA12_HA14_HA16	HA14	HA14	3	FALSE	6.16	1	53	138	52.55	128	155.55	138.29	2026-06-03T12:07:30.194Z	DW_plates_1-10_0d.xlsx
0	HA12_HA14_HA16	HA12_HA14_HA16_C4	C4	C2	HA12_HA14_HA16	HA14	HA14	7	FALSE	5.8	2	28	135.5	51.34	119	201.43	135.64	2026-06-03T12:07:08.699Z	DW_plates_1-10_0d.xlsx
0	HA12_HA14_HA16	HA12_HA14_HA16_C5	C5	C2	HA12_HA14_HA16	HA16	HA16	3	FALSE	3.22	1	39	130	53.64	115	175.48	130.43	2026-06-03T12:06:33.233Z	DW_plates_1-10_0d.xlsx
0	HA12_HA14_HA16	HA12_HA14_HA16_C6	C6	C2	HA12_HA14_HA16	HA16	HA16	7	FALSE	5.86	1	51	141	51.52	130	160.38	140.77	2026-06-03T12:06:11.465Z	DW_plates_1-10_0d.xlsx
0	HA12_HA14_HA16	HA12_HA14_HA16_D1	D1	C2	HA12_HA14_HA16	HA12	HA12	4	FALSE	6.2	1	49	137	53.72	126	161.71	137.82	2026-06-03T12:08:20.444Z	DW_plates_1-10_0d.xlsx
0	HA12_HA14_HA16	HA12_HA14_HA16_D2	D2	C2	HA12_HA14_HA16	HA12	HA12	8	FALSE	2.88	1	41	110	56.9	96	161.27	109.84	2026-06-03T12:08:13.353Z	DW_plates_1-10_0d.xlsx
0	HA12_HA14_HA16	HA12_HA14_HA16_D3	D3	C2	HA12_HA14_HA16	HA14	HA14	4	FALSE	7.02	1	52	139	50.94	129	157.77	138.9	2026-06-03T12:07:22.795Z	DW_plates_1-10_0d.xlsx
0	HA12_HA14_HA16	HA12_HA14_HA16_D4	D4	C2	HA12_HA14_HA16	HA14	HA14	8	FALSE	3.72	1	31	133	52.44	118	192.8	133.48	2026-06-03T12:07:15.747Z	DW_plates_1-10_0d.xlsx
0	HA12_HA14_HA16	HA12_HA14_HA16_D5	D5	C2	HA12_HA14_HA16	HA16	HA16	4	FALSE	4.48	2	33.5	133.5	52.54	117.5	188.49	133.39	2026-06-03T12:06:25.816Z	DW_plates_1-10_0d.xlsx
0	HA12_HA14_HA16	HA12_HA14_HA16_D6	D6	C2	HA12_HA14_HA16	HA16	HA16	8	FALSE	6.93	1	60	141	50.02	135	143.05	140.84	2026-06-03T12:06:18.458Z	DW_plates_1-10_0d.xlsx
0	HA82_SJ02_SJ07	HA82_SJ02_SJ07_A1	A1	D2	HA82_SJ02_SJ07	HA82	HA82	1	FALSE	8.79	1	68	143	52.87	136	133.68	143.27	2026-06-04T05:46:12.135Z	DW_plates_1-10_0d.xlsx
0	HA82_SJ02_SJ07	HA82_SJ02_SJ07_A2	A2	D2	HA82_SJ02_SJ07	HA82	HA82	5	FALSE	6.64	1	54	144	50.16	137	158.32	144.51	2026-06-04T05:45:21.838Z	DW_plates_1-10_0d.xlsx
0	HA82_SJ02_SJ07	HA82_SJ02_SJ07_A3	A3	D2	HA82_SJ02_SJ07	SJ02	SJ02	1	FALSE	6.33	1	68	144	49.22	139	133.17	144.02	2026-06-04T05:45:14.807Z	DW_plates_1-10_0d.xlsx
0	HA82_SJ02_SJ07	HA82_SJ02_SJ07_A4	A4	D2	HA82_SJ02_SJ07	SJ02	SJ02	5	FALSE	7.04	1	61	139	52.49	130	141.84	139.44	2026-06-04T05:44:24.600Z	DW_plates_1-10_0d.xlsx
0	HA82_SJ02_SJ07	HA82_SJ02_SJ07_A5	A5	D2	HA82_SJ02_SJ07	SJ07	SJ07	1	FALSE	8.53	1	78	150	46.4	150	124.24	152.53	2026-06-04T05:44:17.205Z	DW_plates_1-10_0d.xlsx
0	HA82_SJ02_SJ07	HA82_SJ02_SJ07_A6	A6	D2	HA82_SJ02_SJ07	SJ07	SJ07	5	FALSE	6.35	1	47	143	52.36	131	169.5	143.24	2026-06-04T05:43:24.859Z	DW_plates_1-10_0d.xlsx
0	HA82_SJ02_SJ07	HA82_SJ02_SJ07_B1	B1	D2	HA82_SJ02_SJ07	HA82	HA82	2	FALSE	6.76	1	74	133	60.18	124	113.12	133.63	2026-06-04T05:46:04.742Z	DW_plates_1-10_0d.xlsx
0	HA82_SJ02_SJ07	HA82_SJ02_SJ07_B2	B2	D2	HA82_SJ02_SJ07	HA82	HA82	6	FALSE	6.09	1	54	141	53.78	129	155.35	141.08	2026-06-04T05:45:28.946Z	DW_plates_1-10_0d.xlsx
0	HA82_SJ02_SJ07	HA82_SJ02_SJ07_B3	B3	D2	HA82_SJ02_SJ07	SJ02	SJ02	2	FALSE	6.21	1	67	143	53.15	136	134.93	143.58	2026-06-04T05:45:07.812Z	DW_plates_1-10_0d.xlsx
0	HA82_SJ02_SJ07	HA82_SJ02_SJ07_B4	B4	D2	HA82_SJ02_SJ07	SJ02	SJ02	6	FALSE	6.92	1	62	146	49.66	139	145.33	146.1	2026-06-04T05:44:31.625Z	DW_plates_1-10_0d.xlsx
0	HA82_SJ02_SJ07	HA82_SJ02_SJ07_B5	B5	D2	HA82_SJ02_SJ07	SJ07	SJ07	2	FALSE	6.47	2	42	146.5	51.15	133	180.35	146.77	2026-06-04T05:44:10.175Z	DW_plates_1-10_0d.xlsx
0	HA82_SJ02_SJ07	HA82_SJ02_SJ07_B6	B6	D2	HA82_SJ02_SJ07	SJ07	SJ07	6	FALSE	9.43	1	74	151	48.32	148	129.84	151.94	2026-06-04T05:43:34.003Z	DW_plates_1-10_0d.xlsx
0	HA82_SJ02_SJ07	HA82_SJ02_SJ07_C1	C1	D2	HA82_SJ02_SJ07	HA82	HA82	3	FALSE	6.42	1	49	141	53.43	129	166.2	141.86	2026-06-04T05:45:57.391Z	DW_plates_1-10_0d.xlsx
0	HA82_SJ02_SJ07	HA82_SJ02_SJ07_C2	C2	D2	HA82_SJ02_SJ07	HA82	HA82	7	FALSE	5.36	1	50	144	52.6	132	165.05	143.72	2026-06-04T05:45:35.938Z	DW_plates_1-10_0d.xlsx
0	HA82_SJ02_SJ07	HA82_SJ02_SJ07_C3	C3	D2	HA82_SJ02_SJ07	SJ02	SJ02	3	FALSE	4.36	1	46	144	54.46	127	172.54	144.01	2026-06-04T05:45:00.441Z	DW_plates_1-10_0d.xlsx
0	HA82_SJ02_SJ07	HA82_SJ02_SJ07_C4	C4	D2	HA82_SJ02_SJ07	SJ02	SJ02	7	FALSE	6.64	1	58	142	55.13	130	149.05	141.88	2026-06-04T05:44:38.955Z	DW_plates_1-10_0d.xlsx
0	HA82_SJ02_SJ07	HA82_SJ02_SJ07_C5	C5	D2	HA82_SJ02_SJ07	SJ07	SJ07	3	FALSE	6.43	1	70	150	50.64	142	135.63	149.79	2026-06-04T05:44:02.837Z	DW_plates_1-10_0d.xlsx
0	HA82_SJ02_SJ07	HA82_SJ02_SJ07_C6	C6	D2	HA82_SJ02_SJ07	SJ07	SJ07	7	FALSE	5.99	1	51	145	52.67	134	163.63	145	2026-06-04T05:43:41.119Z	DW_plates_1-10_0d.xlsx
0	HA82_SJ02_SJ07	HA82_SJ02_SJ07_D1	D1	D2	HA82_SJ02_SJ07	HA82	HA82	4	FALSE	8.86	1	79	147	49.47	143	119.82	148.02	2026-06-04T05:45:50.043Z	DW_plates_1-10_0d.xlsx
0	HA82_SJ02_SJ07	HA82_SJ02_SJ07_D2	D2	D2	HA82_SJ02_SJ07	HA82	HA82	8	FALSE	7.07	1	55	146	50.84	137	158.12	146.27	2026-06-04T05:45:42.981Z	DW_plates_1-10_0d.xlsx
0	HA82_SJ02_SJ07	HA82_SJ02_SJ07_D3	D3	D2	HA82_SJ02_SJ07	SJ02	SJ02	4	FALSE	6.67	1	56	143	51.15	134	153.54	143.12	2026-06-04T05:44:53.053Z	DW_plates_1-10_0d.xlsx
0	HA82_SJ02_SJ07	HA82_SJ02_SJ07_D4	D4	D2	HA82_SJ02_SJ07	SJ02	SJ02	8	FALSE	7.26	2	45.5	142	53.35	129.5	171.09	142.4	2026-06-04T05:44:46.022Z	DW_plates_1-10_0d.xlsx
0	HA82_SJ02_SJ07	HA82_SJ02_SJ07_D5	D5	D2	HA82_SJ02_SJ07	SJ07	SJ07	4	FALSE	10.34	1	81	156	47.11	153	122.6	156.64	2026-06-04T05:43:55.499Z	DW_plates_1-10_0d.xlsx
0	HA82_SJ02_SJ07	HA82_SJ02_SJ07_D6	D6	D2	HA82_SJ02_SJ07	SJ07	SJ07	8	FALSE	5.72	1	44	141	52.5	129	173.53	141.15	2026-06-04T05:43:48.105Z	DW_plates_1-10_0d.xlsx
0	HA17_HA18_HA21A	HA17_HA18_HA21A_A1	A1	D2	HA17_HA18_HA21A	HA17	HA17	1	FALSE	5.51	2	33	134.5	53.01	119	190.51	134.52	2026-06-03T12:11:36.169Z	DW_plates_1-10_0d.xlsx
0	HA17_HA18_HA21A	HA17_HA18_HA21A_A2	A2	D2	HA17_HA18_HA21A	HA17	HA17	5	FALSE	6.53	2	29.5	133	54.4	116	197.33	133.06	2026-06-03T12:10:45.376Z	DW_plates_1-10_0d.xlsx
0	HA17_HA18_HA21A	HA17_HA18_HA21A_A3	A3	D2	HA17_HA18_HA21A	HA18	HA18	1	FALSE	3.39	1	53	127	55.11	114	147.83	126.84	2026-06-03T12:10:38.297Z	DW_plates_1-10_0d.xlsx
0	HA17_HA18_HA21A	HA17_HA18_HA21A_A4	A4	D2	HA17_HA18_HA21A	HA18	HA18	5	FALSE	6.35	1	53	139	52.87	127	155.88	138.75	2026-06-03T12:09:48.008Z	DW_plates_1-10_0d.xlsx
0	HA17_HA18_HA21A	HA17_HA18_HA21A_A5	A5	D2	HA17_HA18_HA21A	HA21A	HA21A	1	FALSE	2.49	1	30	121	55.08	104	188.26	120.87	2026-06-03T12:09:40.752Z	DW_plates_1-10_0d.xlsx
0	HA17_HA18_HA21A	HA17_HA18_HA21A_A6	A6	D2	HA17_HA18_HA21A	HA21A	HA21A	5	FALSE	6.67	1	49	136	51.64	125	160.61	135.98	2026-06-03T12:08:48.574Z	DW_plates_1-10_0d.xlsx
0	HA17_HA18_HA21A	HA17_HA18_HA21A_B1	B1	D2	HA17_HA18_HA21A	HA17	HA17	2	FALSE	6.06	2	27.5	134	51.65	117.5	200.51	134.35	2026-06-03T12:11:28.859Z	DW_plates_1-10_0d.xlsx
0	HA17_HA18_HA21A	HA17_HA18_HA21A_B2	B2	D2	HA17_HA18_HA21A	HA17	HA17	6	FALSE	4.76	2	31	129	56.23	111.5	192.51	129.7	2026-06-03T12:10:52.660Z	DW_plates_1-10_0d.xlsx
0	HA17_HA18_HA21A	HA17_HA18_HA21A_B3	B3	D2	HA17_HA18_HA21A	HA18	HA18	2	FALSE	5.58	2	31.5	133.5	53.68	117	192.31	133.77	2026-06-03T12:10:31.256Z	DW_plates_1-10_0d.xlsx
0	HA17_HA18_HA21A	HA17_HA18_HA21A_B4	B4	D2	HA17_HA18_HA21A	HA18	HA18	6	FALSE	6.4	1	77	149	51.02	142	123.84	149.38	2026-06-03T12:09:55.053Z	DW_plates_1-10_0d.xlsx
0	HA17_HA18_HA21A	HA17_HA18_HA21A_B5	B5	D2	HA17_HA18_HA21A	HA21A	HA21A	2	FALSE	7.89	2	37.5	134	52.9	121	181.96	134.45	2026-06-03T12:09:33.615Z	DW_plates_1-10_0d.xlsx
0	HA17_HA18_HA21A	HA17_HA18_HA21A_B6	B6	D2	HA17_HA18_HA21A	HA21A	HA21A	6	FALSE	9.51	1	65	147	48.67	140	142	146.83	2026-06-03T12:08:57.821Z	DW_plates_1-10_0d.xlsx
0	HA17_HA18_HA21A	HA17_HA18_HA21A_C1	C1	D2	HA17_HA18_HA21A	HA17	HA17	3	FALSE	4.87	2	27	124.5	56.8	106	197.08	124.66	2026-06-03T12:11:21.447Z	DW_plates_1-10_0d.xlsx
0	HA17_HA18_HA21A	HA17_HA18_HA21A_C2	C2	D2	HA17_HA18_HA21A	HA17	HA17	7	FALSE	5.63	1	47	134	54	121	164.1	134.66	2026-06-03T12:10:59.698Z	DW_plates_1-10_0d.xlsx
0	HA17_HA18_HA21A	HA17_HA18_HA21A_C3	C3	D2	HA17_HA18_HA21A	HA18	HA18	3	FALSE	11.11	2	47	141	51.87	129.5	169.44	141.44	2026-06-03T12:10:23.910Z	DW_plates_1-10_0d.xlsx
0	HA17_HA18_HA21A	HA17_HA18_HA21A_C4	C4	D2	HA17_HA18_HA21A	HA18	HA18	7	FALSE	5.3	1	58	143	51.76	133	151.04	143.07	2026-06-03T12:10:02.152Z	DW_plates_1-10_0d.xlsx
0	HA17_HA18_HA21A	HA17_HA18_HA21A_C5	C5	D2	HA17_HA18_HA21A	HA21A	HA21A	3	FALSE	4.35	2	37	129.5	58.29	113	181.86	130.19	2026-06-03T12:09:26.256Z	DW_plates_1-10_0d.xlsx
0	HA17_HA18_HA21A	HA17_HA18_HA21A_C6	C6	D2	HA17_HA18_HA21A	HA21A	HA21A	7	FALSE	7.54	2	31.5	134.5	53.22	119	194.12	134.77	2026-06-03T12:09:04.857Z	DW_plates_1-10_0d.xlsx
0	HA17_HA18_HA21A	HA17_HA18_HA21A_D1	D1	D2	HA17_HA18_HA21A	HA17	HA17	4	FALSE	6.51	2	24.5	136	50.32	120.5	206.54	136.08	2026-06-03T12:11:13.785Z	DW_plates_1-10_0d.xlsx
0	HA17_HA18_HA21A	HA17_HA18_HA21A_D2	D2	D2	HA17_HA18_HA21A	HA17	HA17	8	FALSE	5.68	1	70	145	50.71	137	130.16	144.77	2026-06-03T12:11:06.820Z	DW_plates_1-10_0d.xlsx
0	HA17_HA18_HA21A	HA17_HA18_HA21A_D3	D3	D2	HA17_HA18_HA21A	HA18	HA18	4	FALSE	7.29	2	32	134.5	51.19	120.5	192.52	134.45	2026-06-03T12:10:16.536Z	DW_plates_1-10_0d.xlsx
0	HA17_HA18_HA21A	HA17_HA18_HA21A_D4	D4	D2	HA17_HA18_HA21A	HA18	HA18	8	FALSE	6.23	1	90	149	53.44	141	101.82	148.9	2026-06-03T12:10:09.189Z	DW_plates_1-10_0d.xlsx
0	HA17_HA18_HA21A	HA17_HA18_HA21A_D5	D5	D2	HA17_HA18_HA21A	HA21A	HA21A	4	FALSE	6.09	2	28.5	132.5	52.82	118.5	196.56	132.89	2026-06-03T12:09:19.231Z	DW_plates_1-10_0d.xlsx
0	HA17_HA18_HA21A	HA17_HA18_HA21A_D6	D6	D2	HA17_HA18_HA21A	HA21A	HA21A	8	FALSE	7.32	2	35.5	134	51.45	121	184.65	133.75	2026-06-03T12:09:12.156Z	DW_plates_1-10_0d.xlsx
0	SJ_9_SJ14_SJ17	SJ_9_SJ14_SJ17_A1	A1	E1	SJ_9_SJ14_SJ17	SJ09	SJ09	1	FALSE	6.05	2	32.5	131	54.95	114	189.7	131.24	2026-06-03T12:29:05.619Z	DW_plates_1-10_0d.xlsx
0	SJ_9_SJ14_SJ17	SJ_9_SJ14_SJ17_A2	A2	E1	SJ_9_SJ14_SJ17	SJ09	SJ09	5	FALSE	6.53	1	52	141	53.13	127	159.83	141.1	2026-06-03T12:28:15.720Z	DW_plates_1-10_0d.xlsx
0	SJ_9_SJ14_SJ17	SJ_9_SJ14_SJ17_A3	A3	E1	SJ_9_SJ14_SJ17	SJ14	SJ14	1	FALSE	7.7	1	51	142	52.52	129	163.08	141.93	2026-06-03T12:28:08.694Z	DW_plates_1-10_0d.xlsx
0	SJ_9_SJ14_SJ17	SJ_9_SJ14_SJ17_A4	A4	E1	SJ_9_SJ14_SJ17	SJ14	SJ14	5	FALSE	4.4	1	50	123	58.1	106	152.96	123.32	2026-06-03T12:27:17.879Z	DW_plates_1-10_0d.xlsx
0	SJ_9_SJ14_SJ17	SJ_9_SJ14_SJ17_A5	A5	E1	SJ_9_SJ14_SJ17	SJ17	SJ17	1	FALSE	8.92	1	79	133	53.14	125	105.19	133.67	2026-06-03T12:27:10.539Z	DW_plates_1-10_0d.xlsx
0	SJ_9_SJ14_SJ17	SJ_9_SJ14_SJ17_A6	A6	E1	SJ_9_SJ14_SJ17	SJ17	SJ17	5	FALSE	5.06	1	43	137	52.72	122	172.84	137.26	2026-06-03T12:26:19.132Z	DW_plates_1-10_0d.xlsx
0	SJ_9_SJ14_SJ17	SJ_9_SJ14_SJ17_B1	B1	E1	SJ_9_SJ14_SJ17	SJ09	SJ09	2	FALSE	7.22	1	78	144	55.43	129	116.85	143.85	2026-06-03T12:28:58.588Z	DW_plates_1-10_0d.xlsx
0	SJ_9_SJ14_SJ17	SJ_9_SJ14_SJ17_B2	B2	E1	SJ_9_SJ14_SJ17	SJ09	SJ09	6	FALSE	7.04	1	53	140	54.08	126	158.27	140.64	2026-06-03T12:28:23.077Z	DW_plates_1-10_0d.xlsx
0	SJ_9_SJ14_SJ17	SJ_9_SJ14_SJ17_B3	B3	E1	SJ_9_SJ14_SJ17	SJ14	SJ14	2	FALSE	6.81	1	79	147	52.76	140	119.88	147.74	2026-06-03T12:28:01.389Z	DW_plates_1-10_0d.xlsx
0	SJ_9_SJ14_SJ17	SJ_9_SJ14_SJ17_B4	B4	E1	SJ_9_SJ14_SJ17	SJ14	SJ14	6	FALSE	9.47	2	44	143.5	52.05	127.5	175.56	143.78	2026-06-03T12:27:24.925Z	DW_plates_1-10_0d.xlsx
0	SJ_9_SJ14_SJ17	SJ_9_SJ14_SJ17_B5	B5	E1	SJ_9_SJ14_SJ17	SJ17	SJ17	2	FALSE	6.9	1	52	141	54.39	126	158.69	140.89	2026-06-03T12:27:03.497Z	DW_plates_1-10_0d.xlsx
0	SJ_9_SJ14_SJ17	SJ_9_SJ14_SJ17_B6	B6	E1	SJ_9_SJ14_SJ17	SJ17	SJ17	6	FALSE	6.52	1	72	146	52.72	139	129.56	146.29	2026-06-03T12:26:28.305Z	DW_plates_1-10_0d.xlsx
0	SJ_9_SJ14_SJ17	SJ_9_SJ14_SJ17_C1	C1	E1	SJ_9_SJ14_SJ17	SJ09	SJ09	3	FALSE	6.11	1	49	142	53.25	127	164.84	141.95	2026-06-03T12:28:51.567Z	DW_plates_1-10_0d.xlsx
0	SJ_9_SJ14_SJ17	SJ_9_SJ14_SJ17_C2	C2	E1	SJ_9_SJ14_SJ17	SJ09	SJ09	7	FALSE	8.31	1	76	147	51.99	139	122.42	147.13	2026-06-03T12:28:30.131Z	DW_plates_1-10_0d.xlsx
0	SJ_9_SJ14_SJ17	SJ_9_SJ14_SJ17_C3	C3	E1	SJ_9_SJ14_SJ17	SJ14	SJ14	3	FALSE	9.88	2	49.5	142	53.98	126	166.07	142.1	2026-06-03T12:27:54.049Z	DW_plates_1-10_0d.xlsx
0	SJ_9_SJ14_SJ17	SJ_9_SJ14_SJ17_C4	C4	E1	SJ_9_SJ14_SJ17	SJ14	SJ14	7	FALSE	7.44	1	50	138	55.61	123	161.81	138.21	2026-06-03T12:27:32.011Z	DW_plates_1-10_0d.xlsx
0	SJ_9_SJ14_SJ17	SJ_9_SJ14_SJ17_C5	C5	E1	SJ_9_SJ14_SJ17	SJ17	SJ17	3	FALSE	9.64	2	47	144.5	51.93	128.5	171.36	144.55	2026-06-03T12:26:56.516Z	DW_plates_1-10_0d.xlsx
0	SJ_9_SJ14_SJ17	SJ_9_SJ14_SJ17_C6	C6	E1	SJ_9_SJ14_SJ17	SJ17	SJ17	7	FALSE	8.9	1	69	148	50.18	139	135.66	147.93	2026-06-03T12:26:35.386Z	DW_plates_1-10_0d.xlsx
0	SJ_9_SJ14_SJ17	SJ_9_SJ14_SJ17_D1	D1	E1	SJ_9_SJ14_SJ17	SJ09	SJ09	4	FALSE	6.45	2	63	102.5	96.75	83.5	136.57	107.45	2026-06-03T12:28:44.490Z	DW_plates_1-10_0d.xlsx
0	SJ_9_SJ14_SJ17	SJ_9_SJ14_SJ17_D2	D2	E1	SJ_9_SJ14_SJ17	SJ09	SJ09	8	FALSE	6.8	2	57.5	143.5	53.52	128	151.43	143.41	2026-06-03T12:28:37.476Z	DW_plates_1-10_0d.xlsx
0	SJ_9_SJ14_SJ17	SJ_9_SJ14_SJ17_D3	D3	E1	SJ_9_SJ14_SJ17	SJ14	SJ14	4	FALSE	5.41	1	46	137	54.41	122	168.77	137.68	2026-06-03T12:27:46.692Z	DW_plates_1-10_0d.xlsx
0	SJ_9_SJ14_SJ17	SJ_9_SJ14_SJ17_D4	D4	E1	SJ_9_SJ14_SJ17	SJ14	SJ14	8	FALSE	6.14	1	44	133	53.08	118	167.3	132.93	2026-06-03T12:27:39.301Z	DW_plates_1-10_0d.xlsx
0	SJ_9_SJ14_SJ17	SJ_9_SJ14_SJ17_D5	D5	E1	SJ_9_SJ14_SJ17	SJ17	SJ17	4	FALSE	5.34	1	46	129	57.78	111	161.63	129.11	2026-06-03T12:26:49.494Z	DW_plates_1-10_0d.xlsx
0	SJ_9_SJ14_SJ17	SJ_9_SJ14_SJ17_D6	D6	E1	SJ_9_SJ14_SJ17	SJ17	SJ17	8	FALSE	6.33	1	43	130	56.26	114	170.29	130.07	2026-06-03T12:26:42.383Z	DW_plates_1-10_0d.xlsx
0	HA21B_HA27_HA32	HA21B_HA27_HA32_A1	A1	E2	HA21B_HA27_HA32	HA21B	HA21B	1	FALSE	7.72	3	50.33	127.67	55.7	111.67	150.92	127.77	2026-06-03T12:14:29.906Z	DW_plates_1-10_0d.xlsx
0	HA21B_HA27_HA32	HA21B_HA27_HA32_A2	A2	E2	HA21B_HA27_HA32	HA21B	HA21B	5	FALSE	5.94	1	40	137	53.1	122	178.5	136.88	2026-06-03T12:13:39.915Z	DW_plates_1-10_0d.xlsx
0	HA21B_HA27_HA32	HA21B_HA27_HA32_A3	A3	E2	HA21B_HA27_HA32	HA27	HA27	1	FALSE	6.65	1	42	136	53.37	122	174.63	136.4	2026-06-03T12:13:32.570Z	DW_plates_1-10_0d.xlsx
0	HA21B_HA27_HA32	HA21B_HA27_HA32_A4	A4	E2	HA21B_HA27_HA32	HA27	HA27	5	FALSE	5.49	2	46	138.5	52.72	122.5	168.08	138.56	2026-06-03T12:12:42.984Z	DW_plates_1-10_0d.xlsx
0	HA21B_HA27_HA32	HA21B_HA27_HA32_A5	A5	E2	HA21B_HA27_HA32	HA32	HA32	1	FALSE	6.71	1	47	133	55.69	119	163.92	133.31	2026-06-03T12:12:35.887Z	DW_plates_1-10_0d.xlsx
0	HA21B_HA27_HA32	HA21B_HA27_HA32_A6	A6	E2	HA21B_HA27_HA32	HA32	HA32	5	FALSE	6.84	1	45	137	52.68	125	168.11	136.94	2026-06-03T12:11:43.607Z	DW_plates_1-10_0d.xlsx
0	HA21B_HA27_HA32	HA21B_HA27_HA32_B1	B1	E2	HA21B_HA27_HA32	HA21B	HA21B	2	FALSE	10.84	2	47	142	51.68	128.5	169.05	142.19	2026-06-03T12:14:22.809Z	DW_plates_1-10_0d.xlsx
0	HA21B_HA27_HA32	HA21B_HA27_HA32_B2	B2	E2	HA21B_HA27_HA32	HA21B	HA21B	6	FALSE	6.23	1	44	136	52.93	122	171.6	136.29	2026-06-03T12:13:46.962Z	DW_plates_1-10_0d.xlsx
0	HA21B_HA27_HA32	HA21B_HA27_HA32_B3	B3	E2	HA21B_HA27_HA32	HA27	HA27	2	FALSE	5.76	1	44	134	55.33	118	169.57	133.87	2026-06-03T12:13:25.525Z	DW_plates_1-10_0d.xlsx
0	HA21B_HA27_HA32	HA21B_HA27_HA32_B4	B4	E2	HA21B_HA27_HA32	HA27	HA27	6	FALSE	6.03	2	29	138	51.59	119.5	198.92	138.08	2026-06-03T12:12:50.001Z	DW_plates_1-10_0d.xlsx
0	HA21B_HA27_HA32	HA21B_HA27_HA32_B5	B5	E2	HA21B_HA27_HA32	HA32	HA32	2	FALSE	7.24	1	52	139	53.19	128	158.02	139.3	2026-06-03T12:12:28.869Z	DW_plates_1-10_0d.xlsx
0	HA21B_HA27_HA32	HA21B_HA27_HA32_B6	B6	E2	HA21B_HA27_HA32	HA32	HA32	6	FALSE	6.16	1	44	138	51.13	125	172.36	137.94	2026-06-03T12:11:52.747Z	DW_plates_1-10_0d.xlsx
0	HA21B_HA27_HA32	HA21B_HA27_HA32_C1	C1	E2	HA21B_HA27_HA32	HA21B	HA21B	3	FALSE	6.3	1	80	139	55.75	128	111.93	139.45	2026-06-03T12:14:15.772Z	DW_plates_1-10_0d.xlsx
0	HA21B_HA27_HA32	HA21B_HA27_HA32_C2	C2	E2	HA21B_HA27_HA32	HA21B	HA21B	7	FALSE	5.78	1	55	141	52.3	129	155.34	141.26	2026-06-03T12:13:54.064Z	DW_plates_1-10_0d.xlsx
0	HA21B_HA27_HA32	HA21B_HA27_HA32_C3	C3	E2	HA21B_HA27_HA32	HA27	HA27	3	FALSE	5.2	1	38	134	53.43	117	180.05	134.47	2026-06-03T12:13:18.474Z	DW_plates_1-10_0d.xlsx
0	HA21B_HA27_HA32	HA21B_HA27_HA32_C4	C4	E2	HA21B_HA27_HA32	HA27	HA27	7	FALSE	6.44	1	43	137	54.12	123	173.2	137.61	2026-06-03T12:12:57.338Z	DW_plates_1-10_0d.xlsx
0	HA21B_HA27_HA32	HA21B_HA27_HA32_C5	C5	E2	HA21B_HA27_HA32	HA32	HA32	3	FALSE	5.3	1	66	132	52.54	122	128.26	132.54	2026-06-03T12:12:21.501Z	DW_plates_1-10_0d.xlsx
0	HA21B_HA27_HA32	HA21B_HA27_HA32_C6	C6	E2	HA21B_HA27_HA32	HA32	HA32	7	FALSE	8.46	2	32.5	127.5	53.63	111	187.2	127.58	2026-06-03T12:12:00.102Z	DW_plates_1-10_0d.xlsx
0	HA21B_HA27_HA32	HA21B_HA27_HA32_D1	D1	E2	HA21B_HA27_HA32	HA21B	HA21B	4	FALSE	8	1	45	139	50.73	128	171.18	139.04	2026-06-03T12:14:08.757Z	DW_plates_1-10_0d.xlsx
0	HA21B_HA27_HA32	HA21B_HA27_HA32_D2	D2	E2	HA21B_HA27_HA32	HA21B	HA21B	8	FALSE	4.53	2	36	130.5	52.46	113	183.06	130.8	2026-06-03T12:14:01.357Z	DW_plates_1-10_0d.xlsx
0	HA21B_HA27_HA32	HA21B_HA27_HA32_D3	D3	E2	HA21B_HA27_HA32	HA27	HA27	4	FALSE	6.72	1	49	135	52.44	123	161.01	135.39	2026-06-03T12:13:11.428Z	DW_plates_1-10_0d.xlsx
0	HA21B_HA27_HA32	HA21B_HA27_HA32_D4	D4	E2	HA21B_HA27_HA32	HA27	HA27	8	FALSE	6.65	2	49.5	122	55.13	107	150.95	122.52	2026-06-03T12:13:04.392Z	DW_plates_1-10_0d.xlsx
0	HA21B_HA27_HA32	HA21B_HA27_HA32_D5	D5	E2	HA21B_HA27_HA32	HA32	HA32	4	FALSE	10.17	1	73	144	49.49	137	124.36	143.93	2026-06-03T12:12:14.447Z	DW_plates_1-10_0d.xlsx
0	HA21B_HA27_HA32	HA21B_HA27_HA32_D6	D6	E2	HA21B_HA27_HA32	HA32	HA32	8	FALSE	9.28	1	57	141	50.68	132	149.82	140.89	2026-06-03T12:12:07.093Z	DW_plates_1-10_0d.xlsx
4	HA_36_HA40_HA44	HA_36_HA40_HA44_A1	A1	A1	HA_36_HA40_HA44	HA36	HA36	1	FALSE	16.86	6	45.67	138.33	49.42	126.67	172.51	138.72	2026-06-08T11:04:47.204Z	DW_plates_1-10_4d.xlsx
4	HA_36_HA40_HA44	HA_36_HA40_HA44_A2	A2	A1	HA_36_HA40_HA44	HA36	HA36	5	FALSE	18.6	5	43.8	136.4	52.8	125	174.64	136.96	2026-06-08T11:03:57.624Z	DW_plates_1-10_4d.xlsx
4	HA_36_HA40_HA44	HA_36_HA40_HA44_A3	A3	A1	HA_36_HA40_HA44	HA40	HA40	1	FALSE	10.76	3	47	133.33	52.57	124.33	166.93	134.34	2026-06-08T11:03:50.567Z	DW_plates_1-10_4d.xlsx
4	HA_36_HA40_HA44	HA_36_HA40_HA44_A4	A4	A1	HA_36_HA40_HA44	HA40	HA40	5	FALSE	20.55	6	29	130.5	50.13	116.17	197.52	130.47	2026-06-08T11:03:00.984Z	DW_plates_1-10_4d.xlsx
4	HA_36_HA40_HA44	HA_36_HA40_HA44_A5	A5	A1	HA_36_HA40_HA44	HA44	HA44	1	FALSE	7.18	1	71	146	45.8	147	132.21	148.9	2026-06-08T11:02:53.995Z	DW_plates_1-10_4d.xlsx
4	HA_36_HA40_HA44	HA_36_HA40_HA44_A6	A6	A1	HA_36_HA40_HA44	HA44	HA44	5	FALSE	4.62	2	51	138	46.78	136.5	162.05	139.24	2026-06-08T11:01:57.639Z	DW_plates_1-10_4d.xlsx
4	HA_36_HA40_HA44	HA_36_HA40_HA44_B1	B1	A1	HA_36_HA40_HA44	HA36	HA36	2	FALSE	19.41	6	43.5	135.67	52.29	122.83	174.27	135.7	2026-06-08T11:04:40.137Z	DW_plates_1-10_4d.xlsx
4	HA_36_HA40_HA44	HA_36_HA40_HA44_B2	B2	A1	HA_36_HA40_HA44	HA36	HA36	6	FALSE	19.37	5	39	138.6	49.37	126	185.05	138.79	2026-06-08T11:04:04.934Z	DW_plates_1-10_4d.xlsx
4	HA_36_HA40_HA44	HA_36_HA40_HA44_B3	B3	A1	HA_36_HA40_HA44	HA40	HA40	2	FALSE	16.54	5	37.6	134.4	49.8	122.2	185.71	134.97	2026-06-08T11:03:43.509Z	DW_plates_1-10_4d.xlsx
4	HA_36_HA40_HA44	HA_36_HA40_HA44_B4	B4	A1	HA_36_HA40_HA44	HA40	HA40	6	FALSE	9.98	4	38.75	135	50.52	123	182.33	135.52	2026-06-08T11:03:07.992Z	DW_plates_1-10_4d.xlsx
4	HA_36_HA40_HA44	HA_36_HA40_HA44_B5	B5	A1	HA_36_HA40_HA44	HA44	HA44	2	FALSE	4.31	2	36	133	46.71	127.5	185.07	133.32	2026-06-08T11:02:46.885Z	DW_plates_1-10_4d.xlsx
4	HA_36_HA40_HA44	HA_36_HA40_HA44_B6	B6	A1	HA_36_HA40_HA44	HA44	HA44	6	FALSE	7.23	2	43	134	48.02	130.5	174.38	135.41	2026-06-08T11:02:11.109Z	DW_plates_1-10_4d.xlsx
4	HA_36_HA40_HA44	HA_36_HA40_HA44_C1	C1	A1	HA_36_HA40_HA44	HA36	HA36	3	FALSE	8.97	3	64.67	141.67	48.01	136	139.57	142.86	2026-06-08T11:04:33.080Z	DW_plates_1-10_4d.xlsx
4	HA_36_HA40_HA44	HA_36_HA40_HA44_C2	C2	A1	HA_36_HA40_HA44	HA36	HA36	7	FALSE	20.68	6	44.5	136.67	52.84	123.17	172.81	136.52	2026-06-08T11:04:11.953Z	DW_plates_1-10_4d.xlsx
4	HA_36_HA40_HA44	HA_36_HA40_HA44_C3	C3	A1	HA_36_HA40_HA44	HA40	HA40	3	FALSE	9.01	4	42.5	136.75	50.68	125	176.9	137.13	2026-06-08T11:03:36.475Z	DW_plates_1-10_4d.xlsx
4	HA_36_HA40_HA44	HA_36_HA40_HA44_C4	C4	A1	HA_36_HA40_HA44	HA40	HA40	7	FALSE	14.36	5	40.6	131.4	52.27	118.4	177.47	131.73	2026-06-08T11:03:15.391Z	DW_plates_1-10_4d.xlsx
4	HA_36_HA40_HA44	HA_36_HA40_HA44_C5	C5	A1	HA_36_HA40_HA44	HA44	HA44	3	FALSE	9.17	2	50.5	139.5	47.66	135.5	163.21	140.59	2026-06-08T11:02:39.836Z	DW_plates_1-10_4d.xlsx
4	HA_36_HA40_HA44	HA_36_HA40_HA44_C6	C6	A1	HA_36_HA40_HA44	HA44	HA44	7	FALSE	6.87	1	78	150	45.15	150	123.48	152.28	2026-06-08T11:02:18.110Z	DW_plates_1-10_4d.xlsx
4	HA_36_HA40_HA44	HA_36_HA40_HA44_D1	D1	A1	HA_36_HA40_HA44	HA36	HA36	4	FALSE	18.18	5	43.2	138	51.1	125.6	176.3	138.16	2026-06-08T11:04:26.077Z	DW_plates_1-10_4d.xlsx
4	HA_36_HA40_HA44	HA_36_HA40_HA44_D2	D2	A1	HA_36_HA40_HA44	HA36	HA36	8	FALSE	9.5	2	67	148	46.54	143.5	142.47	149.9	2026-06-08T11:04:19.072Z	DW_plates_1-10_4d.xlsx
4	HA_36_HA40_HA44	HA_36_HA40_HA44_D3	D3	A1	HA_36_HA40_HA44	HA40	HA40	4	FALSE	9.66	4	40.5	134.5	50.43	122.75	177.42	134.66	2026-06-08T11:03:29.444Z	DW_plates_1-10_4d.xlsx
4	HA_36_HA40_HA44	HA_36_HA40_HA44_D4	D4	A1	HA_36_HA40_HA44	HA40	HA40	8	FALSE	8.32	2	51.5	138	48.24	130	163.87	139.56	2026-06-08T11:03:22.376Z	DW_plates_1-10_4d.xlsx
4	HA_36_HA40_HA44	HA_36_HA40_HA44_D5	D5	A1	HA_36_HA40_HA44	HA44	HA44	4	FALSE	9.36	2	47.5	139	46.65	135.5	169.98	140.37	2026-06-08T11:02:32.809Z	DW_plates_1-10_4d.xlsx
4	HA_36_HA40_HA44	HA_36_HA40_HA44_D6	D6	A1	HA_36_HA40_HA44	HA44	HA44	8	FALSE	7.16	1	84	150	45.48	152	115.55	153.77	2026-06-08T11:02:25.786Z	DW_plates_1-10_4d.xlsx
4	HA1_HA2_HA3	HA1_HA2_HA3_A1	A1	A2	HA1_HA2_HA3	HA01	HA01	1	FALSE	4.27	2	47	131	49.54	126.5	160.85	131.4	2026-06-08T10:50:23.443Z	DW_plates_1-10_4d.xlsx
4	HA1_HA2_HA3	HA1_HA2_HA3_A2	A2	A2	HA1_HA2_HA3	HA01	HA01	5	FALSE	8.32	2	33	131	45.94	128	190.96	131.68	2026-06-08T10:49:33.822Z	DW_plates_1-10_4d.xlsx
4	HA1_HA2_HA3	HA1_HA2_HA3_A3	A3	A2	HA1_HA2_HA3	HA02	HA02	1	FALSE	6.39	2	32.5	134.5	46.55	130.5	191.27	134.93	2026-06-08T10:49:26.740Z	DW_plates_1-10_4d.xlsx
4	HA1_HA2_HA3	HA1_HA2_HA3_A4	A4	A2	HA1_HA2_HA3	HA02	HA02	5	FALSE	6.28	1	59	141	45.71	143	150.3	144.71	2026-06-08T10:48:37.149Z	DW_plates_1-10_4d.xlsx
4	HA1_HA2_HA3	HA1_HA2_HA3_A5	A5	A2	HA1_HA2_HA3	HA03	HA03	1	FALSE	3.84	1	55	122	45.8	122	140.35	123.32	2026-06-08T10:48:30.066Z	DW_plates_1-10_4d.xlsx
4	HA1_HA2_HA3	HA1_HA2_HA3_A6	A6	A2	HA1_HA2_HA3	HA03	HA03	5	FALSE	7.41	2	34	126	46	125	188.17	127.3	2026-06-08T10:47:38.409Z	DW_plates_1-10_4d.xlsx
4	HA1_HA2_HA3	HA1_HA2_HA3_B1	B1	A2	HA1_HA2_HA3	HA01	HA01	2	FALSE	8.52	2	46	133.5	47.73	129.5	172.53	134.66	2026-06-08T10:50:16.385Z	DW_plates_1-10_4d.xlsx
4	HA1_HA2_HA3	HA1_HA2_HA3_B2	B2	A2	HA1_HA2_HA3	HA01	HA01	6	FALSE	6.65	2	34	136.5	45.65	133	190.82	136.75	2026-06-08T10:49:40.885Z	DW_plates_1-10_4d.xlsx
4	HA1_HA2_HA3	HA1_HA2_HA3_B3	B3	A2	HA1_HA2_HA3	HA02	HA02	2	FALSE	5.52	1	85	145	50.16	146	109.17	148.22	2026-06-08T10:49:19.755Z	DW_plates_1-10_4d.xlsx
4	HA1_HA2_HA3	HA1_HA2_HA3_B4	B4	A2	HA1_HA2_HA3	HA02	HA02	6	FALSE	7.61	2	36	134.5	47.47	130.5	185.84	135.19	2026-06-08T10:48:44.189Z	DW_plates_1-10_4d.xlsx
4	HA1_HA2_HA3	HA1_HA2_HA3_B5	B5	A2	HA1_HA2_HA3	HA03	HA03	2	FALSE	7.67	2	34	138	45.82	135.5	191.48	138.86	2026-06-08T10:48:23.024Z	DW_plates_1-10_4d.xlsx
4	HA1_HA2_HA3	HA1_HA2_HA3_B6	B6	A2	HA1_HA2_HA3	HA03	HA03	6	FALSE	7.38	2	37	136	46.16	134.5	185.84	137.03	2026-06-08T10:47:46.877Z	DW_plates_1-10_4d.xlsx
4	HA1_HA2_HA3	HA1_HA2_HA3_C1	C1	A2	HA1_HA2_HA3	HA01	HA01	3	FALSE	3.85	1	30	133	47.18	127	195.26	132.77	2026-06-08T10:50:09.327Z	DW_plates_1-10_4d.xlsx
4	HA1_HA2_HA3	HA1_HA2_HA3_C2	C2	A2	HA1_HA2_HA3	HA01	HA01	7	FALSE	6.16	1	62	142	48.87	140	144.24	143.49	2026-06-08T10:49:47.916Z	DW_plates_1-10_4d.xlsx
4	HA1_HA2_HA3	HA1_HA2_HA3_C3	C3	A2	HA1_HA2_HA3	HA02	HA02	3	FALSE	6.23	1	84	133	46.25	133	98.14	135.04	2026-06-08T10:49:12.665Z	DW_plates_1-10_4d.xlsx
4	HA1_HA2_HA3	HA1_HA2_HA3_C4	C4	A2	HA1_HA2_HA3	HA02	HA02	7	FALSE	7.22	2	52	139	47.41	136.5	162.12	140.05	2026-06-08T10:48:51.509Z	DW_plates_1-10_4d.xlsx
4	HA1_HA2_HA3	HA1_HA2_HA3_C5	C5	A2	HA1_HA2_HA3	HA03	HA03	3	FALSE	3.43	1	46	135	50.52	131	166.95	135.7	2026-06-08T10:48:16.021Z	DW_plates_1-10_4d.xlsx
4	HA1_HA2_HA3	HA1_HA2_HA3_C6	C6	A2	HA1_HA2_HA3	HA03	HA03	7	FALSE	6.19	1	100	140	60.71	140	81.66	142.89	2026-06-08T10:47:54.877Z	DW_plates_1-10_4d.xlsx
4	HA1_HA2_HA3	HA1_HA2_HA3_D1	D1	A2	HA1_HA2_HA3	HA01	HA01	4	FALSE	5.32	2	78.5	139.5	53.09	136	112.11	140.25	2026-06-08T10:50:02.307Z	DW_plates_1-10_4d.xlsx
4	HA1_HA2_HA3	HA1_HA2_HA3_D2	D2	A2	HA1_HA2_HA3	HA01	HA01	8	FALSE	5.95	1	105	142	61.11	138	69.94	143.26	2026-06-08T10:49:55.279Z	DW_plates_1-10_4d.xlsx
4	HA1_HA2_HA3	HA1_HA2_HA3_D3	D3	A2	HA1_HA2_HA3	HA02	HA02	4	FALSE	5.66	2	42	136.5	47.29	132	175.13	136.95	2026-06-08T10:49:05.620Z	DW_plates_1-10_4d.xlsx
4	HA1_HA2_HA3	HA1_HA2_HA3_D4	D4	A2	HA1_HA2_HA3	HA02	HA02	8	FALSE	7.41	2	38.5	134	48.06	130	181.44	134.85	2026-06-08T10:48:58.557Z	DW_plates_1-10_4d.xlsx
4	HA1_HA2_HA3	HA1_HA2_HA3_D5	D5	A2	HA1_HA2_HA3	HA03	HA03	4	FALSE	11.98	4	52.5	136.25	52.29	133.5	157.55	137.77	2026-06-08T10:48:08.940Z	DW_plates_1-10_4d.xlsx
4	HA1_HA2_HA3	HA1_HA2_HA3_D6	D6	A2	HA1_HA2_HA3	HA03	HA03	8	FALSE	9.54	1	114	158	43.23	166	81.28	167.12	2026-06-08T10:48:01.883Z	DW_plates_1-10_4d.xlsx
4	HA46_HA48_HA59	HA46_HA48_HA59_A1	A1	B1	HA46_HA48_HA59	HA46	HA46	1	FALSE	18.46	5	35.4	136.4	50.41	121.4	188.86	136.3	2026-06-08T11:07:39.230Z	DW_plates_1-10_4d.xlsx
4	HA46_HA48_HA59	HA46_HA48_HA59_A2	A2	B1	HA46_HA48_HA59	HA46	HA46	5	FALSE	24.1	6	46	140	49.47	128.67	172.09	139.98	2026-06-08T11:06:49.924Z	DW_plates_1-10_4d.xlsx
4	HA46_HA48_HA59	HA46_HA48_HA59_A3	A3	B1	HA46_HA48_HA59	HA48	HA48	1	FALSE	18.09	5	43	130.6	52.63	118.2	173.98	131.43	2026-06-08T11:06:42.883Z	DW_plates_1-10_4d.xlsx
4	HA46_HA48_HA59	HA46_HA48_HA59_A4	A4	B1	HA46_HA48_HA59	HA48	HA48	5	FALSE	10.52	4	43.25	135.5	50.27	125.25	174.21	135.98	2026-06-08T11:05:53.319Z	DW_plates_1-10_4d.xlsx
4	HA46_HA48_HA59	HA46_HA48_HA59_A5	A5	B1	HA46_HA48_HA59	HA59	HA59	1	FALSE	12.57	5	56	141.2	51.77	132	156.05	141.35	2026-06-08T11:05:46.241Z	DW_plates_1-10_4d.xlsx
4	HA46_HA48_HA59	HA46_HA48_HA59_A6	A6	B1	HA46_HA48_HA59	HA59	HA59	5	FALSE	12.96	4	51.5	135	51.21	127.5	158.68	135.47	2026-06-08T11:04:54.204Z	DW_plates_1-10_4d.xlsx
4	HA46_HA48_HA59	HA46_HA48_HA59_B1	B1	B1	HA46_HA48_HA59	HA46	HA46	2	FALSE	15.84	5	45.4	137.8	51.09	126	171.5	138	2026-06-08T11:07:32.199Z	DW_plates_1-10_4d.xlsx
4	HA46_HA48_HA59	HA46_HA48_HA59_B2	B2	B1	HA46_HA48_HA59	HA46	HA46	6	FALSE	16.26	4	50	140	49.6	130.5	166.89	141.14	2026-06-08T11:06:56.953Z	DW_plates_1-10_4d.xlsx
4	HA46_HA48_HA59	HA46_HA48_HA59_B3	B3	B1	HA46_HA48_HA59	HA48	HA48	2	FALSE	11.89	3	57.67	137	50.94	128.33	152.82	139.04	2026-06-08T11:06:35.864Z	DW_plates_1-10_4d.xlsx
4	HA46_HA48_HA59	HA46_HA48_HA59_B4	B4	B1	HA46_HA48_HA59	HA48	HA48	6	FALSE	25.2	8	37.12	135.25	50.69	122	184.6	135.37	2026-06-08T11:06:00.343Z	DW_plates_1-10_4d.xlsx
4	HA46_HA48_HA59	HA46_HA48_HA59_B5	B5	B1	HA46_HA48_HA59	HA59	HA59	2	FALSE	12.57	5	52.8	137.4	51.7	128	157.01	137.9	2026-06-08T11:05:39.219Z	DW_plates_1-10_4d.xlsx
4	HA46_HA48_HA59	HA46_HA48_HA59_B6	B6	B1	HA46_HA48_HA59	HA59	HA59	6	FALSE	10.93	5	50.4	137.6	48.48	128.8	163.81	137.84	2026-06-08T11:05:03.701Z	DW_plates_1-10_4d.xlsx
4	HA46_HA48_HA59	HA46_HA48_HA59_C1	C1	B1	HA46_HA48_HA59	HA46	HA46	3	FALSE	11.12	3	52	144	48.77	135	165.53	145	2026-06-08T11:07:25.095Z	DW_plates_1-10_4d.xlsx
4	HA46_HA48_HA59	HA46_HA48_HA59_C2	C2	B1	HA46_HA48_HA59	HA46	HA46	7	FALSE	12.63	4	51	138.75	49.41	129	162.39	139.41	2026-06-08T11:07:04.039Z	DW_plates_1-10_4d.xlsx
4	HA46_HA48_HA59	HA46_HA48_HA59_C3	C3	B1	HA46_HA48_HA59	HA48	HA48	3	FALSE	9.88	3	56.67	137.33	53.56	127.67	153.49	138.3	2026-06-08T11:06:28.793Z	DW_plates_1-10_4d.xlsx
4	HA46_HA48_HA59	HA46_HA48_HA59_C4	C4	B1	HA46_HA48_HA59	HA48	HA48	7	FALSE	14.93	4	36.5	136	49.51	123.5	189.07	136.54	2026-06-08T11:06:07.664Z	DW_plates_1-10_4d.xlsx
4	HA46_HA48_HA59	HA46_HA48_HA59_C5	C5	B1	HA46_HA48_HA59	HA59	HA59	3	FALSE	13.27	5	54.6	140	50.66	130.8	156.96	140.45	2026-06-08T11:05:32.217Z	DW_plates_1-10_4d.xlsx
4	HA46_HA48_HA59	HA46_HA48_HA59_C6	C6	B1	HA46_HA48_HA59	HA59	HA59	7	FALSE	20.36	6	51.33	136.67	52	127.17	160.82	136.75	2026-06-08T11:05:11.039Z	DW_plates_1-10_4d.xlsx
4	HA46_HA48_HA59	HA46_HA48_HA59_D1	D1	B1	HA46_HA48_HA59	HA46	HA46	4	FALSE	21.32	6	51.17	138.67	52.8	128.33	161.55	139.18	2026-06-08T11:07:18.110Z	DW_plates_1-10_4d.xlsx
4	HA46_HA48_HA59	HA46_HA48_HA59_D2	D2	B1	HA46_HA48_HA59	HA46	HA46	8	FALSE	12.72	4	60	144.25	49.19	135.5	150.8	144.76	2026-06-08T11:07:11.037Z	DW_plates_1-10_4d.xlsx
4	HA46_HA48_HA59	HA46_HA48_HA59_D3	D3	B1	HA46_HA48_HA59	HA48	HA48	4	FALSE	22.89	6	44.5	138.33	48.74	127.17	175.93	139.08	2026-06-08T11:06:21.787Z	DW_plates_1-10_4d.xlsx
4	HA46_HA48_HA59	HA46_HA48_HA59_D4	D4	B1	HA46_HA48_HA59	HA48	HA48	8	FALSE	13.18	4	41	134	49.3	124	178.85	135.11	2026-06-08T11:06:14.718Z	DW_plates_1-10_4d.xlsx
4	HA46_HA48_HA59	HA46_HA48_HA59_D5	D5	B1	HA46_HA48_HA59	HA59	HA59	4	FALSE	17.19	4	49.75	143.75	47.09	136.5	167.92	144.07	2026-06-08T11:05:25.111Z	DW_plates_1-10_4d.xlsx
4	HA46_HA48_HA59	HA46_HA48_HA59_D6	D6	B1	HA46_HA48_HA59	HA59	HA59	8	FALSE	9.94	2	68.5	146	45.67	144.5	141.22	149.54	2026-06-08T11:05:18.079Z	DW_plates_1-10_4d.xlsx
4	HA6_HA8_HA10	HA6_HA8_HA10_A1	A1	B2	HA6_HA8_HA10	HA06	HA06	1	FALSE	5.12	2	28.5	123.5	50.04	115	193.48	123.52	2026-06-08T10:53:14.842Z	DW_plates_1-10_4d.xlsx
4	HA6_HA8_HA10	HA6_HA8_HA10_A2	A2	B2	HA6_HA8_HA10	HA06	HA06	5	FALSE	7.27	2	50.5	139.5	48.61	135	164.38	140.21	2026-06-08T10:52:25.554Z	DW_plates_1-10_4d.xlsx
4	HA6_HA8_HA10	HA6_HA8_HA10_A3	A3	B2	HA6_HA8_HA10	HA08	HA08	1	FALSE	4.43	3	34	130.67	48.9	123.33	186.62	130.65	2026-06-08T10:52:18.494Z	DW_plates_1-10_4d.xlsx
4	HA6_HA8_HA10	HA6_HA8_HA10_A4	A4	B2	HA6_HA8_HA10	HA08	HA08	5	FALSE	6.48	1	66	148	45.42	149	144.01	150.78	2026-06-08T10:51:29.217Z	DW_plates_1-10_4d.xlsx
4	HA6_HA8_HA10	HA6_HA8_HA10_A5	A5	B2	HA6_HA8_HA10	HA10	HA10	1	FALSE	4.7	2	40.5	134.5	47.7	129	176.41	134.59	2026-06-08T10:51:22.217Z	DW_plates_1-10_4d.xlsx
4	HA6_HA8_HA10	HA6_HA8_HA10_A6	A6	B2	HA6_HA8_HA10	HA10	HA10	5	FALSE	6.59	2	59.5	142	46.17	139	148.28	143.06	2026-06-08T10:50:30.477Z	DW_plates_1-10_4d.xlsx
4	HA6_HA8_HA10	HA6_HA8_HA10_B1	B1	B2	HA6_HA8_HA10	HA06	HA06	2	FALSE	13.79	5	34	131.2	49.79	123.6	188.64	131.57	2026-06-08T10:53:07.831Z	DW_plates_1-10_4d.xlsx
4	HA6_HA8_HA10	HA6_HA8_HA10_B2	B2	B2	HA6_HA8_HA10	HA06	HA06	6	FALSE	12.78	4	31.25	134.5	47.12	127.25	195.58	134.57	2026-06-08T10:52:32.599Z	DW_plates_1-10_4d.xlsx
4	HA6_HA8_HA10	HA6_HA8_HA10_B3	B3	B2	HA6_HA8_HA10	HA08	HA08	2	FALSE	9.41	3	37.33	136.33	49.64	129.33	185.89	136.94	2026-06-08T10:52:11.490Z	DW_plates_1-10_4d.xlsx
4	HA6_HA8_HA10	HA6_HA8_HA10_B4	B4	B2	HA6_HA8_HA10	HA08	HA08	6	FALSE	10.47	4	39.5	139.75	46.6	134.25	183.01	139.75	2026-06-08T10:51:36.291Z	DW_plates_1-10_4d.xlsx
4	HA6_HA8_HA10	HA6_HA8_HA10_B5	B5	B2	HA6_HA8_HA10	HA10	HA10	2	FALSE	8.74	4	41	138	46.39	133.75	179.5	138.53	2026-06-08T10:51:15.134Z	DW_plates_1-10_4d.xlsx
4	HA6_HA8_HA10	HA6_HA8_HA10_B6	B6	B2	HA6_HA8_HA10	HA10	HA10	6	FALSE	6.05	3	39.67	133.33	50.75	128	179.66	133.83	2026-06-08T10:50:39.635Z	DW_plates_1-10_4d.xlsx
4	HA6_HA8_HA10	HA6_HA8_HA10_C1	C1	B2	HA6_HA8_HA10	HA06	HA06	3	FALSE	6.85	2	53.5	123.5	48.33	119.5	145.2	123.9	2026-06-08T10:53:00.759Z	DW_plates_1-10_4d.xlsx
4	HA6_HA8_HA10	HA6_HA8_HA10_C2	C2	B2	HA6_HA8_HA10	HA06	HA06	7	FALSE	11.11	3	36.33	135.67	47.79	129.33	188.83	136.58	2026-06-08T10:52:39.619Z	DW_plates_1-10_4d.xlsx
4	HA6_HA8_HA10	HA6_HA8_HA10_C3	C3	B2	HA6_HA8_HA10	HA08	HA08	3	FALSE	3.87	2	33.5	132	50.58	124	189.05	132.11	2026-06-08T10:52:04.459Z	DW_plates_1-10_4d.xlsx
4	HA6_HA8_HA10	HA6_HA8_HA10_C4	C4	B2	HA6_HA8_HA10	HA08	HA08	7	FALSE	7.35	2	45.5	137.5	46.9	133.5	175.03	139.35	2026-06-08T10:51:43.352Z	DW_plates_1-10_4d.xlsx
4	HA6_HA8_HA10	HA6_HA8_HA10_C6	C6	B2	HA6_HA8_HA10	HA10	HA10	7	FALSE	8.59	1	98	154	44.26	161	99.1	162	2026-06-08T10:50:46.684Z	DW_plates_1-10_4d.xlsx
4	HA6_HA8_HA10	HA6_HA8_HA10_D1	D1	B2	HA6_HA8_HA10	HA06	HA06	4	FALSE	11.13	4	29.5	131.25	48.67	124	196.58	131.6	2026-06-08T10:52:53.697Z	DW_plates_1-10_4d.xlsx
4	HA6_HA8_HA10	HA6_HA8_HA10_D2	D2	B2	HA6_HA8_HA10	HA06	HA06	8	FALSE	14	3	39.67	136	47.03	131.33	183.21	137.33	2026-06-08T10:52:46.736Z	DW_plates_1-10_4d.xlsx
4	HA6_HA8_HA10	HA6_HA8_HA10_D3	D3	B2	HA6_HA8_HA10	HA08	HA08	4	FALSE	10.26	1	111	156	40.74	161	81.7	162.19	2026-06-08T10:51:57.368Z	DW_plates_1-10_4d.xlsx
4	HA6_HA8_HA10	HA6_HA8_HA10_D4	D4	B2	HA6_HA8_HA10	HA08	HA08	8	FALSE	5.7	2	57.5	142	46.93	139.5	150.24	142.86	2026-06-08T10:51:50.364Z	DW_plates_1-10_4d.xlsx
4	HA6_HA8_HA10	HA6_HA8_HA10_D5	D5	B2	HA6_HA8_HA10	HA10	HA10	4	FALSE	4.11	1	90	134	58.29	132	89.4	135.83	2026-06-08T10:51:01.152Z	DW_plates_1-10_4d.xlsx
4	HA6_HA8_HA10	HA6_HA8_HA10_D6	D6	B2	HA6_HA8_HA10	HA10	HA10	8	FALSE	6.37	1	94	146	50.25	146	95.11	148.05	2026-06-08T10:50:54.017Z	DW_plates_1-10_4d.xlsx
4	HA_61_HA64_HA69A	HA_61_HA64_HA69A_A1	A1	C1	HA_61_HA64_HA69A	HA61	HA61	1	FALSE	17.69	5	29.2	133.6	49.45	120.6	199.16	133.91	2026-06-08T11:10:31.545Z	DW_plates_1-10_4d.xlsx
4	HA_61_HA64_HA69A	HA_61_HA64_HA69A_A2	A2	C1	HA_61_HA64_HA69A	HA61	HA61	5	FALSE	11.42	1	141	170	38.57	179	55.25	180.05	2026-06-08T11:09:41.960Z	DW_plates_1-10_4d.xlsx
4	HA_61_HA64_HA69A	HA_61_HA64_HA69A_A3	A3	C1	HA_61_HA64_HA69A	HA64	HA64	1	FALSE	9.52	4	40.5	134.75	49.31	125.5	178.31	135.49	2026-06-08T11:09:34.876Z	DW_plates_1-10_4d.xlsx
4	HA_61_HA64_HA69A	HA_61_HA64_HA69A_A4	A4	C1	HA_61_HA64_HA69A	HA64	HA64	5	FALSE	9.68	4	43.25	130.5	52.58	119.5	173.47	131.69	2026-06-08T11:08:44.988Z	DW_plates_1-10_4d.xlsx
4	HA_61_HA64_HA69A	HA_61_HA64_HA69A_A5	A5	C1	HA_61_HA64_HA69A	HA69A	HA69A	1	FALSE	12.88	4	36.75	135.75	49.4	124	186.43	136.22	2026-06-08T11:08:38.030Z	DW_plates_1-10_4d.xlsx
4	HA_61_HA64_HA69A	HA_61_HA64_HA69A_A6	A6	C1	HA_61_HA64_HA69A	HA69A	HA69A	5	FALSE	16.57	5	42.8	137.4	49.65	125.8	177.61	137.8	2026-06-08T11:07:46.241Z	DW_plates_1-10_4d.xlsx
4	HA_61_HA64_HA69A	HA_61_HA64_HA69A_B1	B1	C1	HA_61_HA64_HA69A	HA61	HA61	2	FALSE	18.27	6	38.17	131.33	51.72	117.83	181.15	131.33	2026-06-08T11:10:24.506Z	DW_plates_1-10_4d.xlsx
4	HA_61_HA64_HA69A	HA_61_HA64_HA69A_B2	B2	C1	HA_61_HA64_HA69A	HA61	HA61	6	FALSE	16.26	5	36.6	135.6	49.44	123.6	187.16	135.92	2026-06-08T11:09:48.961Z	DW_plates_1-10_4d.xlsx
4	HA_61_HA64_HA69A	HA_61_HA64_HA69A_B3	B3	C1	HA_61_HA64_HA69A	HA64	HA64	2	FALSE	9.91	4	45.5	137	50.01	126.5	173.42	137.46	2026-06-08T11:09:27.842Z	DW_plates_1-10_4d.xlsx
4	HA_61_HA64_HA69A	HA_61_HA64_HA69A_B4	B4	C1	HA_61_HA64_HA69A	HA64	HA64	6	FALSE	14.71	5	30	129.6	51.12	115.4	195.8	129.64	2026-06-08T11:08:52.064Z	DW_plates_1-10_4d.xlsx
4	HA_61_HA64_HA69A	HA_61_HA64_HA69A_B5	B5	C1	HA_61_HA64_HA69A	HA69A	HA69A	2	FALSE	15.72	5	41	135.8	51.62	123.2	179.98	136.19	2026-06-08T11:08:30.906Z	DW_plates_1-10_4d.xlsx
4	HA_61_HA64_HA69A	HA_61_HA64_HA69A_B6	B6	C1	HA_61_HA64_HA69A	HA69A	HA69A	6	FALSE	25.71	7	35.14	133.71	49.76	121.86	189.64	134.36	2026-06-08T11:07:55.483Z	DW_plates_1-10_4d.xlsx
4	HA_61_HA64_HA69A	HA_61_HA64_HA69A_C1	C1	C1	HA_61_HA64_HA69A	HA61	HA61	3	FALSE	15.9	5	47.6	133	52.39	121.6	165.99	133.63	2026-06-08T11:10:17.414Z	DW_plates_1-10_4d.xlsx
4	HA_61_HA64_HA69A	HA_61_HA64_HA69A_C2	C2	C1	HA_61_HA64_HA69A	HA61	HA61	7	FALSE	19.08	6	36.33	133	51.28	119.67	185.03	133.04	2026-06-08T11:09:56.020Z	DW_plates_1-10_4d.xlsx
4	HA_61_HA64_HA69A	HA_61_HA64_HA69A_C3	C3	C1	HA_61_HA64_HA69A	HA64	HA64	3	FALSE	16.5	4	34.75	134.25	49.87	122	190.89	134.98	2026-06-08T11:09:20.809Z	DW_plates_1-10_4d.xlsx
4	HA_61_HA64_HA69A	HA_61_HA64_HA69A_C4	C4	C1	HA_61_HA64_HA69A	HA64	HA64	7	FALSE	14.88	5	42.6	134.2	50.92	123.4	177.76	135.37	2026-06-08T11:08:59.372Z	DW_plates_1-10_4d.xlsx
4	HA_61_HA64_HA69A	HA_61_HA64_HA69A_C5	C5	C1	HA_61_HA64_HA69A	HA69A	HA69A	3	FALSE	19.18	6	45.5	135.5	50.6	124.17	172.76	136.34	2026-06-08T11:08:23.864Z	DW_plates_1-10_4d.xlsx
4	HA_61_HA64_HA69A	HA_61_HA64_HA69A_C6	C6	C1	HA_61_HA64_HA69A	HA69A	HA69A	7	FALSE	7.39	2	59	142	46.73	136.5	152.59	143.74	2026-06-08T11:08:02.443Z	DW_plates_1-10_4d.xlsx
4	HA_61_HA64_HA69A	HA_61_HA64_HA69A_D1	D1	C1	HA_61_HA64_HA69A	HA61	HA61	4	FALSE	19.87	6	41.83	137.5	48.7	127.17	179.68	138.29	2026-06-08T11:10:10.097Z	DW_plates_1-10_4d.xlsx
4	HA_61_HA64_HA69A	HA_61_HA64_HA69A_D2	D2	C1	HA_61_HA64_HA69A	HA61	HA61	8	FALSE	12.68	3	55.33	140.33	50.34	132	157.31	140.83	2026-06-08T11:10:03.119Z	DW_plates_1-10_4d.xlsx
4	HA_61_HA64_HA69A	HA_61_HA64_HA69A_D3	D3	C1	HA_61_HA64_HA69A	HA64	HA64	4	FALSE	12.54	4	51	132	55.06	120.75	158.42	132.45	2026-06-08T11:09:13.757Z	DW_plates_1-10_4d.xlsx
4	HA_61_HA64_HA69A	HA_61_HA64_HA69A_D4	D4	C1	HA_61_HA64_HA69A	HA64	HA64	8	FALSE	8.31	2	61.5	144.5	48.55	139.5	151.48	146.45	2026-06-08T11:09:06.457Z	DW_plates_1-10_4d.xlsx
4	HA_61_HA64_HA69A	HA_61_HA64_HA69A_D5	D5	C1	HA_61_HA64_HA69A	HA69A	HA69A	4	FALSE	13.48	5	40.8	132.2	52.83	119.6	174.19	132.59	2026-06-08T11:08:16.857Z	DW_plates_1-10_4d.xlsx
4	HA_61_HA64_HA69A	HA_61_HA64_HA69A_D6	D6	C1	HA_61_HA64_HA69A	HA69A	HA69A	8	FALSE	10.88	2	43.5	139.5	48.4	132	177.03	140.29	2026-06-08T11:08:09.795Z	DW_plates_1-10_4d.xlsx
4	HA12_HA14_HA16	HA12_HA14_HA16_A1	A1	C2	HA12_HA14_HA16	HA12	HA12	1	FALSE	19.1	5	49.6	136.8	49.07	128.4	163.86	136.81	2026-06-08T10:56:07.189Z	DW_plates_1-10_4d.xlsx
4	HA12_HA14_HA16	HA12_HA14_HA16_A2	A2	C2	HA12_HA14_HA16	HA12	HA12	5	FALSE	14.82	5	53.4	134.2	52.49	127	156.59	135.25	2026-06-08T10:55:17.581Z	DW_plates_1-10_4d.xlsx
4	HA12_HA14_HA16	HA12_HA14_HA16_A3	A3	C2	HA12_HA14_HA16	HA14	HA14	1	FALSE	19.68	6	33.83	135.33	48.15	126.83	191.26	135.5	2026-06-08T10:55:10.514Z	DW_plates_1-10_4d.xlsx
4	HA12_HA14_HA16	HA12_HA14_HA16_A4	A4	C2	HA12_HA14_HA16	HA14	HA14	5	FALSE	9.29	3	74.67	139.33	50.98	138.33	124.74	142.66	2026-06-08T10:54:20.946Z	DW_plates_1-10_4d.xlsx
4	HA12_HA14_HA16	HA12_HA14_HA16_A5	A5	C2	HA12_HA14_HA16	HA16	HA16	1	FALSE	12.74	4	36.5	134.5	47.36	127.5	184.98	134.93	2026-06-08T10:54:13.901Z	DW_plates_1-10_4d.xlsx
4	HA12_HA14_HA16	HA12_HA14_HA16_A6	A6	C2	HA12_HA14_HA16	HA16	HA16	5	FALSE	9.78	3	42	131.67	52.08	124.33	173.23	132.1	2026-06-08T10:53:21.854Z	DW_plates_1-10_4d.xlsx
4	HA12_HA14_HA16	HA12_HA14_HA16_B1	B1	C2	HA12_HA14_HA16	HA12	HA12	2	FALSE	3.14	1	75	146	56.31	141	129.27	147.19	2026-06-08T10:55:59.816Z	DW_plates_1-10_4d.xlsx
4	HA12_HA14_HA16	HA12_HA14_HA16_B2	B2	C2	HA12_HA14_HA16	HA12	HA12	6	FALSE	5.71	2	66	131	51.03	124.5	128.01	131.45	2026-06-08T10:55:24.593Z	DW_plates_1-10_4d.xlsx
4	HA12_HA14_HA16	HA12_HA14_HA16_B3	B3	C2	HA12_HA14_HA16	HA14	HA14	2	FALSE	6.53	2	91.5	147	47.7	143.5	98.58	147.94	2026-06-08T10:55:03.509Z	DW_plates_1-10_4d.xlsx
4	HA12_HA14_HA16	HA12_HA14_HA16_B4	B4	C2	HA12_HA14_HA16	HA14	HA14	6	FALSE	6.17	2	173	176	76.56	174.5	13.05	178.31	2026-06-08T10:54:27.968Z	DW_plates_1-10_4d.xlsx
4	HA12_HA14_HA16	HA12_HA14_HA16_B5	B5	C2	HA12_HA14_HA16	HA16	HA16	2	FALSE	18.54	6	37	138.17	48.39	130.33	186.88	138.13	2026-06-08T10:54:06.872Z	DW_plates_1-10_4d.xlsx
4	HA12_HA14_HA16	HA12_HA14_HA16_B6	B6	C2	HA12_HA14_HA16	HA16	HA16	6	FALSE	10.26	4	42.5	135.75	48.07	130.25	174.39	136.56	2026-06-08T10:53:31.041Z	DW_plates_1-10_4d.xlsx
4	HA12_HA14_HA16	HA12_HA14_HA16_C1	C1	C2	HA12_HA14_HA16	HA12	HA12	3	FALSE	18.67	6	48.17	138.5	50.11	130	167.82	138.58	2026-06-08T10:55:52.759Z	DW_plates_1-10_4d.xlsx
4	HA12_HA14_HA16	HA12_HA14_HA16_C2	C2	C2	HA12_HA14_HA16	HA12	HA12	7	FALSE	15.77	5	46.8	139.8	49.13	132.2	172.04	140.09	2026-06-08T10:55:31.657Z	DW_plates_1-10_4d.xlsx
4	HA12_HA14_HA16	HA12_HA14_HA16_C3	C3	C2	HA12_HA14_HA16	HA14	HA14	3	FALSE	6.6	1	73	149	49.07	149	134.6	151.33	2026-06-08T10:54:56.432Z	DW_plates_1-10_4d.xlsx
4	HA12_HA14_HA16	HA12_HA14_HA16_C4	C4	C2	HA12_HA14_HA16	HA14	HA14	7	FALSE	21.32	6	39.83	136.5	49.54	128	180.71	136.88	2026-06-08T10:54:35.034Z	DW_plates_1-10_4d.xlsx
4	HA12_HA14_HA16	HA12_HA14_HA16_C5	C5	C2	HA12_HA14_HA16	HA16	HA16	3	FALSE	10.38	4	48.5	135.75	51.87	128.75	163.44	136.2	2026-06-08T10:53:59.824Z	DW_plates_1-10_4d.xlsx
4	HA12_HA14_HA16	HA12_HA14_HA16_C6	C6	C2	HA12_HA14_HA16	HA16	HA16	7	FALSE	10.86	4	44.5	138	48.19	132.75	172.34	138.84	2026-06-08T10:53:38.735Z	DW_plates_1-10_4d.xlsx
4	HA12_HA14_HA16	HA12_HA14_HA16_D1	D1	C2	HA12_HA14_HA16	HA12	HA12	4	FALSE	10.81	3	44.33	139	48.05	133	173.37	139.41	2026-06-08T10:55:45.788Z	DW_plates_1-10_4d.xlsx
4	HA12_HA14_HA16	HA12_HA14_HA16_D2	D2	C2	HA12_HA14_HA16	HA12	HA12	8	FALSE	4.39	1	151	162	68.05	161	32.67	166.26	2026-06-08T10:55:38.681Z	DW_plates_1-10_4d.xlsx
4	HA12_HA14_HA16	HA12_HA14_HA16_D3	D3	C2	HA12_HA14_HA16	HA14	HA14	4	FALSE	9.63	3	56.33	132.33	53.93	127.67	147.63	133.72	2026-06-08T10:54:49.087Z	DW_plates_1-10_4d.xlsx
4	HA12_HA14_HA16	HA12_HA14_HA16_D4	D4	C2	HA12_HA14_HA16	HA14	HA14	8	FALSE	12.52	4	29.75	133.5	48.25	125	197.35	133.69	2026-06-08T10:54:42.105Z	DW_plates_1-10_4d.xlsx
4	HA12_HA14_HA16	HA12_HA14_HA16_D5	D5	C2	HA12_HA14_HA16	HA16	HA16	4	FALSE	17.1	6	39.33	137.83	47.93	130.17	182.99	138.01	2026-06-08T10:53:52.786Z	DW_plates_1-10_4d.xlsx
4	HA12_HA14_HA16	HA12_HA14_HA16_D6	D6	C2	HA12_HA14_HA16	HA16	HA16	8	FALSE	12.03	3	44.33	136.33	47.22	131	176.88	138.22	2026-06-08T10:53:45.786Z	DW_plates_1-10_4d.xlsx
4	HA82_SJ02_SJ07	HA82_SJ02_SJ07_A1	A1	D1	HA82_SJ02_SJ07	HA82	HA82	1	FALSE	9.01	1	90	153	52.44	152	109.23	155.41	2026-06-08T11:13:23.873Z	DW_plates_1-10_4d.xlsx
4	HA82_SJ02_SJ07	HA82_SJ02_SJ07_A2	A2	D1	HA82_SJ02_SJ07	HA82	HA82	5	FALSE	8.32	3	60	140	51.25	133.67	142.88	140.89	2026-06-08T11:12:34.265Z	DW_plates_1-10_4d.xlsx
4	HA82_SJ02_SJ07	HA82_SJ02_SJ07_A3	A3	D1	HA82_SJ02_SJ07	SJ02	SJ02	1	FALSE	7.21	2	83	153.5	46.4	151	118.8	155.18	2026-06-08T11:12:27.228Z	DW_plates_1-10_4d.xlsx
4	HA82_SJ02_SJ07	HA82_SJ02_SJ07_A4	A4	D1	HA82_SJ02_SJ07	SJ02	SJ02	5	FALSE	8.57	2	48.5	146	49.22	139	168.2	146.17	2026-06-08T11:11:37.697Z	DW_plates_1-10_4d.xlsx
4	HA82_SJ02_SJ07	HA82_SJ02_SJ07_A5	A5	D1	HA82_SJ02_SJ07	SJ07	SJ07	1	FALSE	10.91	2	62	149.5	45.5	145	153.76	152.14	2026-06-08T11:11:30.570Z	DW_plates_1-10_4d.xlsx
4	HA82_SJ02_SJ07	HA82_SJ02_SJ07_A6	A6	D1	HA82_SJ02_SJ07	SJ07	SJ07	5	FALSE	14.15	4	35.5	140.5	49.26	130	190.05	140.77	2026-06-08T11:10:38.564Z	DW_plates_1-10_4d.xlsx
4	HA82_SJ02_SJ07	HA82_SJ02_SJ07_B1	B1	D1	HA82_SJ02_SJ07	HA82	HA82	2	FALSE	6.51	1	71	139	60.68	133	125.28	139.62	2026-06-08T11:13:16.775Z	DW_plates_1-10_4d.xlsx
4	HA82_SJ02_SJ07	HA82_SJ02_SJ07_B2	B2	D1	HA82_SJ02_SJ07	HA82	HA82	6	FALSE	11.02	4	52.5	144.25	51.57	134.5	161.5	144.44	2026-06-08T11:12:41.298Z	DW_plates_1-10_4d.xlsx
4	HA82_SJ02_SJ07	HA82_SJ02_SJ07_B3	B3	D1	HA82_SJ02_SJ07	SJ02	SJ02	2	FALSE	9.07	3	57.67	147.33	48.77	141.33	154.25	147.6	2026-06-08T11:12:20.167Z	DW_plates_1-10_4d.xlsx
4	HA82_SJ02_SJ07	HA82_SJ02_SJ07_B4	B4	D1	HA82_SJ02_SJ07	SJ02	SJ02	6	FALSE	10.96	3	55	146	49.05	138.33	158.98	146.08	2026-06-08T11:11:44.648Z	DW_plates_1-10_4d.xlsx
4	HA82_SJ02_SJ07	HA82_SJ02_SJ07_B5	B5	D1	HA82_SJ02_SJ07	SJ07	SJ07	2	FALSE	22.9	6	40.83	144	48.94	132	183.3	144.16	2026-06-08T11:11:23.278Z	DW_plates_1-10_4d.xlsx
4	HA82_SJ02_SJ07	HA82_SJ02_SJ07_B6	B6	D1	HA82_SJ02_SJ07	SJ07	SJ07	6	FALSE	10.42	2	51	146.5	46.95	141	169.11	148.64	2026-06-08T11:10:47.725Z	DW_plates_1-10_4d.xlsx
4	HA82_SJ02_SJ07	HA82_SJ02_SJ07_C1	C1	D1	HA82_SJ02_SJ07	HA82	HA82	3	FALSE	13.1	4	50	144	50.16	134	167.58	144.38	2026-06-08T11:13:09.481Z	DW_plates_1-10_4d.xlsx
4	HA82_SJ02_SJ07	HA82_SJ02_SJ07_C2	C2	D1	HA82_SJ02_SJ07	HA82	HA82	7	FALSE	11.25	4	48.75	143.75	51.88	134	169.13	144.06	2026-06-08T11:12:48.317Z	DW_plates_1-10_4d.xlsx
4	HA82_SJ02_SJ07	HA82_SJ02_SJ07_C3	C3	D1	HA82_SJ02_SJ07	SJ02	SJ02	3	FALSE	10.03	3	58.67	133.33	52.64	124	144.61	133.74	2026-06-08T11:12:13.151Z	DW_plates_1-10_4d.xlsx
4	HA82_SJ02_SJ07	HA82_SJ02_SJ07_C4	C4	D1	HA82_SJ02_SJ07	SJ02	SJ02	7	FALSE	9.35	3	59.33	133	51.03	125	141.7	132.96	2026-06-08T11:11:51.721Z	DW_plates_1-10_4d.xlsx
4	HA82_SJ02_SJ07	HA82_SJ02_SJ07_C5	C5	D1	HA82_SJ02_SJ07	SJ07	SJ07	3	FALSE	14.42	4	44	143.75	49.45	133	178.15	144.08	2026-06-08T11:11:16.198Z	DW_plates_1-10_4d.xlsx
4	HA82_SJ02_SJ07	HA82_SJ02_SJ07_C6	C6	D1	HA82_SJ02_SJ07	SJ07	SJ07	7	FALSE	15.06	4	39.75	143	49.22	133	183.65	143.43	2026-06-08T11:10:54.791Z	DW_plates_1-10_4d.xlsx
4	HA82_SJ02_SJ07	HA82_SJ02_SJ07_D1	D1	D1	HA82_SJ02_SJ07	HA82	HA82	4	FALSE	9.18	1	120	161	48.84	160	70.17	162.8	2026-06-08T11:13:02.456Z	DW_plates_1-10_4d.xlsx
4	HA82_SJ02_SJ07	HA82_SJ02_SJ07_D2	D2	D1	HA82_SJ02_SJ07	HA82	HA82	8	FALSE	8.45	3	59	144	51.5	137.33	150.53	144.5	2026-06-08T11:12:55.384Z	DW_plates_1-10_4d.xlsx
4	HA82_SJ02_SJ07	HA82_SJ02_SJ07_D3	D3	D1	HA82_SJ02_SJ07	SJ02	SJ02	4	FALSE	10.82	3	43.33	144.67	49.64	136	178.53	145.16	2026-06-08T11:12:05.779Z	DW_plates_1-10_4d.xlsx
4	HA82_SJ02_SJ07	HA82_SJ02_SJ07_D4	D4	D1	HA82_SJ02_SJ07	SJ02	SJ02	8	FALSE	14.48	5	55.2	144.2	50.87	135.8	157.34	144.31	2026-06-08T11:11:58.785Z	DW_plates_1-10_4d.xlsx
4	HA82_SJ02_SJ07	HA82_SJ02_SJ07_D5	D5	D1	HA82_SJ02_SJ07	SJ07	SJ07	4	FALSE	12.63	3	47	144	47.05	137.33	172.91	144.66	2026-06-08T11:11:09.149Z	DW_plates_1-10_4d.xlsx
4	HA82_SJ02_SJ07	HA82_SJ02_SJ07_D6	D6	D1	HA82_SJ02_SJ07	SJ07	SJ07	8	FALSE	14.25	5	49.4	139.4	53.7	129.2	163.21	139.75	2026-06-08T11:11:02.146Z	DW_plates_1-10_4d.xlsx
4	HA17_HA18_HA21A	HA17_HA18_HA21A_A1	A1	D2	HA17_HA18_HA21A	HA17	HA17	1	FALSE	6.83	2	36.5	137.5	48.98	129.5	187.13	137.6	2026-06-08T10:58:58.575Z	DW_plates_1-10_4d.xlsx
4	HA17_HA18_HA21A	HA17_HA18_HA21A_A2	A2	D2	HA17_HA18_HA21A	HA17	HA17	5	FALSE	7.98	3	47.67	134.67	54.82	126.33	166.5	135.22	2026-06-08T10:58:09.010Z	DW_plates_1-10_4d.xlsx
4	HA17_HA18_HA21A	HA17_HA18_HA21A_A3	A3	D2	HA17_HA18_HA21A	HA18	HA18	1	FALSE	4.05	2	64	134.5	50.99	128	133.78	134.65	2026-06-08T10:58:01.927Z	DW_plates_1-10_4d.xlsx
4	HA17_HA18_HA21A	HA17_HA18_HA21A_A4	A4	D2	HA17_HA18_HA21A	HA18	HA18	5	FALSE	6.64	2	59.5	141.5	46.67	138.5	148.17	142.3	2026-06-08T10:57:12.636Z	DW_plates_1-10_4d.xlsx
4	HA17_HA18_HA21A	HA17_HA18_HA21A_A5	A5	D2	HA17_HA18_HA21A	HA21A	HA21A	1	FALSE	3.66	2	40	125	53.32	116.5	171.41	125.56	2026-06-08T10:57:05.604Z	DW_plates_1-10_4d.xlsx
4	HA17_HA18_HA21A	HA17_HA18_HA21A_A6	A6	D2	HA17_HA18_HA21A	HA21A	HA21A	5	FALSE	6.92	1	61	139	49.72	137	143.43	140.65	2026-06-08T10:56:14.173Z	DW_plates_1-10_4d.xlsx
4	HA17_HA18_HA21A	HA17_HA18_HA21A_B1	B1	D2	HA17_HA18_HA21A	HA17	HA17	2	FALSE	7.46	3	44.67	132.33	51.21	124.67	168.91	132.6	2026-06-08T10:58:51.260Z	DW_plates_1-10_4d.xlsx
4	HA17_HA18_HA21A	HA17_HA18_HA21A_B2	B2	D2	HA17_HA18_HA21A	HA17	HA17	6	FALSE	5.84	2	32	135	48.37	127	194.21	135.44	2026-06-08T10:58:15.998Z	DW_plates_1-10_4d.xlsx
4	HA17_HA18_HA21A	HA17_HA18_HA21A_B3	B3	D2	HA17_HA18_HA21A	HA18	HA18	2	FALSE	7.95	4	48.75	134.5	52.49	126	163.04	134.72	2026-06-08T10:57:54.897Z	DW_plates_1-10_4d.xlsx
4	HA17_HA18_HA21A	HA17_HA18_HA21A_B4	B4	D2	HA17_HA18_HA21A	HA18	HA18	6	FALSE	7.13	2	60.5	136	53.73	129.5	148.18	137.63	2026-06-08T10:57:19.671Z	DW_plates_1-10_4d.xlsx
4	HA17_HA18_HA21A	HA17_HA18_HA21A_B5	B5	D2	HA17_HA18_HA21A	HA21A	HA21A	2	FALSE	9.82	3	42.33	137.33	46.66	131.33	177.42	138.09	2026-06-08T10:56:58.584Z	DW_plates_1-10_4d.xlsx
4	HA17_HA18_HA21A	HA17_HA18_HA21A_B6	B6	D2	HA17_HA18_HA21A	HA21A	HA21A	6	FALSE	10.88	3	56	137.67	45.26	135	155.83	139.41	2026-06-08T10:56:23.481Z	DW_plates_1-10_4d.xlsx
4	HA17_HA18_HA21A	HA17_HA18_HA21A_C1	C1	D2	HA17_HA18_HA21A	HA17	HA17	3	FALSE	5.85	2	29	135.5	49.29	127	199.98	135.59	2026-06-08T10:58:44.173Z	DW_plates_1-10_4d.xlsx
4	HA17_HA18_HA21A	HA17_HA18_HA21A_C2	C2	D2	HA17_HA18_HA21A	HA17	HA17	7	FALSE	4.71	2	58.5	140.5	53.25	134.5	150.05	141.51	2026-06-08T10:58:23.060Z	DW_plates_1-10_4d.xlsx
4	HA17_HA18_HA21A	HA17_HA18_HA21A_C3	C3	D2	HA17_HA18_HA21A	HA18	HA18	3	FALSE	13.32	3	48.33	138.33	47.24	132	171.75	139.53	2026-06-08T10:57:47.883Z	DW_plates_1-10_4d.xlsx
4	HA17_HA18_HA21A	HA17_HA18_HA21A_C4	C4	D2	HA17_HA18_HA21A	HA18	HA18	7	FALSE	6.14	2	64	141	49.99	136	142.68	142.35	2026-06-08T10:57:26.729Z	DW_plates_1-10_4d.xlsx
4	HA17_HA18_HA21A	HA17_HA18_HA21A_C5	C5	D2	HA17_HA18_HA21A	HA21A	HA21A	3	FALSE	6.13	4	51.25	132.25	53.57	125	155.14	132.42	2026-06-08T10:56:51.520Z	DW_plates_1-10_4d.xlsx
4	HA17_HA18_HA21A	HA17_HA18_HA21A_C6	C6	D2	HA17_HA18_HA21A	HA21A	HA21A	7	FALSE	10.28	4	36	132	49.25	124.25	184.65	132.1	2026-06-08T10:56:30.403Z	DW_plates_1-10_4d.xlsx
4	HA17_HA18_HA21A	HA17_HA18_HA21A_D1	D1	D2	HA17_HA18_HA21A	HA17	HA17	4	FALSE	8.36	4	41	134	49.31	126.75	176.13	134.28	2026-06-08T10:58:37.115Z	DW_plates_1-10_4d.xlsx
4	HA17_HA18_HA21A	HA17_HA18_HA21A_D2	D2	D2	HA17_HA18_HA21A	HA17	HA17	8	FALSE	5.92	2	68.5	142.5	47.23	138.5	135.99	143.85	2026-06-08T10:58:30.073Z	DW_plates_1-10_4d.xlsx
4	HA17_HA18_HA21A	HA17_HA18_HA21A_D3	D3	D2	HA17_HA18_HA21A	HA18	HA18	4	FALSE	8.48	3	41.67	135	47.89	128.33	178.7	135.67	2026-06-08T10:57:40.792Z	DW_plates_1-10_4d.xlsx
4	HA17_HA18_HA21A	HA17_HA18_HA21A_D4	D4	D2	HA17_HA18_HA21A	HA18	HA18	8	FALSE	7.21	2	80.5	145.5	50.52	140	114.69	145.67	2026-06-08T10:57:33.783Z	DW_plates_1-10_4d.xlsx
4	HA17_HA18_HA21A	HA17_HA18_HA21A_D5	D5	D2	HA17_HA18_HA21A	HA21A	HA21A	4	FALSE	8.86	4	39.5	131.75	50.73	124	175.84	131.85	2026-06-08T10:56:44.476Z	DW_plates_1-10_4d.xlsx
4	HA17_HA18_HA21A	HA17_HA18_HA21A_D6	D6	D2	HA17_HA18_HA21A	HA21A	HA21A	8	FALSE	9.17	3	42	131.67	48.13	126.67	173.24	132.17	2026-06-08T10:56:37.481Z	DW_plates_1-10_4d.xlsx
4	SJ_9_SJ14_SJ17	SJ_9_SJ14_SJ17_A1	A1	E1	SJ_9_SJ14_SJ17	SJ09	SJ09	1	FALSE	18.31	6	37	136	50.44	123	185.66	136.1	2026-06-08T11:16:18.592Z	DW_plates_1-10_4d.xlsx
4	SJ_9_SJ14_SJ17	SJ_9_SJ14_SJ17_A2	A2	E1	SJ_9_SJ14_SJ17	SJ09	SJ09	5	FALSE	11.64	4	49.5	144.25	49.03	135.5	168	144.68	2026-06-08T11:15:27.858Z	DW_plates_1-10_4d.xlsx
4	SJ_9_SJ14_SJ17	SJ_9_SJ14_SJ17_A3	A3	E1	SJ_9_SJ14_SJ17	SJ14	SJ14	1	FALSE	17.49	5	43	139.4	50.26	127.2	176.67	139.45	2026-06-08T11:15:20.570Z	DW_plates_1-10_4d.xlsx
4	SJ_9_SJ14_SJ17	SJ_9_SJ14_SJ17_A4	A4	E1	SJ_9_SJ14_SJ17	SJ14	SJ14	5	FALSE	5.62	2	44.5	113	55.63	101	155.34	113.57	2026-06-08T11:14:29.967Z	DW_plates_1-10_4d.xlsx
4	SJ_9_SJ14_SJ17	SJ_9_SJ14_SJ17_A5	A5	E1	SJ_9_SJ14_SJ17	SJ17	SJ17	1	FALSE	9.3	2	67.5	128	48.34	123	123.99	128.49	2026-06-08T11:14:22.939Z	DW_plates_1-10_4d.xlsx
4	SJ_9_SJ14_SJ17	SJ_9_SJ14_SJ17_A6	A6	E1	SJ_9_SJ14_SJ17	SJ17	SJ17	5	FALSE	14.33	4	39.75	140	49.5	128.25	183.07	140.02	2026-06-08T11:13:30.859Z	DW_plates_1-10_4d.xlsx
4	SJ_9_SJ14_SJ17	SJ_9_SJ14_SJ17_B1	B1	E1	SJ_9_SJ14_SJ17	SJ09	SJ09	2	FALSE	16.45	4	61.75	142.5	50.83	131.75	144.14	142.74	2026-06-08T11:16:11.064Z	DW_plates_1-10_4d.xlsx
4	SJ_9_SJ14_SJ17	SJ_9_SJ14_SJ17_B2	B2	E1	SJ_9_SJ14_SJ17	SJ09	SJ09	6	FALSE	14.42	4	55.75	147.5	48.09	139	159.52	147.68	2026-06-08T11:15:35.126Z	DW_plates_1-10_4d.xlsx
4	SJ_9_SJ14_SJ17	SJ_9_SJ14_SJ17_B3	B3	E1	SJ_9_SJ14_SJ17	SJ14	SJ14	2	FALSE	11.49	4	62.25	142	51.3	133.5	147.19	143.14	2026-06-08T11:15:13.125Z	DW_plates_1-10_4d.xlsx
4	SJ_9_SJ14_SJ17	SJ_9_SJ14_SJ17_B4	B4	E1	SJ_9_SJ14_SJ17	SJ14	SJ14	6	FALSE	23.24	6	46.33	140.5	49.95	129.5	171.37	140.64	2026-06-08T11:14:37.002Z	DW_plates_1-10_4d.xlsx
4	SJ_9_SJ14_SJ17	SJ_9_SJ14_SJ17_B5	B5	E1	SJ_9_SJ14_SJ17	SJ17	SJ17	2	FALSE	12.14	3	44	143.67	49.99	133	176.66	143.57	2026-06-08T11:14:15.883Z	DW_plates_1-10_4d.xlsx
4	SJ_9_SJ14_SJ17	SJ_9_SJ14_SJ17_B6	B6	E1	SJ_9_SJ14_SJ17	SJ17	SJ17	6	FALSE	8.14	3	58.33	145	49.11	139.67	153.08	146.25	2026-06-08T11:13:40.103Z	DW_plates_1-10_4d.xlsx
4	SJ_9_SJ14_SJ17	SJ_9_SJ14_SJ17_C1	C1	E1	SJ_9_SJ14_SJ17	SJ09	SJ09	3	FALSE	14.48	4	36.75	140.25	50.85	127.75	188.84	140.46	2026-06-08T11:16:03.689Z	DW_plates_1-10_4d.xlsx
4	SJ_9_SJ14_SJ17	SJ_9_SJ14_SJ17_C2	C2	E1	SJ_9_SJ14_SJ17	SJ09	SJ09	7	FALSE	8.62	3	70	148.67	46.69	145.67	137.23	150.41	2026-06-08T11:15:42.254Z	DW_plates_1-10_4d.xlsx
4	SJ_9_SJ14_SJ17	SJ_9_SJ14_SJ17_C3	C3	E1	SJ_9_SJ14_SJ17	SJ14	SJ14	3	FALSE	21.14	6	44.33	141.67	49.33	130.5	175.82	141.83	2026-06-08T11:15:05.803Z	DW_plates_1-10_4d.xlsx
4	SJ_9_SJ14_SJ17	SJ_9_SJ14_SJ17_C4	C4	E1	SJ_9_SJ14_SJ17	SJ14	SJ14	7	FALSE	15.25	4	47.5	137	51.48	126.5	166.87	137.13	2026-06-08T11:14:44.090Z	DW_plates_1-10_4d.xlsx
4	SJ_9_SJ14_SJ17	SJ_9_SJ14_SJ17_C5	C5	E1	SJ_9_SJ14_SJ17	SJ17	SJ17	3	FALSE	26.09	6	43.5	141	49.87	128.83	177.44	141.32	2026-06-08T11:14:08.813Z	DW_plates_1-10_4d.xlsx
4	SJ_9_SJ14_SJ17	SJ_9_SJ14_SJ17_C6	C6	E1	SJ_9_SJ14_SJ17	SJ17	SJ17	7	FALSE	14.09	5	58.6	146.6	47.63	140.6	153.39	147.92	2026-06-08T11:13:47.116Z	DW_plates_1-10_4d.xlsx
4	SJ_9_SJ14_SJ17	SJ_9_SJ14_SJ17_D1	D1	E1	SJ_9_SJ14_SJ17	SJ09	SJ09	4	FALSE	12.75	4	40.75	140	50.06	128.5	179.93	140.14	2026-06-08T11:15:56.591Z	DW_plates_1-10_4d.xlsx
4	SJ_9_SJ14_SJ17	SJ_9_SJ14_SJ17_D2	D2	E1	SJ_9_SJ14_SJ17	SJ09	SJ09	8	FALSE	15.58	5	54.8	143.2	49.07	133.6	158.22	143.67	2026-06-08T11:15:49.515Z	DW_plates_1-10_4d.xlsx
4	SJ_9_SJ14_SJ17	SJ_9_SJ14_SJ17_D3	D3	E1	SJ_9_SJ14_SJ17	SJ14	SJ14	4	FALSE	13.07	4	34.5	138	49.6	126.75	190.61	138.19	2026-06-08T11:14:58.438Z	DW_plates_1-10_4d.xlsx
4	SJ_9_SJ14_SJ17	SJ_9_SJ14_SJ17_D4	D4	E1	SJ_9_SJ14_SJ17	SJ14	SJ14	8	FALSE	13.35	4	41.5	137.25	49.46	127	177.39	137.37	2026-06-08T11:14:51.363Z	DW_plates_1-10_4d.xlsx
4	SJ_9_SJ14_SJ17	SJ_9_SJ14_SJ17_D5	D5	E1	SJ_9_SJ14_SJ17	SJ17	SJ17	4	FALSE	8.82	3	36	121.33	52.53	108	183.38	121.62	2026-06-08T11:14:01.264Z	DW_plates_1-10_4d.xlsx
4	SJ_9_SJ14_SJ17	SJ_9_SJ14_SJ17_D6	D6	E1	SJ_9_SJ14_SJ17	SJ17	SJ17	8	FALSE	15.89	6	43	142.33	48.56	131.83	177.16	142.3	2026-06-08T11:13:54.133Z	DW_plates_1-10_4d.xlsx
4	HA21B_HA27_HA32	HA21B_HA27_HA32_A1	A1	E2	HA21B_HA27_HA32	HA21B	HA21B	1	FALSE	17.89	6	52.33	138.67	53.71	128.17	159.13	138.79	2026-06-08T11:01:50.618Z	DW_plates_1-10_4d.xlsx
4	HA21B_HA27_HA32	HA21B_HA27_HA32_A2	A2	E2	HA21B_HA27_HA32	HA21B	HA21B	5	FALSE	8.76	2	54	151	45.96	147.5	165.26	151.63	2026-06-08T11:01:01.267Z	DW_plates_1-10_4d.xlsx
4	HA21B_HA27_HA32	HA21B_HA27_HA32_A3	A3	E2	HA21B_HA27_HA32	HA27	HA27	1	FALSE	13.56	4	33.75	138	49.57	126	192.48	138.01	2026-06-08T11:00:53.974Z	DW_plates_1-10_4d.xlsx
4	HA21B_HA27_HA32	HA21B_HA27_HA32_A4	A4	E2	HA21B_HA27_HA32	HA27	HA27	5	FALSE	16.54	5	39.2	135.4	50.8	122.2	181.29	135.48	2026-06-08T11:00:04.442Z	DW_plates_1-10_4d.xlsx
4	HA21B_HA27_HA32	HA21B_HA27_HA32_A5	A5	E2	HA21B_HA27_HA32	HA32	HA32	1	FALSE	12.99	4	32.5	135	49.36	124	193.23	135.29	2026-06-08T10:59:57.085Z	DW_plates_1-10_4d.xlsx
4	HA21B_HA27_HA32	HA21B_HA27_HA32_A6	A6	E2	HA21B_HA27_HA32	HA32	HA32	5	FALSE	9.88	3	44.67	135.67	51.2	129.67	172.31	137.03	2026-06-08T10:59:05.580Z	DW_plates_1-10_4d.xlsx
4	HA21B_HA27_HA32	HA21B_HA27_HA32_B1	B1	E2	HA21B_HA27_HA32	HA21B	HA21B	2	FALSE	26.44	7	49.86	139.57	50.93	129.57	165.79	140.1	2026-06-08T11:01:43.539Z	DW_plates_1-10_4d.xlsx
4	HA21B_HA27_HA32	HA21B_HA27_HA32_B2	B2	E2	HA21B_HA27_HA32	HA21B	HA21B	6	FALSE	11.61	4	48.75	141.25	49.67	132.75	168.62	141.58	2026-06-08T11:01:08.341Z	DW_plates_1-10_4d.xlsx
4	HA21B_HA27_HA32	HA21B_HA27_HA32_B3	B3	E2	HA21B_HA27_HA32	HA27	HA27	2	FALSE	11.82	4	37.25	140.75	49.19	129	187.62	140.48	2026-06-08T11:00:46.947Z	DW_plates_1-10_4d.xlsx
4	HA21B_HA27_HA32	HA21B_HA27_HA32_B4	B4	E2	HA21B_HA27_HA32	HA27	HA27	6	FALSE	23	6	39.5	138.17	50.26	125.17	183.28	138.4	2026-06-08T11:00:11.394Z	DW_plates_1-10_4d.xlsx
4	HA21B_HA27_HA32	HA21B_HA27_HA32_B5	B5	E2	HA21B_HA27_HA32	HA32	HA32	2	FALSE	10.97	4	43.75	138	47.86	130	174.18	138.2	2026-06-08T10:59:49.986Z	DW_plates_1-10_4d.xlsx
4	HA21B_HA27_HA32	HA21B_HA27_HA32_B6	B6	E2	HA21B_HA27_HA32	HA32	HA32	6	FALSE	12.18	4	32	134	49.75	123.5	193.33	134.49	2026-06-08T10:59:14.834Z	DW_plates_1-10_4d.xlsx
4	HA21B_HA27_HA32	HA21B_HA27_HA32_C1	C1	E2	HA21B_HA27_HA32	HA21B	HA21B	3	FALSE	6.1	3	82.67	146	51.92	138.67	110.71	145.99	2026-06-08T11:01:36.486Z	DW_plates_1-10_4d.xlsx
4	HA21B_HA27_HA32	HA21B_HA27_HA32_C2	C2	E2	HA21B_HA27_HA32	HA21B	HA21B	7	FALSE	8.73	3	63	144	48.39	139.67	144.49	145.05	2026-06-08T11:01:15.408Z	DW_plates_1-10_4d.xlsx
4	HA21B_HA27_HA32	HA21B_HA27_HA32_C3	C3	E2	HA21B_HA27_HA32	HA27	HA27	3	FALSE	9.84	4	48.5	141.25	51.1	131.5	166.59	141.4	2026-06-08T11:00:39.854Z	DW_plates_1-10_4d.xlsx
4	HA21B_HA27_HA32	HA21B_HA27_HA32_C4	C4	E2	HA21B_HA27_HA32	HA27	HA27	7	FALSE	12.41	4	33.25	136.25	49.83	124	193.06	136.44	2026-06-08T11:00:18.433Z	DW_plates_1-10_4d.xlsx
4	HA21B_HA27_HA32	HA21B_HA27_HA32_C5	C5	E2	HA21B_HA27_HA32	HA32	HA32	3	FALSE	5.22	2	64	130.5	48.88	124	130.1	130.65	2026-06-08T10:59:42.998Z	DW_plates_1-10_4d.xlsx
4	HA21B_HA27_HA32	HA21B_HA27_HA32_C6	C6	E2	HA21B_HA27_HA32	HA32	HA32	7	FALSE	20.7	5	29	126.8	50.52	113.4	196.42	126.65	2026-06-08T10:59:21.811Z	DW_plates_1-10_4d.xlsx
4	HA21B_HA27_HA32	HA21B_HA27_HA32_D1	D1	E2	HA21B_HA27_HA32	HA21B	HA21B	4	FALSE	10.34	3	86	154.67	46.15	152	116.35	155.98	2026-06-08T11:01:29.498Z	DW_plates_1-10_4d.xlsx
4	HA21B_HA27_HA32	HA21B_HA27_HA32_D2	D2	E2	HA21B_HA27_HA32	HA21B	HA21B	8	FALSE	18.03	5	41.6	138.4	48.33	128.6	179.74	138.35	2026-06-08T11:01:22.397Z	DW_plates_1-10_4d.xlsx
4	HA21B_HA27_HA32	HA21B_HA27_HA32_D3	D3	E2	HA21B_HA27_HA32	HA27	HA27	4	FALSE	10.28	3	42.33	143.33	48.29	135	178.84	143.45	2026-06-08T11:00:32.534Z	DW_plates_1-10_4d.xlsx
4	HA21B_HA27_HA32	HA21B_HA27_HA32_D4	D4	E2	HA21B_HA27_HA32	HA27	HA27	8	FALSE	8.38	3	41.67	133.67	50.72	124	174.9	133.99	2026-06-08T11:00:25.516Z	DW_plates_1-10_4d.xlsx
4	HA21B_HA27_HA32	HA21B_HA27_HA32_D5	D5	E2	HA21B_HA27_HA32	HA32	HA32	4	FALSE	10.38	1	96	148	43.02	153	95.21	154.13	2026-06-08T10:59:35.871Z	DW_plates_1-10_4d.xlsx
4	HA21B_HA27_HA32	HA21B_HA27_HA32_D6	D6	E2	HA21B_HA27_HA32	HA32	HA32	8	FALSE	9.95	2	53	136	48.63	132.5	159.3	138.3	2026-06-08T10:59:28.862Z	DW_plates_1-10_4d.xlsx
8	HA_36_HA40_HA44	HA_36_HA40_HA44_A1	A1	A1	HA_36_HA40_HA44	HA36	HA36	1	FALSE	27.49	9	37.56	135.78	51.37	118.89	183.9	136.14	2026-06-11T06:05:20.406Z	DW_plates_1-10_8d.xlsx
8	HA_36_HA40_HA44	HA_36_HA40_HA44_A2	A2	A1	HA_36_HA40_HA44	HA36	HA36	5	FALSE	30	9	29.89	132.78	52.06	115.78	196.04	132.95	2026-06-11T06:04:30.514Z	DW_plates_1-10_8d.xlsx
8	HA_36_HA40_HA44	HA_36_HA40_HA44_A3	A3	A1	HA_36_HA40_HA44	HA40	HA40	1	FALSE	17.03	5	32.8	133.8	51.45	118.6	193.47	134.31	2026-06-11T06:04:22.863Z	DW_plates_1-10_8d.xlsx
8	HA_36_HA40_HA44	HA_36_HA40_HA44_A4	A4	A1	HA_36_HA40_HA44	HA40	HA40	5	FALSE	33.9	11	18.91	124.64	52.49	104.64	214.92	124.63	2026-06-11T06:03:33.588Z	DW_plates_1-10_8d.xlsx
8	HA_36_HA40_HA44	HA_36_HA40_HA44_A5	A5	A1	HA_36_HA40_HA44	HA44	HA44	1	FALSE	7.2	1	69	149	46.54	149	136.98	151.34	2026-06-11T06:03:26.554Z	DW_plates_1-10_8d.xlsx
8	HA_36_HA40_HA44	HA_36_HA40_HA44_A6	A6	A1	HA_36_HA40_HA44	HA44	HA44	5	FALSE	4.6	2	47	139	48.14	135	170.27	139.6	2026-06-11T06:02:30.845Z	DW_plates_1-10_8d.xlsx
8	HA_36_HA40_HA44	HA_36_HA40_HA44_B1	B1	A1	HA_36_HA40_HA44	HA36	HA36	2	FALSE	31.57	8	33.25	136.12	52.79	117.5	191.28	136.24	2026-06-11T06:05:13.473Z	DW_plates_1-10_8d.xlsx
8	HA_36_HA40_HA44	HA_36_HA40_HA44_B2	B2	A1	HA_36_HA40_HA44	HA36	HA36	6	FALSE	33.06	10	34.1	136.5	52.6	118.8	191.11	136.69	2026-06-11T06:04:37.545Z	DW_plates_1-10_8d.xlsx
8	HA_36_HA40_HA44	HA_36_HA40_HA44_B3	B3	A1	HA_36_HA40_HA44	HA40	HA40	2	FALSE	22.23	10	33.3	132.9	51.99	116	192.18	133.24	2026-06-11T06:04:15.868Z	DW_plates_1-10_8d.xlsx
8	HA_36_HA40_HA44	HA_36_HA40_HA44_B4	B4	A1	HA_36_HA40_HA44	HA40	HA40	6	FALSE	15.57	7	29.86	131.43	52.01	114.29	197.8	131.51	2026-06-11T06:03:40.628Z	DW_plates_1-10_8d.xlsx
8	HA_36_HA40_HA44	HA_36_HA40_HA44_B5	B5	A1	HA_36_HA40_HA44	HA44	HA44	2	FALSE	4.37	2	31	134	48.76	125	195.83	133.72	2026-06-11T06:03:19.206Z	DW_plates_1-10_8d.xlsx
8	HA_36_HA40_HA44	HA_36_HA40_HA44_B6	B6	A1	HA_36_HA40_HA44	HA44	HA44	6	FALSE	7.36	2	40	141	46.34	135.5	181.87	141.58	2026-06-11T06:02:44.067Z	DW_plates_1-10_8d.xlsx
8	HA_36_HA40_HA44	HA_36_HA40_HA44_C1	C1	A1	HA_36_HA40_HA44	HA36	HA36	3	FALSE	11.55	4	48.5	140.5	50.12	127.5	168.16	141.29	2026-06-11T06:05:06.305Z	DW_plates_1-10_8d.xlsx
8	HA_36_HA40_HA44	HA_36_HA40_HA44_C2	C2	A1	HA_36_HA40_HA44	HA36	HA36	7	FALSE	32.7	9	31.78	137.11	51.64	118.33	195.16	137.05	2026-06-11T06:04:44.583Z	DW_plates_1-10_8d.xlsx
8	HA_36_HA40_HA44	HA_36_HA40_HA44_C3	C3	A1	HA_36_HA40_HA44	HA40	HA40	3	FALSE	13.88	6	33.17	134	51.81	117	192.79	134.2	2026-06-11T06:04:08.827Z	DW_plates_1-10_8d.xlsx
8	HA_36_HA40_HA44	HA_36_HA40_HA44_C4	C4	A1	HA_36_HA40_HA44	HA40	HA40	7	FALSE	19.07	7	32.29	130	53.7	112.86	192.5	130.51	2026-06-11T06:03:47.671Z	DW_plates_1-10_8d.xlsx
8	HA_36_HA40_HA44	HA_36_HA40_HA44_C5	C5	A1	HA_36_HA40_HA44	HA44	HA44	3	FALSE	9.66	3	46	132.33	55.32	122.33	166.65	133.03	2026-06-11T06:03:12.160Z	DW_plates_1-10_8d.xlsx
8	HA_36_HA40_HA44	HA_36_HA40_HA44_C6	C6	A1	HA_36_HA40_HA44	HA44	HA44	7	FALSE	6.95	1	78	152	45.95	152	125.24	154.49	2026-06-11T06:02:51.096Z	DW_plates_1-10_8d.xlsx
8	HA_36_HA40_HA44	HA_36_HA40_HA44_D1	D1	A1	HA_36_HA40_HA44	HA36	HA36	4	FALSE	28.26	7	36.29	137.43	52.29	119.14	187.7	137.52	2026-06-11T06:04:59.266Z	DW_plates_1-10_8d.xlsx
8	HA_36_HA40_HA44	HA_36_HA40_HA44_D2	D2	A1	HA_36_HA40_HA44	HA36	HA36	8	FALSE	12.65	4	52.25	145.5	49.09	134.25	165.49	146.4	2026-06-11T06:04:52.039Z	DW_plates_1-10_8d.xlsx
8	HA_36_HA40_HA44	HA_36_HA40_HA44_D3	D3	A1	HA_36_HA40_HA44	HA40	HA40	4	FALSE	15.02	6	30.17	133.5	51.65	117.17	197.47	133.95	2026-06-11T06:04:01.776Z	DW_plates_1-10_8d.xlsx
8	HA_36_HA40_HA44	HA_36_HA40_HA44_D4	D4	A1	HA_36_HA40_HA44	HA40	HA40	8	FALSE	11.11	3	43.33	136	50.28	123	180.09	137.42	2026-06-11T06:03:54.698Z	DW_plates_1-10_8d.xlsx
8	HA_36_HA40_HA44	HA_36_HA40_HA44_D5	D5	A1	HA_36_HA40_HA44	HA44	HA44	4	FALSE	9.44	2	41.5	140.5	46.75	135	181.45	141.21	2026-06-11T06:03:05.167Z	DW_plates_1-10_8d.xlsx
8	HA_36_HA40_HA44	HA_36_HA40_HA44_D6	D6	A1	HA_36_HA40_HA44	HA44	HA44	8	FALSE	7.19	1	83	152	46.25	153	118.49	155.78	2026-06-11T06:02:58.086Z	DW_plates_1-10_8d.xlsx
8	HA1_HA2_HA3	HA1_HA2_HA3_A1	A1	A2	HA1_HA2_HA3	HA01	HA01	1	FALSE	4.79	2	45.5	131	52	122.5	164.59	131.11	2026-06-11T05:50:47.638Z	DW_plates_1-10_8d.xlsx
8	HA1_HA2_HA3	HA1_HA2_HA3_A2	A2	A2	HA1_HA2_HA3	HA01	HA01	5	FALSE	9.1	3	39.67	131.33	46.06	126.67	175.94	131.88	2026-06-11T05:49:57.987Z	DW_plates_1-10_8d.xlsx
8	HA1_HA2_HA3	HA1_HA2_HA3_A3	A3	A2	HA1_HA2_HA3	HA02	HA02	1	FALSE	8.14	3	34.67	136.67	48.28	127.67	187.48	136.73	2026-06-11T05:49:50.916Z	DW_plates_1-10_8d.xlsx
8	HA1_HA2_HA3	HA1_HA2_HA3_A4	A4	A2	HA1_HA2_HA3	HA02	HA02	5	FALSE	7.06	3	66.33	125	61.91	119.33	122.79	126.85	2026-06-11T05:49:01.312Z	DW_plates_1-10_8d.xlsx
8	HA1_HA2_HA3	HA1_HA2_HA3_A5	A5	A2	HA1_HA2_HA3	HA03	HA03	1	FALSE	4.25	1	59	129	47.95	126	137.96	129.62	2026-06-11T05:48:53.939Z	DW_plates_1-10_8d.xlsx
8	HA1_HA2_HA3	HA1_HA2_HA3_A6	A6	A2	HA1_HA2_HA3	HA03	HA03	5	FALSE	8.26	3	33.33	128.33	46.46	123.33	188.8	128.51	2026-06-11T05:48:02.700Z	DW_plates_1-10_8d.xlsx
8	HA1_HA2_HA3	HA1_HA2_HA3_B1	B1	A2	HA1_HA2_HA3	HA01	HA01	2	FALSE	9.29	2	43.5	136.5	48.78	128.5	177.95	137.05	2026-06-11T05:50:40.582Z	DW_plates_1-10_8d.xlsx
8	HA1_HA2_HA3	HA1_HA2_HA3_B2	B2	A2	HA1_HA2_HA3	HA01	HA01	6	FALSE	7.73	3	39	133.33	49.12	126	177.33	133.78	2026-06-11T05:50:05.371Z	DW_plates_1-10_8d.xlsx
8	HA1_HA2_HA3	HA1_HA2_HA3_B3	B3	A2	HA1_HA2_HA3	HA02	HA02	2	FALSE	4.35	3	76	132	58.71	127.33	111.86	133.92	2026-06-11T05:49:43.911Z	DW_plates_1-10_8d.xlsx
8	HA1_HA2_HA3	HA1_HA2_HA3_B4	B4	A2	HA1_HA2_HA3	HA02	HA02	6	FALSE	8.67	4	50	138.75	50.32	130.5	162.59	138.86	2026-06-11T05:49:08.340Z	DW_plates_1-10_8d.xlsx
8	HA1_HA2_HA3	HA1_HA2_HA3_B5	B5	A2	HA1_HA2_HA3	HA03	HA03	2	FALSE	9.78	4	42.75	139	50.44	131.5	174.93	139.07	2026-06-11T05:48:46.885Z	DW_plates_1-10_8d.xlsx
8	HA1_HA2_HA3	HA1_HA2_HA3_B6	B6	A2	HA1_HA2_HA3	HA03	HA03	6	FALSE	8.24	3	36.33	137.33	47.37	131.33	185.67	137.95	2026-06-11T05:48:11.408Z	DW_plates_1-10_8d.xlsx
8	HA1_HA2_HA3	HA1_HA2_HA3_C1	C1	A2	HA1_HA2_HA3	HA01	HA01	3	FALSE	4.53	2	31	121.5	54.25	111	188.94	121.89	2026-06-11T05:50:33.503Z	DW_plates_1-10_8d.xlsx
8	HA1_HA2_HA3	HA1_HA2_HA3_C2	C2	A2	HA1_HA2_HA3	HA01	HA01	7	FALSE	6.77	2	41.5	135.5	48.48	127.5	176.78	135.87	2026-06-11T05:50:12.363Z	DW_plates_1-10_8d.xlsx
8	HA1_HA2_HA3	HA1_HA2_HA3_C3	C3	A2	HA1_HA2_HA3	HA02	HA02	3	FALSE	7.05	2	70.5	134	53.72	127.5	120.94	134.67	2026-06-11T05:49:36.822Z	DW_plates_1-10_8d.xlsx
8	HA1_HA2_HA3	HA1_HA2_HA3_C4	C4	A2	HA1_HA2_HA3	HA02	HA02	7	FALSE	8.63	4	52.25	135	51.38	127.75	157.42	135.55	2026-06-11T05:49:15.377Z	DW_plates_1-10_8d.xlsx
8	HA1_HA2_HA3	HA1_HA2_HA3_C5	C5	A2	HA1_HA2_HA3	HA03	HA03	3	FALSE	3.45	1	39	136	50.14	128	179.67	135.95	2026-06-11T05:48:39.853Z	DW_plates_1-10_8d.xlsx
8	HA1_HA2_HA3	HA1_HA2_HA3_C6	C6	A2	HA1_HA2_HA3	HA03	HA03	7	FALSE	6.76	2	84	142	54.73	138.5	110.97	143.45	2026-06-11T05:48:18.761Z	DW_plates_1-10_8d.xlsx
8	HA1_HA2_HA3	HA1_HA2_HA3_D1	D1	A2	HA1_HA2_HA3	HA01	HA01	4	FALSE	5.5	2	76.5	140.5	53.95	136	113.98	140.83	2026-06-11T05:50:26.511Z	DW_plates_1-10_8d.xlsx
8	HA1_HA2_HA3	HA1_HA2_HA3_D2	D2	A2	HA1_HA2_HA3	HA01	HA01	8	FALSE	5.93	1	111	147	55.7	148	66.03	150.29	2026-06-11T05:50:19.405Z	DW_plates_1-10_8d.xlsx
8	HA1_HA2_HA3	HA1_HA2_HA3_D3	D3	A2	HA1_HA2_HA3	HA02	HA02	4	FALSE	6.85	4	52.75	129	54.84	121.25	150.85	129.67	2026-06-11T05:49:29.823Z	DW_plates_1-10_8d.xlsx
8	HA1_HA2_HA3	HA1_HA2_HA3_D4	D4	A2	HA1_HA2_HA3	HA02	HA02	8	FALSE	8.28	3	43.33	127	55.62	117.67	168.04	127.65	2026-06-11T05:49:22.456Z	DW_plates_1-10_8d.xlsx
8	HA1_HA2_HA3	HA1_HA2_HA3_D5	D5	A2	HA1_HA2_HA3	HA03	HA03	4	FALSE	13.15	6	48.83	138.17	47.9	132.67	164.02	138.71	2026-06-11T05:48:32.804Z	DW_plates_1-10_8d.xlsx
8	HA1_HA2_HA3	HA1_HA2_HA3_D6	D6	A2	HA1_HA2_HA3	HA03	HA03	8	FALSE	9.57	1	114	160	41.75	167	81.94	167.48	2026-06-11T05:48:25.762Z	DW_plates_1-10_8d.xlsx
8	HA46_HA48_HA59	HA46_HA48_HA59_A1	A1	B1	HA46_HA48_HA59	HA46	HA46	1	FALSE	30.39	8	33.75	137.38	52.83	118	191.85	137.5	2026-06-11T06:08:14.874Z	DW_plates_1-10_8d.xlsx
8	HA46_HA48_HA59	HA46_HA48_HA59_A2	A2	B1	HA46_HA48_HA59	HA46	HA46	5	FALSE	39.36	10	45.6	143.3	50.36	129	174.42	143.17	2026-06-11T06:07:24.692Z	DW_plates_1-10_8d.xlsx
8	HA46_HA48_HA59	HA46_HA48_HA59_A3	A3	B1	HA46_HA48_HA59	HA48	HA48	1	FALSE	22.88	7	32.86	130.14	52.29	113.29	193.02	130.79	2026-06-11T06:07:17.315Z	DW_plates_1-10_8d.xlsx
8	HA46_HA48_HA59	HA46_HA48_HA59_A4	A4	B1	HA46_HA48_HA59	HA48	HA48	5	FALSE	15.39	6	34.33	134.33	52.54	118.67	190.58	134.87	2026-06-11T06:06:27.156Z	DW_plates_1-10_8d.xlsx
8	HA46_HA48_HA59	HA46_HA48_HA59_A5	A5	B1	HA46_HA48_HA59	HA59	HA59	1	FALSE	18.61	6	44	143.67	50.03	131.5	178.15	143.91	2026-06-11T06:06:20.074Z	DW_plates_1-10_8d.xlsx
8	HA46_HA48_HA59	HA46_HA48_HA59_A6	A6	B1	HA46_HA48_HA59	HA59	HA59	5	FALSE	20.84	6	45.33	143.17	49.9	132.83	174.27	143.72	2026-06-11T06:05:27.486Z	DW_plates_1-10_8d.xlsx
8	HA46_HA48_HA59	HA46_HA48_HA59_B1	B1	B1	HA46_HA48_HA59	HA46	HA46	2	FALSE	27.18	8	46.12	143.5	51.39	127.75	172.8	143.4	2026-06-11T06:08:07.785Z	DW_plates_1-10_8d.xlsx
8	HA46_HA48_HA59	HA46_HA48_HA59_B2	B2	B1	HA46_HA48_HA59	HA46	HA46	6	FALSE	23.83	8	41.38	140.12	50.93	123.75	180.57	140.81	2026-06-11T06:07:31.793Z	DW_plates_1-10_8d.xlsx
8	HA46_HA48_HA59	HA46_HA48_HA59_B3	B3	B1	HA46_HA48_HA59	HA48	HA48	2	FALSE	16.26	4	45.5	138	49.78	124.75	174.79	139.55	2026-06-11T06:07:10.263Z	DW_plates_1-10_8d.xlsx
8	HA46_HA48_HA59	HA46_HA48_HA59_B4	B4	B1	HA46_HA48_HA59	HA48	HA48	6	FALSE	38.97	13	30.23	132.69	52.66	112.69	195.38	132.75	2026-06-11T06:06:34.482Z	DW_plates_1-10_8d.xlsx
8	HA46_HA48_HA59	HA46_HA48_HA59_B5	B5	B1	HA46_HA48_HA59	HA59	HA59	2	FALSE	20.21	6	42.5	144.5	50.14	132.17	180.86	144.86	2026-06-11T06:06:12.752Z	DW_plates_1-10_8d.xlsx
8	HA46_HA48_HA59	HA46_HA48_HA59_B6	B6	B1	HA46_HA48_HA59	HA59	HA59	6	FALSE	17.12	6	46	141.17	50.51	129.67	172.14	141.26	2026-06-11T06:05:36.641Z	DW_plates_1-10_8d.xlsx
8	HA46_HA48_HA59	HA46_HA48_HA59_C1	C1	B1	HA46_HA48_HA59	HA46	HA46	3	FALSE	16.51	5	57.8	146.4	51.26	134	156.22	147.01	2026-06-11T06:08:00.521Z	DW_plates_1-10_8d.xlsx
8	HA46_HA48_HA59	HA46_HA48_HA59_C2	C2	B1	HA46_HA48_HA59	HA46	HA46	7	FALSE	22.37	7	43.29	142.14	51.59	127.14	177.78	142.76	2026-06-11T06:07:39.169Z	DW_plates_1-10_8d.xlsx
8	HA46_HA48_HA59	HA46_HA48_HA59_C3	C3	B1	HA46_HA48_HA59	HA48	HA48	3	FALSE	14.2	4	39.25	137.25	51.24	121.5	185.1	137.73	2026-06-11T06:07:02.989Z	DW_plates_1-10_8d.xlsx
8	HA46_HA48_HA59	HA46_HA48_HA59_C4	C4	B1	HA46_HA48_HA59	HA48	HA48	7	FALSE	20.92	7	31.14	133	52.46	114.86	196.77	133.26	2026-06-11T06:06:41.493Z	DW_plates_1-10_8d.xlsx
8	HA46_HA48_HA59	HA46_HA48_HA59_C5	C5	B1	HA46_HA48_HA59	HA59	HA59	3	FALSE	19.79	6	47.83	146.17	50.42	134.5	172.6	146.38	2026-06-11T06:06:05.709Z	DW_plates_1-10_8d.xlsx
8	HA46_HA48_HA59	HA46_HA48_HA59_C6	C6	B1	HA46_HA48_HA59	HA59	HA59	7	FALSE	27.51	9	41.22	144.22	49.14	131.67	182.55	144.21	2026-06-11T06:05:43.688Z	DW_plates_1-10_8d.xlsx
8	HA46_HA48_HA59	HA46_HA48_HA59_D1	D1	B1	HA46_HA48_HA59	HA46	HA46	4	FALSE	35.63	10	51.8	144.7	50.71	131.7	166.77	144.96	2026-06-11T06:07:53.450Z	DW_plates_1-10_8d.xlsx
8	HA46_HA48_HA59	HA46_HA48_HA59_D2	D2	B1	HA46_HA48_HA59	HA46	HA46	8	FALSE	25.24	6	54.83	145.33	50.86	132.17	160.07	145.59	2026-06-11T06:07:46.399Z	DW_plates_1-10_8d.xlsx
8	HA46_HA48_HA59	HA46_HA48_HA59_D3	D3	B1	HA46_HA48_HA59	HA48	HA48	4	FALSE	42.36	13	36.54	133.46	51.81	115.23	186.42	133.65	2026-06-11T06:06:55.577Z	DW_plates_1-10_8d.xlsx
8	HA46_HA48_HA59	HA46_HA48_HA59_D4	D4	B1	HA46_HA48_HA59	HA48	HA48	8	FALSE	18.03	6	31.67	131.83	50.5	115.67	195.46	132.67	2026-06-11T06:06:48.588Z	DW_plates_1-10_8d.xlsx
8	HA46_HA48_HA59	HA46_HA48_HA59_D5	D5	B1	HA46_HA48_HA59	HA59	HA59	4	FALSE	26.4	7	56.43	147.43	50.13	137.71	157.47	147.83	2026-06-11T06:05:58.337Z	DW_plates_1-10_8d.xlsx
8	HA46_HA48_HA59	HA46_HA48_HA59_D6	D6	B1	HA46_HA48_HA59	HA59	HA59	8	FALSE	11.61	3	63	148	47.05	141.67	151.11	150.25	2026-06-11T06:05:51.052Z	DW_plates_1-10_8d.xlsx
8	HA6_HA8_HA10	HA6_HA8_HA10_A1	A1	B2	HA6_HA8_HA10	HA06	HA06	1	FALSE	12.05	5	32.4	133	51.42	120.2	189.94	133.18	2026-06-11T05:53:40.388Z	DW_plates_1-10_8d.xlsx
8	HA6_HA8_HA10	HA6_HA8_HA10_A2	A2	B2	HA6_HA8_HA10	HA06	HA06	5	FALSE	14.93	6	38.5	136	50.98	123.5	182.39	136.47	2026-06-11T05:52:50.198Z	DW_plates_1-10_8d.xlsx
8	HA6_HA8_HA10	HA6_HA8_HA10_A3	A3	B2	HA6_HA8_HA10	HA08	HA08	1	FALSE	6.3	5	37.2	142.2	48.22	133.2	187.44	142.35	2026-06-11T05:52:43.105Z	DW_plates_1-10_8d.xlsx
8	HA6_HA8_HA10	HA6_HA8_HA10_A4	A4	B2	HA6_HA8_HA10	HA08	HA08	5	FALSE	9.76	3	42.33	141	49.95	132.33	179.42	141.46	2026-06-11T05:51:53.150Z	DW_plates_1-10_8d.xlsx
8	HA6_HA8_HA10	HA6_HA8_HA10_A5	A5	B2	HA6_HA8_HA10	HA10	HA10	1	FALSE	4.67	2	39.5	131.5	49.63	121.5	175.24	131.48	2026-06-11T05:51:46.181Z	DW_plates_1-10_8d.xlsx
8	HA6_HA8_HA10	HA6_HA8_HA10_A6	A6	B2	HA6_HA8_HA10	HA10	HA10	5	FALSE	11.99	5	55.8	138.4	51.85	128.6	151.9	139.07	2026-06-11T05:50:54.666Z	DW_plates_1-10_8d.xlsx
8	HA6_HA8_HA10	HA6_HA8_HA10_B1	B1	B2	HA6_HA8_HA10	HA06	HA06	2	FALSE	27.2	8	29	136	50.12	121.38	199.42	136.05	2026-06-11T05:53:33.415Z	DW_plates_1-10_8d.xlsx
8	HA6_HA8_HA10	HA6_HA8_HA10_B2	B2	B2	HA6_HA8_HA10	HA06	HA06	6	FALSE	26.88	9	32	135.67	50.42	121.33	193.47	135.65	2026-06-11T05:52:57.204Z	DW_plates_1-10_8d.xlsx
8	HA6_HA8_HA10	HA6_HA8_HA10_B3	B3	B2	HA6_HA8_HA10	HA08	HA08	2	FALSE	14.78	6	35.33	140.83	48.98	130.33	189.77	141	2026-06-11T05:52:35.760Z	DW_plates_1-10_8d.xlsx
8	HA6_HA8_HA10	HA6_HA8_HA10_B4	B4	B2	HA6_HA8_HA10	HA08	HA08	6	FALSE	16.15	6	38.5	139.83	50.72	129.17	183.16	139.95	2026-06-11T05:52:00.227Z	DW_plates_1-10_8d.xlsx
8	HA6_HA8_HA10	HA6_HA8_HA10_B5	B5	B2	HA6_HA8_HA10	HA10	HA10	2	FALSE	15.75	6	39.67	139.33	50.17	127.83	180.85	139.35	2026-06-11T05:51:39.061Z	DW_plates_1-10_8d.xlsx
8	HA6_HA8_HA10	HA6_HA8_HA10_B6	B6	B2	HA6_HA8_HA10	HA10	HA10	6	FALSE	10.94	4	32.75	137.25	49.13	127	192.86	137.55	2026-06-11T05:51:03.884Z	DW_plates_1-10_8d.xlsx
8	HA6_HA8_HA10	HA6_HA8_HA10_C1	C1	B2	HA6_HA8_HA10	HA06	HA06	3	FALSE	11.33	5	34.4	140.2	49.3	128.6	191.81	140.35	2026-06-11T05:53:26.018Z	DW_plates_1-10_8d.xlsx
8	HA6_HA8_HA10	HA6_HA8_HA10_C2	C2	B2	HA6_HA8_HA10	HA06	HA06	7	FALSE	21.24	9	37	138.67	49.49	125.56	186.94	138.64	2026-06-11T05:53:04.238Z	DW_plates_1-10_8d.xlsx
8	HA6_HA8_HA10	HA6_HA8_HA10_C3	C3	B2	HA6_HA8_HA10	HA08	HA08	3	FALSE	6.29	4	36	141.25	49.6	131.5	189.21	141.59	2026-06-11T05:52:28.743Z	DW_plates_1-10_8d.xlsx
8	HA6_HA8_HA10	HA6_HA8_HA10_C4	C4	B2	HA6_HA8_HA10	HA08	HA08	7	FALSE	11.8	5	43.2	142.2	50.34	133	177.74	142.75	2026-06-11T05:52:07.562Z	DW_plates_1-10_8d.xlsx
8	HA6_HA8_HA10	HA6_HA8_HA10_C5	C5	B2	HA6_HA8_HA10	HA10	HA10	3	FALSE	2.37	1	92	147	62.87	141	99.86	147.99	2026-06-11T05:51:32.017Z	DW_plates_1-10_8d.xlsx
8	HA6_HA8_HA10	HA6_HA8_HA10_C6	C6	B2	HA6_HA8_HA10	HA10	HA10	7	FALSE	9.53	2	73	145	45.87	144.5	132.56	148.87	2026-06-11T05:51:10.897Z	DW_plates_1-10_8d.xlsx
8	HA6_HA8_HA10	HA6_HA8_HA10_D1	D1	B2	HA6_HA8_HA10	HA06	HA06	4	FALSE	22.68	8	27.62	136	50.19	122	202.34	136.23	2026-06-11T05:53:18.644Z	DW_plates_1-10_8d.xlsx
8	HA6_HA8_HA10	HA6_HA8_HA10_D2	D2	B2	HA6_HA8_HA10	HA06	HA06	8	FALSE	25.8	9	38.67	137.67	49.91	125.11	182.98	138.07	2026-06-11T05:53:11.633Z	DW_plates_1-10_8d.xlsx
8	HA6_HA8_HA10	HA6_HA8_HA10_D3	D3	B2	HA6_HA8_HA10	HA08	HA08	4	FALSE	12.36	3	65	148.33	45.8	144.67	148.12	150.33	2026-06-11T05:52:21.684Z	DW_plates_1-10_8d.xlsx
8	HA6_HA8_HA10	HA6_HA8_HA10_D4	D4	B2	HA6_HA8_HA10	HA08	HA08	8	FALSE	7.77	4	55.75	144	50.59	136	154.76	143.89	2026-06-11T05:52:14.600Z	DW_plates_1-10_8d.xlsx
8	HA6_HA8_HA10	HA6_HA8_HA10_D5	D5	B2	HA6_HA8_HA10	HA10	HA10	4	FALSE	4.98	2	80	132	60.86	127	105.54	133.47	2026-06-11T05:51:24.971Z	DW_plates_1-10_8d.xlsx
8	HA6_HA8_HA10	HA6_HA8_HA10_D6	D6	B2	HA6_HA8_HA10	HA10	HA10	8	FALSE	7.93	3	72.33	142.67	52.19	137.67	129.52	144.18	2026-06-11T05:51:17.948Z	DW_plates_1-10_8d.xlsx
8	HA_61_HA64_HA69A	HA_61_HA64_HA69A_A1	A1	C1	HA_61_HA64_HA69A	HA61	HA61	1	FALSE	23.74	7	24.14	132.43	50.94	115.86	207.32	132.48	2026-06-11T06:11:08.753Z	DW_plates_1-10_8d.xlsx
8	HA_61_HA64_HA69A	HA_61_HA64_HA69A_A2	A2	C1	HA_61_HA64_HA69A	HA61	HA61	5	FALSE	11.67	1	163	183	40.48	189	36.37	189.74	2026-06-11T06:10:19.166Z	DW_plates_1-10_8d.xlsx
8	HA_61_HA64_HA69A	HA_61_HA64_HA69A_A3	A3	C1	HA_61_HA64_HA69A	HA64	HA64	1	FALSE	12.67	5	37	134.2	51.42	120.2	184.81	134.6	2026-06-11T06:10:11.759Z	DW_plates_1-10_8d.xlsx
8	HA_61_HA64_HA69A	HA_61_HA64_HA69A_A4	A4	C1	HA_61_HA64_HA69A	HA64	HA64	5	FALSE	17.35	6	44.17	136.83	50.19	124	176.68	137.82	2026-06-11T06:09:21.870Z	DW_plates_1-10_8d.xlsx
8	HA_61_HA64_HA69A	HA_61_HA64_HA69A_A5	A5	C1	HA_61_HA64_HA69A	HA69A	HA69A	1	FALSE	19.78	7	30.71	136.43	51.94	118.57	198.42	136.82	2026-06-11T06:09:14.849Z	DW_plates_1-10_8d.xlsx
8	HA_61_HA64_HA69A	HA_61_HA64_HA69A_A6	A6	C1	HA_61_HA64_HA69A	HA69A	HA69A	5	FALSE	24.09	8	31	135.88	51.04	117.62	197.85	136.11	2026-06-11T06:08:22.190Z	DW_plates_1-10_8d.xlsx
8	HA_61_HA64_HA69A	HA_61_HA64_HA69A_B1	B1	C1	HA_61_HA64_HA69A	HA61	HA61	2	FALSE	24.56	10	27.6	131	52.28	113.7	198.99	130.93	2026-06-11T06:11:01.646Z	DW_plates_1-10_8d.xlsx
8	HA_61_HA64_HA69A	HA_61_HA64_HA69A_B2	B2	C1	HA_61_HA64_HA69A	HA61	HA61	6	FALSE	20.48	7	28.57	135.71	50.43	120.29	200.64	135.84	2026-06-11T06:10:26.140Z	DW_plates_1-10_8d.xlsx
8	HA_61_HA64_HA69A	HA_61_HA64_HA69A_B3	B3	C1	HA_61_HA64_HA69A	HA64	HA64	2	FALSE	12.73	4	39.25	137	51.21	123.25	185.06	137.49	2026-06-11T06:10:04.439Z	DW_plates_1-10_8d.xlsx
8	HA_61_HA64_HA69A	HA_61_HA64_HA69A_B4	B4	C1	HA_61_HA64_HA69A	HA64	HA64	6	FALSE	18.66	6	24.83	130.5	52.16	111.83	205.32	130.37	2026-06-11T06:09:28.944Z	DW_plates_1-10_8d.xlsx
8	HA_61_HA64_HA69A	HA_61_HA64_HA69A_B5	B5	C1	HA_61_HA64_HA69A	HA69A	HA69A	2	FALSE	22.92	8	33.25	136.88	52.78	118.5	194.35	137.14	2026-06-11T06:09:07.528Z	DW_plates_1-10_8d.xlsx
8	HA_61_HA64_HA69A	HA_61_HA64_HA69A_B6	B6	C1	HA_61_HA64_HA69A	HA69A	HA69A	6	FALSE	37.45	11	31.36	134.45	51.81	116.18	196.17	134.81	2026-06-11T06:08:31.403Z	DW_plates_1-10_8d.xlsx
8	HA_61_HA64_HA69A	HA_61_HA64_HA69A_C1	C1	C1	HA_61_HA64_HA69A	HA61	HA61	3	FALSE	20.81	6	32.5	132.17	51.19	116.5	194.77	132.67	2026-06-11T06:10:54.619Z	DW_plates_1-10_8d.xlsx
8	HA_61_HA64_HA69A	HA_61_HA64_HA69A_C2	C2	C1	HA_61_HA64_HA69A	HA61	HA61	7	FALSE	24.29	10	31.2	132.1	53.52	115.9	193.31	132.14	2026-06-11T06:10:33.173Z	DW_plates_1-10_8d.xlsx
8	HA_61_HA64_HA69A	HA_61_HA64_HA69A_C3	C3	C1	HA_61_HA64_HA69A	HA64	HA64	3	FALSE	20.66	7	36	134.86	52.3	118.43	187.09	134.98	2026-06-11T06:09:57.416Z	DW_plates_1-10_8d.xlsx
8	HA_61_HA64_HA69A	HA_61_HA64_HA69A_C4	C4	C1	HA_61_HA64_HA69A	HA64	HA64	7	FALSE	17.71	6	39.5	135	50.85	119.67	182.68	135.41	2026-06-11T06:09:36.045Z	DW_plates_1-10_8d.xlsx
8	HA_61_HA64_HA69A	HA_61_HA64_HA69A_C5	C5	C1	HA_61_HA64_HA69A	HA69A	HA69A	3	FALSE	26.68	8	40.62	135.12	53.54	118.12	180.24	135.63	2026-06-11T06:09:00.206Z	DW_plates_1-10_8d.xlsx
8	HA_61_HA64_HA69A	HA_61_HA64_HA69A_C6	C6	C1	HA_61_HA64_HA69A	HA69A	HA69A	7	FALSE	9.41	4	44.25	134.25	51.87	120.75	173.81	135.48	2026-06-11T06:08:38.824Z	DW_plates_1-10_8d.xlsx
8	HA_61_HA64_HA69A	HA_61_HA64_HA69A_D1	D1	C1	HA_61_HA64_HA69A	HA61	HA61	4	FALSE	24.9	7	35.57	130.14	50.77	114.43	186.84	130.52	2026-06-11T06:10:47.571Z	DW_plates_1-10_8d.xlsx
8	HA_61_HA64_HA69A	HA_61_HA64_HA69A_D2	D2	C1	HA_61_HA64_HA69A	HA61	HA61	8	FALSE	17.66	5	38.4	139.2	49.62	126	185.65	139.57	2026-06-11T06:10:40.575Z	DW_plates_1-10_8d.xlsx
8	HA_61_HA64_HA69A	HA_61_HA64_HA69A_D3	D3	C1	HA_61_HA64_HA69A	HA64	HA64	4	FALSE	16.75	5	33.2	135.2	50.81	119.6	193.79	135.24	2026-06-11T06:09:50.325Z	DW_plates_1-10_8d.xlsx
8	HA_61_HA64_HA69A	HA_61_HA64_HA69A_D4	D4	C1	HA_61_HA64_HA69A	HA64	HA64	8	FALSE	9.88	3	45.33	141.67	49.63	129.67	177.52	142.4	2026-06-11T06:09:43.322Z	DW_plates_1-10_8d.xlsx
8	HA_61_HA64_HA69A	HA_61_HA64_HA69A_D5	D5	C1	HA_61_HA64_HA69A	HA69A	HA69A	4	FALSE	21.23	7	27.71	134.86	52.09	116.43	202.93	135.25	2026-06-11T06:08:53.153Z	DW_plates_1-10_8d.xlsx
8	HA_61_HA64_HA69A	HA_61_HA64_HA69A_D6	D6	C1	HA_61_HA64_HA69A	HA69A	HA69A	8	FALSE	16.95	4	51	140.25	52.61	126.5	164.11	141.05	2026-06-11T06:08:46.043Z	DW_plates_1-10_8d.xlsx
8	HA12_HA14_HA16	HA12_HA14_HA16_A1	A1	C2	HA12_HA14_HA16	HA12	HA12	1	FALSE	31.91	8	42.38	137.62	49.73	124.62	179.2	137.59	2026-06-11T05:56:35.380Z	DW_plates_1-10_8d.xlsx
8	HA12_HA14_HA16	HA12_HA14_HA16_A2	A2	C2	HA12_HA14_HA16	HA12	HA12	5	FALSE	23.2	7	43.71	137.86	49.86	126.43	175.53	137.98	2026-06-11T05:55:45.392Z	DW_plates_1-10_8d.xlsx
8	HA12_HA14_HA16	HA12_HA14_HA16_A3	A3	C2	HA12_HA14_HA16	HA14	HA14	1	FALSE	45.57	14	25.93	131.29	51.67	112.79	203.67	131.27	2026-06-11T05:55:38.068Z	DW_plates_1-10_8d.xlsx
8	HA12_HA14_HA16	HA12_HA14_HA16_A4	A4	C2	HA12_HA14_HA16	HA14	HA14	5	FALSE	13.14	5	50	138.8	49.99	128	166.5	140.12	2026-06-11T05:54:46.892Z	DW_plates_1-10_8d.xlsx
8	HA12_HA14_HA16	HA12_HA14_HA16_A5	A5	C2	HA12_HA14_HA16	HA16	HA16	1	FALSE	22.52	7	24.14	130.43	50.76	113.71	206.31	130.42	2026-06-11T05:54:39.806Z	DW_plates_1-10_8d.xlsx
8	HA12_HA14_HA16	HA12_HA14_HA16_A6	A6	C2	HA12_HA14_HA16	HA16	HA16	5	FALSE	23.24	7	30	133	51.32	116.71	196.13	133.12	2026-06-11T05:53:47.472Z	DW_plates_1-10_8d.xlsx
8	HA12_HA14_HA16	HA12_HA14_HA16_B1	B1	C2	HA12_HA14_HA16	HA12	HA12	2	FALSE	5.23	2	66	134	53.58	126.5	132.8	134.65	2026-06-11T05:56:28.279Z	DW_plates_1-10_8d.xlsx
8	HA12_HA14_HA16	HA12_HA14_HA16_B2	B2	C2	HA12_HA14_HA16	HA12	HA12	6	FALSE	5.99	2	65	136	51.32	127	134.94	136.45	2026-06-11T05:55:52.458Z	DW_plates_1-10_8d.xlsx
8	HA12_HA14_HA16	HA12_HA14_HA16_B3	B3	C2	HA12_HA14_HA16	HA14	HA14	2	FALSE	8.55	3	79	148	50.25	140	120.84	148.54	2026-06-11T05:55:30.672Z	DW_plates_1-10_8d.xlsx
8	HA12_HA14_HA16	HA12_HA14_HA16_B4	B4	C2	HA12_HA14_HA16	HA14	HA14	6	FALSE	7.16	2	176	177.5	90.29	174.5	11.9	179.4	2026-06-11T05:54:54.235Z	DW_plates_1-10_8d.xlsx
8	HA12_HA14_HA16	HA12_HA14_HA16_B5	B5	C2	HA12_HA14_HA16	HA16	HA16	2	FALSE	38.95	13	34.54	133.54	52.39	116.62	187.98	133.69	2026-06-11T05:54:32.530Z	DW_plates_1-10_8d.xlsx
8	HA12_HA14_HA16	HA12_HA14_HA16_B6	B6	C2	HA12_HA14_HA16	HA16	HA16	6	FALSE	21.23	7	26	131.29	51.33	115.71	204.32	132.05	2026-06-11T05:53:56.640Z	DW_plates_1-10_8d.xlsx
8	HA12_HA14_HA16	HA12_HA14_HA16_C1	C1	C2	HA12_HA14_HA16	HA12	HA12	3	FALSE	31.35	10	46.4	141.2	49.83	128.8	173.09	141.19	2026-06-11T05:56:21.227Z	DW_plates_1-10_8d.xlsx
8	HA12_HA14_HA16	HA12_HA14_HA16_C2	C2	C2	HA12_HA14_HA16	HA12	HA12	7	FALSE	23.9	8	50	139	52.26	126.75	162.67	138.92	2026-06-11T05:55:59.498Z	DW_plates_1-10_8d.xlsx
8	HA12_HA14_HA16	HA12_HA14_HA16_C3	C3	C2	HA12_HA14_HA16	HA14	HA14	3	FALSE	9.72	4	46.75	133.5	53.49	119.75	167.32	134.16	2026-06-11T05:55:23.373Z	DW_plates_1-10_8d.xlsx
8	HA12_HA14_HA16	HA12_HA14_HA16_C4	C4	C2	HA12_HA14_HA16	HA14	HA14	7	FALSE	44.44	13	29.92	132.08	53.7	114.15	196.4	132.26	2026-06-11T05:55:01.252Z	DW_plates_1-10_8d.xlsx
8	HA12_HA14_HA16	HA12_HA14_HA16_C5	C5	C2	HA12_HA14_HA16	HA16	HA16	3	FALSE	16.85	6	35.17	136.67	52.09	122.17	188.77	136.77	2026-06-11T05:54:25.456Z	DW_plates_1-10_8d.xlsx
8	HA12_HA14_HA16	HA12_HA14_HA16_C6	C6	C2	HA12_HA14_HA16	HA16	HA16	7	FALSE	20.67	7	29.14	137	49.75	122	200.87	137.38	2026-06-11T05:54:03.677Z	DW_plates_1-10_8d.xlsx
8	HA12_HA14_HA16	HA12_HA14_HA16_D1	D1	C2	HA12_HA14_HA16	HA12	HA12	4	FALSE	20.99	6	50.83	146.5	49.03	136.33	167.15	146.62	2026-06-11T05:56:14.175Z	DW_plates_1-10_8d.xlsx
8	HA12_HA14_HA16	HA12_HA14_HA16_D2	D2	C2	HA12_HA14_HA16	HA12	HA12	8	FALSE	4.56	1	165	169	76.89	166	20.6	172.37	2026-06-11T05:56:06.826Z	DW_plates_1-10_8d.xlsx
8	HA12_HA14_HA16	HA12_HA14_HA16_D3	D3	C2	HA12_HA14_HA16	HA14	HA14	4	FALSE	20.73	7	36.14	136.57	51.88	121.57	187.63	136.84	2026-06-11T05:55:15.999Z	DW_plates_1-10_8d.xlsx
8	HA12_HA14_HA16	HA12_HA14_HA16_D4	D4	C2	HA12_HA14_HA16	HA14	HA14	8	FALSE	25.16	9	23.67	133.89	51.56	116.89	207.7	134.02	2026-06-11T05:55:08.380Z	DW_plates_1-10_8d.xlsx
8	HA12_HA14_HA16	HA12_HA14_HA16_D5	D5	C2	HA12_HA14_HA16	HA16	HA16	4	FALSE	34.17	12	31.75	131.58	53.98	114.58	190.27	131.6	2026-06-11T05:54:18.358Z	DW_plates_1-10_8d.xlsx
8	HA12_HA14_HA16	HA12_HA14_HA16_D6	D6	C2	HA12_HA14_HA16	HA16	HA16	8	FALSE	19.06	7	43.43	137.14	49.49	125.71	176.48	138.3	2026-06-11T05:54:11.100Z	DW_plates_1-10_8d.xlsx
8	HA82_SJ02_SJ07	HA82_SJ02_SJ07_A1	A1	D1	HA82_SJ02_SJ07	HA82	HA82	1	FALSE	13.13	4	61	139.5	53.39	126.75	146.18	140.02	2026-06-11T06:14:02.206Z	DW_plates_1-10_8d.xlsx
8	HA82_SJ02_SJ07	HA82_SJ02_SJ07_A2	A2	D1	HA82_SJ02_SJ07	HA82	HA82	5	FALSE	19.31	7	39	134.86	54.6	117.29	180.95	135.37	2026-06-11T06:13:11.429Z	DW_plates_1-10_8d.xlsx
8	HA82_SJ02_SJ07	HA82_SJ02_SJ07_A3	A3	D1	HA82_SJ02_SJ07	SJ02	SJ02	1	FALSE	14.65	5	52	137.2	54.74	121.6	161.63	137.66	2026-06-11T06:13:04.058Z	DW_plates_1-10_8d.xlsx
8	HA82_SJ02_SJ07	HA82_SJ02_SJ07_A4	A4	D1	HA82_SJ02_SJ07	SJ02	SJ02	5	FALSE	22.48	8	41.75	140.38	50.95	124.75	179.13	140.49	2026-06-11T06:12:14.831Z	DW_plates_1-10_8d.xlsx
8	HA82_SJ02_SJ07	HA82_SJ02_SJ07_A5	A5	D1	HA82_SJ02_SJ07	SJ07	SJ07	1	FALSE	24.33	8	40.25	136.88	51.98	120.25	181.67	137.59	2026-06-11T06:12:07.785Z	DW_plates_1-10_8d.xlsx
8	HA82_SJ02_SJ07	HA82_SJ02_SJ07_A6	A6	D1	HA82_SJ02_SJ07	SJ07	SJ07	5	FALSE	42.6	14	33.5	132.64	53.1	114.79	190.16	132.85	2026-06-11T06:11:16.013Z	DW_plates_1-10_8d.xlsx
8	HA82_SJ02_SJ07	HA82_SJ02_SJ07_B1	B1	D1	HA82_SJ02_SJ07	HA82	HA82	2	FALSE	9.4	3	51	136.33	56.86	123	159.8	136.87	2026-06-11T06:13:55.182Z	DW_plates_1-10_8d.xlsx
8	HA82_SJ02_SJ07	HA82_SJ02_SJ07_B2	B2	D1	HA82_SJ02_SJ07	HA82	HA82	6	FALSE	33.33	8	33.88	135.75	53.2	116	191.44	135.91	2026-06-11T06:13:18.783Z	DW_plates_1-10_8d.xlsx
8	HA82_SJ02_SJ07	HA82_SJ02_SJ07_B3	B3	D1	HA82_SJ02_SJ07	SJ02	SJ02	2	FALSE	19.15	7	41.43	136.71	52.38	119.29	178.08	136.93	2026-06-11T06:12:57.135Z	DW_plates_1-10_8d.xlsx
8	HA82_SJ02_SJ07	HA82_SJ02_SJ07_B4	B4	D1	HA82_SJ02_SJ07	SJ02	SJ02	6	FALSE	26.57	8	46.5	137.25	53.75	120.12	168.92	137.59	2026-06-11T06:12:21.824Z	DW_plates_1-10_8d.xlsx
8	HA82_SJ02_SJ07	HA82_SJ02_SJ07_B5	B5	D1	HA82_SJ02_SJ07	SJ07	SJ07	2	FALSE	54.51	14	31.36	130.93	53.45	110.79	192.93	131.01	2026-06-11T06:12:00.722Z	DW_plates_1-10_8d.xlsx
8	HA82_SJ02_SJ07	HA82_SJ02_SJ07_B6	B6	D1	HA82_SJ02_SJ07	SJ07	SJ07	6	FALSE	25.19	7	32.71	136.14	50.95	118.57	195.71	136.79	2026-06-11T06:11:25.226Z	DW_plates_1-10_8d.xlsx
8	HA82_SJ02_SJ07	HA82_SJ02_SJ07_C1	C1	D1	HA82_SJ02_SJ07	HA82	HA82	3	FALSE	36.09	8	40	136.12	52.9	117.88	179.58	136.09	2026-06-11T06:13:48.135Z	DW_plates_1-10_8d.xlsx
8	HA82_SJ02_SJ07	HA82_SJ02_SJ07_C2	C2	D1	HA82_SJ02_SJ07	HA82	HA82	7	FALSE	29.6	8	37.88	139.75	51.63	121	186.68	139.64	2026-06-11T06:13:25.836Z	DW_plates_1-10_8d.xlsx
8	HA82_SJ02_SJ07	HA82_SJ02_SJ07_C3	C3	D1	HA82_SJ02_SJ07	SJ02	SJ02	3	FALSE	10.44	3	63.33	136.67	53.96	120.33	137.79	136.59	2026-06-11T06:12:49.964Z	DW_plates_1-10_8d.xlsx
8	HA82_SJ02_SJ07	HA82_SJ02_SJ07_C4	C4	D1	HA82_SJ02_SJ07	SJ02	SJ02	7	FALSE	18.2	7	55.14	137.14	51.39	124	152.95	137.02	2026-06-11T06:12:28.864Z	DW_plates_1-10_8d.xlsx
8	HA82_SJ02_SJ07	HA82_SJ02_SJ07_C5	C5	D1	HA82_SJ02_SJ07	SJ07	SJ07	3	FALSE	30.36	8	35.5	134.75	52.35	114.88	189.16	134.76	2026-06-11T06:11:53.679Z	DW_plates_1-10_8d.xlsx
8	HA82_SJ02_SJ07	HA82_SJ02_SJ07_C6	C6	D1	HA82_SJ02_SJ07	SJ07	SJ07	7	FALSE	39.72	8	30	134.5	52.08	115	197.28	134.55	2026-06-11T06:11:32.242Z	DW_plates_1-10_8d.xlsx
8	HA82_SJ02_SJ07	HA82_SJ02_SJ07_D1	D1	D1	HA82_SJ02_SJ07	HA82	HA82	4	FALSE	12.45	4	73.5	150	49.15	140.5	132.53	150.56	2026-06-11T06:13:40.839Z	DW_plates_1-10_8d.xlsx
8	HA82_SJ02_SJ07	HA82_SJ02_SJ07_D2	D2	D1	HA82_SJ02_SJ07	HA82	HA82	8	FALSE	15.25	4	52	136.75	52.13	122.25	158.54	136.86	2026-06-11T06:13:33.441Z	DW_plates_1-10_8d.xlsx
8	HA82_SJ02_SJ07	HA82_SJ02_SJ07_D3	D3	D1	HA82_SJ02_SJ07	SJ02	SJ02	4	FALSE	24.51	7	39.43	138.43	52.36	121	182.48	138.54	2026-06-11T06:12:42.935Z	DW_plates_1-10_8d.xlsx
8	HA82_SJ02_SJ07	HA82_SJ02_SJ07_D4	D4	D1	HA82_SJ02_SJ07	SJ02	SJ02	8	FALSE	24.53	8	44.38	136	52.52	119.88	171.63	136.05	2026-06-11T06:12:35.947Z	DW_plates_1-10_8d.xlsx
8	HA82_SJ02_SJ07	HA82_SJ02_SJ07_D5	D5	D1	HA82_SJ02_SJ07	SJ07	SJ07	4	FALSE	25.24	7	33	134	52.29	115.86	193.06	134.35	2026-06-11T06:11:46.652Z	DW_plates_1-10_8d.xlsx
8	HA82_SJ02_SJ07	HA82_SJ02_SJ07_D6	D6	D1	HA82_SJ02_SJ07	SJ07	SJ07	8	FALSE	35.73	8	28.5	133.88	52.39	114.62	199.92	134.1	2026-06-11T06:11:39.418Z	DW_plates_1-10_8d.xlsx
8	HA17_HA18_HA21A	HA17_HA18_HA21A_A1	A1	D2	HA17_HA18_HA21A	HA17	HA17	1	FALSE	10.72	4	33	137.5	51.83	124.25	193.46	137.79	2026-06-11T05:59:30.548Z	DW_plates_1-10_8d.xlsx
8	HA17_HA18_HA21A	HA17_HA18_HA21A_A2	A2	D2	HA17_HA18_HA21A	HA17	HA17	5	FALSE	11.96	5	30.8	139.8	49.39	127	198.28	140.05	2026-06-11T05:58:40.100Z	DW_plates_1-10_8d.xlsx
8	HA17_HA18_HA21A	HA17_HA18_HA21A_A3	A3	D2	HA17_HA18_HA21A	HA18	HA18	1	FALSE	4.34	3	62.67	138	51.65	129.33	137.98	138.09	2026-06-11T05:58:32.675Z	DW_plates_1-10_8d.xlsx
8	HA17_HA18_HA21A	HA17_HA18_HA21A_A4	A4	D2	HA17_HA18_HA21A	HA18	HA18	5	FALSE	8.97	3	44.33	135.67	54.61	123.33	172.43	136.07	2026-06-11T05:57:42.708Z	DW_plates_1-10_8d.xlsx
8	HA17_HA18_HA21A	HA17_HA18_HA21A_A5	A5	D2	HA17_HA18_HA21A	HA21A	HA21A	1	FALSE	4.98	4	39.75	128	55.93	115.5	172.94	128.54	2026-06-11T05:57:35.720Z	DW_plates_1-10_8d.xlsx
8	HA17_HA18_HA21A	HA17_HA18_HA21A_A6	A6	D2	HA17_HA18_HA21A	HA21A	HA21A	5	FALSE	8.5	3	39.67	138.33	48.41	128.33	181.25	138.45	2026-06-11T05:56:42.687Z	DW_plates_1-10_8d.xlsx
8	HA17_HA18_HA21A	HA17_HA18_HA21A_B1	B1	D2	HA17_HA18_HA21A	HA17	HA17	2	FALSE	10.9	4	28.5	136.75	49.99	123	200.77	136.7	2026-06-11T05:59:23.538Z	DW_plates_1-10_8d.xlsx
8	HA17_HA18_HA21A	HA17_HA18_HA21A_B2	B2	D2	HA17_HA18_HA21A	HA17	HA17	6	FALSE	8.83	4	35.5	140.5	49.44	129	189.42	140.59	2026-06-11T05:58:47.044Z	DW_plates_1-10_8d.xlsx
8	HA17_HA18_HA21A	HA17_HA18_HA21A_B3	B3	D2	HA17_HA18_HA21A	HA18	HA18	2	FALSE	11.13	4	27.75	138.25	50.15	124.5	202.03	138.24	2026-06-11T05:58:25.600Z	DW_plates_1-10_8d.xlsx
8	HA17_HA18_HA21A	HA17_HA18_HA21A_B4	B4	D2	HA17_HA18_HA21A	HA18	HA18	6	FALSE	9.26	3	46.33	140.67	49.78	130.67	173.61	141	2026-06-11T05:57:49.784Z	DW_plates_1-10_8d.xlsx
8	HA17_HA18_HA21A	HA17_HA18_HA21A_B5	B5	D2	HA17_HA18_HA21A	HA21A	HA21A	2	FALSE	13.76	6	40.83	134.83	53.5	123.33	177.9	135.33	2026-06-11T05:57:28.651Z	DW_plates_1-10_8d.xlsx
8	HA17_HA18_HA21A	HA17_HA18_HA21A_B6	B6	D2	HA17_HA18_HA21A	HA21A	HA21A	6	FALSE	14.19	5	45.2	139.4	47.02	131.2	176.33	140.49	2026-06-11T05:56:51.843Z	DW_plates_1-10_8d.xlsx
8	HA17_HA18_HA21A	HA17_HA18_HA21A_C1	C1	D2	HA17_HA18_HA21A	HA17	HA17	3	FALSE	8.99	4	34.25	139	50.86	126.75	191.02	139.19	2026-06-11T05:59:16.202Z	DW_plates_1-10_8d.xlsx
8	HA17_HA18_HA21A	HA17_HA18_HA21A_C2	C2	D2	HA17_HA18_HA21A	HA17	HA17	7	FALSE	8.25	3	51.33	140	54.35	129.33	163.08	140.84	2026-06-11T05:58:54.448Z	DW_plates_1-10_8d.xlsx
8	HA17_HA18_HA21A	HA17_HA18_HA21A_C3	C3	D2	HA17_HA18_HA21A	HA18	HA18	3	FALSE	18.05	6	45.67	140.33	48.6	129.83	173.4	140.72	2026-06-11T05:58:18.595Z	DW_plates_1-10_8d.xlsx
8	HA17_HA18_HA21A	HA17_HA18_HA21A_C4	C4	D2	HA17_HA18_HA21A	HA18	HA18	7	FALSE	7.19	3	47	139.67	50.41	129.33	171.81	140.53	2026-06-11T05:57:56.810Z	DW_plates_1-10_8d.xlsx
8	HA17_HA18_HA21A	HA17_HA18_HA21A_C5	C5	D2	HA17_HA18_HA21A	HA21A	HA21A	3	FALSE	9.39	4	28.5	138.25	48.92	126.5	200.24	138.25	2026-06-11T05:57:21.381Z	DW_plates_1-10_8d.xlsx
8	HA17_HA18_HA21A	HA17_HA18_HA21A_C6	C6	D2	HA17_HA18_HA21A	HA21A	HA21A	7	FALSE	12.94	6	27.17	133.83	49.62	121.5	201.49	133.81	2026-06-11T05:56:59.340Z	DW_plates_1-10_8d.xlsx
8	HA17_HA18_HA21A	HA17_HA18_HA21A_D1	D1	D2	HA17_HA18_HA21A	HA17	HA17	4	FALSE	12.87	5	25.4	137.8	50.12	123.8	207.2	137.94	2026-06-11T05:59:08.800Z	DW_plates_1-10_8d.xlsx
8	HA17_HA18_HA21A	HA17_HA18_HA21A_D2	D2	D2	HA17_HA18_HA21A	HA17	HA17	8	FALSE	6.88	3	64.33	141.33	49.18	134	141.17	142.37	2026-06-11T05:59:01.792Z	DW_plates_1-10_8d.xlsx
8	HA17_HA18_HA21A	HA17_HA18_HA21A_D3	D3	D2	HA17_HA18_HA21A	HA18	HA18	4	FALSE	11.53	5	46.8	130.2	57.37	118.2	163.82	130.94	2026-06-11T05:58:11.233Z	DW_plates_1-10_8d.xlsx
8	HA17_HA18_HA21A	HA17_HA18_HA21A_D4	D4	D2	HA17_HA18_HA21A	HA18	HA18	8	FALSE	7.81	3	59.33	141.67	51.13	132	150.57	141.85	2026-06-11T05:58:03.879Z	DW_plates_1-10_8d.xlsx
8	HA17_HA18_HA21A	HA17_HA18_HA21A_D5	D5	D2	HA17_HA18_HA21A	HA21A	HA21A	4	FALSE	11.1	4	24.25	133	50.16	119.75	206.81	132.82	2026-06-11T05:57:13.963Z	DW_plates_1-10_8d.xlsx
8	HA17_HA18_HA21A	HA17_HA18_HA21A_D6	D6	D2	HA17_HA18_HA21A	HA21A	HA21A	8	FALSE	12.51	5	29	133.8	48.81	122.8	199.67	134.2	2026-06-11T05:57:06.588Z	DW_plates_1-10_8d.xlsx
8	SJ_9_SJ14_SJ17	SJ_9_SJ14_SJ17_A1	A1	E1	SJ_9_SJ14_SJ17	SJ09	SJ09	1	FALSE	39.87	12	30.58	128.42	54.59	108.5	194.14	128.68	2026-06-11T06:16:55.175Z	DW_plates_1-10_8d.xlsx
8	SJ_9_SJ14_SJ17	SJ_9_SJ14_SJ17_A2	A2	E1	SJ_9_SJ14_SJ17	SJ09	SJ09	5	FALSE	25.38	7	36.14	138	51.67	120.43	188.29	138.22	2026-06-11T06:16:04.959Z	DW_plates_1-10_8d.xlsx
8	SJ_9_SJ14_SJ17	SJ_9_SJ14_SJ17_A3	A3	E1	SJ_9_SJ14_SJ17	SJ14	SJ14	1	FALSE	35.52	10	36.2	136.8	51.46	119.5	186.13	137.01	2026-06-11T06:15:57.894Z	DW_plates_1-10_8d.xlsx
8	SJ_9_SJ14_SJ17	SJ_9_SJ14_SJ17_A4	A4	E1	SJ_9_SJ14_SJ17	SJ14	SJ14	5	FALSE	6.35	3	39	112.33	56.47	97.33	172.03	112.47	2026-06-11T06:15:08.331Z	DW_plates_1-10_8d.xlsx
8	SJ_9_SJ14_SJ17	SJ_9_SJ14_SJ17_A5	A5	E1	SJ_9_SJ14_SJ17	SJ17	SJ17	1	FALSE	10.4	3	63	129.33	49.31	121.67	132.81	129.92	2026-06-11T06:15:01.284Z	DW_plates_1-10_8d.xlsx
8	SJ_9_SJ14_SJ17	SJ_9_SJ14_SJ17_A6	A6	E1	SJ_9_SJ14_SJ17	SJ17	SJ17	5	FALSE	28.28	7	33.57	137.29	51.44	118.86	191.92	137.22	2026-06-11T06:14:09.245Z	DW_plates_1-10_8d.xlsx
8	SJ_9_SJ14_SJ17	SJ_9_SJ14_SJ17_B1	B1	E1	SJ_9_SJ14_SJ17	SJ09	SJ09	2	FALSE	41.49	10	59.4	136.3	56.07	118.6	145.14	136.53	2026-06-11T06:16:47.787Z	DW_plates_1-10_8d.xlsx
8	SJ_9_SJ14_SJ17	SJ_9_SJ14_SJ17_B2	B2	E1	SJ_9_SJ14_SJ17	SJ09	SJ09	6	FALSE	32.17	8	41.88	139.12	52.04	122.12	177.2	139.45	2026-06-11T06:16:11.991Z	DW_plates_1-10_8d.xlsx
8	SJ_9_SJ14_SJ17	SJ_9_SJ14_SJ17_B3	B3	E1	SJ_9_SJ14_SJ17	SJ14	SJ14	2	FALSE	14.79	5	50	139.2	52.23	125.4	167.92	140.27	2026-06-11T06:15:50.868Z	DW_plates_1-10_8d.xlsx
8	SJ_9_SJ14_SJ17	SJ_9_SJ14_SJ17_B4	B4	E1	SJ_9_SJ14_SJ17	SJ14	SJ14	6	FALSE	37.43	11	41.64	135.18	53.58	117.27	175.69	135.2	2026-06-11T06:15:15.360Z	DW_plates_1-10_8d.xlsx
8	SJ_9_SJ14_SJ17	SJ_9_SJ14_SJ17_B5	B5	E1	SJ_9_SJ14_SJ17	SJ17	SJ17	2	FALSE	27.3	7	40.71	141.29	52.13	123.43	180.97	141.3	2026-06-11T06:14:54.231Z	DW_plates_1-10_8d.xlsx
8	SJ_9_SJ14_SJ17	SJ_9_SJ14_SJ17_B6	B6	E1	SJ_9_SJ14_SJ17	SJ17	SJ17	6	FALSE	15.38	4	44	142	51.16	126.75	177.61	142.66	2026-06-11T06:14:18.735Z	DW_plates_1-10_8d.xlsx
8	SJ_9_SJ14_SJ17	SJ_9_SJ14_SJ17_C1	C1	E1	SJ_9_SJ14_SJ17	SJ09	SJ09	3	FALSE	44.37	13	36.31	132.62	52.74	114.15	185.71	132.6	2026-06-11T06:16:40.465Z	DW_plates_1-10_8d.xlsx
8	SJ_9_SJ14_SJ17	SJ_9_SJ14_SJ17_C2	C2	E1	SJ_9_SJ14_SJ17	SJ09	SJ09	7	FALSE	13.37	4	52.75	143.5	51.01	129.75	163.29	144.25	2026-06-11T06:16:19.037Z	DW_plates_1-10_8d.xlsx
8	SJ_9_SJ14_SJ17	SJ_9_SJ14_SJ17_C3	C3	E1	SJ_9_SJ14_SJ17	SJ14	SJ14	3	FALSE	37.59	11	37	136.09	52.2	117.45	186.2	136.28	2026-06-11T06:15:43.504Z	DW_plates_1-10_8d.xlsx
8	SJ_9_SJ14_SJ17	SJ_9_SJ14_SJ17_C4	C4	E1	SJ_9_SJ14_SJ17	SJ14	SJ14	7	FALSE	25.68	6	42	135.5	53.35	118.33	175.04	135.52	2026-06-11T06:15:22.399Z	DW_plates_1-10_8d.xlsx
8	SJ_9_SJ14_SJ17	SJ_9_SJ14_SJ17_C5	C5	E1	SJ_9_SJ14_SJ17	SJ17	SJ17	3	FALSE	45.53	11	43.09	137.09	53.78	118.91	175.05	137.46	2026-06-11T06:14:47.272Z	DW_plates_1-10_8d.xlsx
8	SJ_9_SJ14_SJ17	SJ_9_SJ14_SJ17_C6	C6	E1	SJ_9_SJ14_SJ17	SJ17	SJ17	7	FALSE	20.38	6	51.33	141	51.03	126.17	164.12	142.32	2026-06-11T06:14:25.828Z	DW_plates_1-10_8d.xlsx
8	SJ_9_SJ14_SJ17	SJ_9_SJ14_SJ17_D1	D1	E1	SJ_9_SJ14_SJ17	SJ09	SJ09	4	FALSE	37.83	10	36.9	136.5	52.36	118.3	185.7	136.51	2026-06-11T06:16:33.404Z	DW_plates_1-10_8d.xlsx
8	SJ_9_SJ14_SJ17	SJ_9_SJ14_SJ17_D2	D2	E1	SJ_9_SJ14_SJ17	SJ09	SJ09	8	FALSE	30.51	10	39.7	137.4	51.9	120.1	182.35	137.73	2026-06-11T06:16:26.344Z	DW_plates_1-10_8d.xlsx
8	SJ_9_SJ14_SJ17	SJ_9_SJ14_SJ17_D3	D3	E1	SJ_9_SJ14_SJ17	SJ14	SJ14	4	FALSE	24.54	7	30.71	133.57	52.1	115	196.03	133.75	2026-06-11T06:15:36.497Z	DW_plates_1-10_8d.xlsx
8	SJ_9_SJ14_SJ17	SJ_9_SJ14_SJ17_D4	D4	E1	SJ_9_SJ14_SJ17	SJ14	SJ14	8	FALSE	26.55	7	31.86	135.86	51.82	117.86	193.65	135.87	2026-06-11T06:15:29.459Z	DW_plates_1-10_8d.xlsx
8	SJ_9_SJ14_SJ17	SJ_9_SJ14_SJ17_D5	D5	E1	SJ_9_SJ14_SJ17	SJ17	SJ17	4	FALSE	18.28	6	42.5	131	53.33	113.5	171.98	131.1	2026-06-11T06:14:40.155Z	DW_plates_1-10_8d.xlsx
8	SJ_9_SJ14_SJ17	SJ_9_SJ14_SJ17_D6	D6	E1	SJ_9_SJ14_SJ17	SJ17	SJ17	8	FALSE	32.77	8	38.75	138.88	51.6	121.25	182.97	139.11	2026-06-11T06:14:33.120Z	DW_plates_1-10_8d.xlsx
8	HA21B_HA27_HA32	HA21B_HA27_HA32_A1	A1	E2	HA21B_HA27_HA32	HA21B	HA21B	1	FALSE	25.38	10	54.6	143.8	52.69	132.1	159.17	143.97	2026-06-11T06:02:23.830Z	DW_plates_1-10_8d.xlsx
8	HA21B_HA27_HA32	HA21B_HA27_HA32_A2	A2	E2	HA21B_HA27_HA32	HA21B	HA21B	5	FALSE	8.6	2	115.5	150	32.78	166	77.82	166.16	2026-06-11T06:01:34.227Z	DW_plates_1-10_8d.xlsx
8	HA21B_HA27_HA32	HA21B_HA27_HA32_A3	A3	E2	HA21B_HA27_HA32	HA27	HA27	1	FALSE	26.11	7	28.71	133.57	52.95	114.57	200.61	133.75	2026-06-11T06:01:27.177Z	DW_plates_1-10_8d.xlsx
8	HA21B_HA27_HA32	HA21B_HA27_HA32_A4	A4	E2	HA21B_HA27_HA32	HA27	HA27	5	FALSE	28.47	10	36.5	131.7	53.51	112.8	183.57	131.9	2026-06-11T06:00:37.346Z	DW_plates_1-10_8d.xlsx
8	HA21B_HA27_HA32	HA21B_HA27_HA32_A5	A5	E2	HA21B_HA27_HA32	HA32	HA32	1	FALSE	19.1	6	27.17	131.67	51.92	116.17	202.7	132.1	2026-06-11T06:00:30.295Z	DW_plates_1-10_8d.xlsx
8	HA21B_HA27_HA32	HA21B_HA27_HA32_A6	A6	E2	HA21B_HA27_HA32	HA32	HA32	5	FALSE	12.5	3	34.67	133.67	49.93	121	191.16	134.13	2026-06-11T05:59:37.583Z	DW_plates_1-10_8d.xlsx
8	HA21B_HA27_HA32	HA21B_HA27_HA32_B1	B1	E2	HA21B_HA27_HA32	HA21B	HA21B	2	FALSE	41.24	12	50.67	143.08	50.29	131.33	165.14	143.62	2026-06-11T06:02:16.763Z	DW_plates_1-10_8d.xlsx
8	HA21B_HA27_HA32	HA21B_HA27_HA32_B2	B2	E2	HA21B_HA27_HA32	HA21B	HA21B	6	FALSE	19.08	6	48.17	146.83	48.87	136	171.86	146.98	2026-06-11T06:01:41.276Z	DW_plates_1-10_8d.xlsx
8	HA21B_HA27_HA32	HA21B_HA27_HA32_B3	B3	E2	HA21B_HA27_HA32	HA27	HA27	2	FALSE	20.08	7	30.86	136.14	52.52	117.86	196.98	136.13	2026-06-11T06:01:19.919Z	DW_plates_1-10_8d.xlsx
8	HA21B_HA27_HA32	HA21B_HA27_HA32_B4	B4	E2	HA21B_HA27_HA32	HA27	HA27	6	FALSE	36.41	9	32.22	132.11	52.83	112.11	192.21	132.2	2026-06-11T06:00:44.331Z	DW_plates_1-10_8d.xlsx
8	HA21B_HA27_HA32	HA21B_HA27_HA32_B5	B5	E2	HA21B_HA27_HA32	HA32	HA32	2	FALSE	16.85	5	30.4	135.4	50.59	120	198.23	135.52	2026-06-11T06:00:23.256Z	DW_plates_1-10_8d.xlsx
8	HA21B_HA27_HA32	HA21B_HA27_HA32_B6	B6	E2	HA21B_HA27_HA32	HA32	HA32	6	FALSE	18.01	6	25	132.33	50.8	117	206.51	132.62	2026-06-11T05:59:47.085Z	DW_plates_1-10_8d.xlsx
8	HA21B_HA27_HA32	HA21B_HA27_HA32_C1	C1	E2	HA21B_HA27_HA32	HA21B	HA21B	3	FALSE	6.97	3	82.67	145.33	55.12	137.67	112.15	146.14	2026-06-11T06:02:09.721Z	DW_plates_1-10_8d.xlsx
8	HA21B_HA27_HA32	HA21B_HA27_HA32_C2	C2	E2	HA21B_HA27_HA32	HA21B	HA21B	7	FALSE	13.78	5	66.4	147.6	50.38	139.8	141.09	148.27	2026-06-11T06:01:48.367Z	DW_plates_1-10_8d.xlsx
8	HA21B_HA27_HA32	HA21B_HA27_HA32_C3	C3	E2	HA21B_HA27_HA32	HA27	HA27	3	FALSE	17.59	6	32.5	135	54.31	116.67	193.18	135.29	2026-06-11T06:01:12.526Z	DW_plates_1-10_8d.xlsx
8	HA21B_HA27_HA32	HA21B_HA27_HA32_C4	C4	E2	HA21B_HA27_HA32	HA27	HA27	7	FALSE	20.85	7	29.14	134.57	53.43	115.57	200.5	134.79	2026-06-11T06:00:51.365Z	DW_plates_1-10_8d.xlsx
8	HA21B_HA27_HA32	HA21B_HA27_HA32_C5	C5	E2	HA21B_HA27_HA32	HA32	HA32	3	FALSE	5.55	2	78.5	139.5	49.38	133.5	112.99	140.21	2026-06-11T06:00:15.931Z	DW_plates_1-10_8d.xlsx
8	HA21B_HA27_HA32	HA21B_HA27_HA32_C6	C6	E2	HA21B_HA27_HA32	HA32	HA32	7	FALSE	29.1	9	25.89	127	51.42	110.11	202.58	127.11	2026-06-11T05:59:54.478Z	DW_plates_1-10_8d.xlsx
8	HA21B_HA27_HA32	HA21B_HA27_HA32_D1	D1	E2	HA21B_HA27_HA32	HA21B	HA21B	4	FALSE	14.51	3	64	151	46.27	144	152.57	152.11	2026-06-11T06:02:02.697Z	DW_plates_1-10_8d.xlsx
8	HA21B_HA27_HA32	HA21B_HA27_HA32_D2	D2	E2	HA21B_HA27_HA32	HA21B	HA21B	8	FALSE	29.58	8	44.12	144.38	49.28	132.25	176.6	144.44	2026-06-11T06:01:55.668Z	DW_plates_1-10_8d.xlsx
8	HA21B_HA27_HA32	HA21B_HA27_HA32_D3	D3	E2	HA21B_HA27_HA32	HA27	HA27	4	FALSE	19.3	7	38.29	140.57	50.49	125.57	186.1	140.68	2026-06-11T06:01:05.451Z	DW_plates_1-10_8d.xlsx
8	HA21B_HA27_HA32	HA21B_HA27_HA32_D4	D4	E2	HA21B_HA27_HA32	HA27	HA27	8	FALSE	11.74	4	46.25	137.25	52.24	124.5	169.91	137.52	2026-06-11T06:00:58.446Z	DW_plates_1-10_8d.xlsx
8	HA21B_HA27_HA32	HA21B_HA27_HA32_D5	D5	E2	HA21B_HA27_HA32	HA32	HA32	4	FALSE	10.95	2	63.5	130	52.2	124	140.93	133.07	2026-06-11T06:00:08.851Z	DW_plates_1-10_8d.xlsx
8	HA21B_HA27_HA32	HA21B_HA27_HA32_D6	D6	E2	HA21B_HA27_HA32	HA32	HA32	8	FALSE	12.09	3	38	126.33	51.38	113.67	185.3	128.03	2026-06-11T06:00:01.531Z	DW_plates_1-10_8d.xlsx
0	TL01_TL02_TL03	TL01_TL02_TL03_A1	A1	A2	TL01_TL02_TL03	TL01	TL01	1	FALSE	7.01	1	55	141	52	131	154.31	141.11	2026-06-03T12:39:12.848Z	DW_plates_11-14_0d.xlsx
0	TL01_TL02_TL03	TL01_TL02_TL03_A2	A2	A2	TL01_TL02_TL03	TL01	TL01	5	FALSE	6.46	1	50	138	52.49	129	160.57	138.02	2026-06-03T12:38:22.335Z	DW_plates_11-14_0d.xlsx
0	TL01_TL02_TL03	TL01_TL02_TL03_A3	A3	A2	TL01_TL02_TL03	TL02	TL02	1	FALSE	7.69	1	46	138	52.68	127	167.88	138.23	2026-06-03T12:38:14.932Z	DW_plates_11-14_0d.xlsx
0	TL01_TL02_TL03	TL01_TL02_TL03_A4	A4	A2	TL01_TL02_TL03	TL02	TL02	5	FALSE	5.74	1	57	141	50.85	133	148.93	140.99	2026-06-03T12:37:24.425Z	DW_plates_11-14_0d.xlsx
0	TL01_TL02_TL03	TL01_TL02_TL03_A5	A5	A2	TL01_TL02_TL03	TL03	TL03	1	FALSE	6.69	1	35	134	53.27	121	187.26	134.34	2026-06-03T12:37:17.077Z	DW_plates_11-14_0d.xlsx
0	TL01_TL02_TL03	TL01_TL02_TL03_A6	A6	A2	TL01_TL02_TL03	TL03	TL03	5	FALSE	9.64	1	42	138	49.14	131	174.54	138.17	2026-06-03T12:36:25.355Z	DW_plates_11-14_0d.xlsx
0	TL01_TL02_TL03	TL01_TL02_TL03_B1	B1	A2	TL01_TL02_TL03	TL01	TL01	2	FALSE	7.21	1	53	140	51.68	131	156.6	140.46	2026-06-03T12:39:05.538Z	DW_plates_11-14_0d.xlsx
0	TL01_TL02_TL03	TL01_TL02_TL03_B2	B2	A2	TL01_TL02_TL03	TL01	TL01	6	FALSE	7.56	1	46	140	50.03	130	168.85	140.61	2026-06-03T12:38:29.653Z	DW_plates_11-14_0d.xlsx
0	TL01_TL02_TL03	TL01_TL02_TL03_B3	B3	A2	TL01_TL02_TL03	TL02	TL02	2	FALSE	7.25	1	51	141	51.23	131	161.26	140.83	2026-06-03T12:38:07.606Z	DW_plates_11-14_0d.xlsx
0	TL01_TL02_TL03	TL01_TL02_TL03_B4	B4	A2	TL01_TL02_TL03	TL02	TL02	6	FALSE	6.05	1	43	134	52.89	121	171.53	134.22	2026-06-03T12:37:31.732Z	DW_plates_11-14_0d.xlsx
0	TL01_TL02_TL03	TL01_TL02_TL03_B5	B5	A2	TL01_TL02_TL03	TL03	TL03	2	FALSE	6.7	1	32	135	52.15	122	192.58	135.7	2026-06-03T12:37:09.670Z	DW_plates_11-14_0d.xlsx
0	TL01_TL02_TL03	TL01_TL02_TL03_B6	B6	A2	TL01_TL02_TL03	TL03	TL03	6	FALSE	12.29	2	48.5	127	51.63	117.5	153.98	127.27	2026-06-03T12:36:33.862Z	DW_plates_11-14_0d.xlsx
0	TL01_TL02_TL03	TL01_TL02_TL03_C1	C1	A2	TL01_TL02_TL03	TL01	TL01	3	FALSE	5.05	1	48	140	51.99	129	165.96	140.27	2026-06-03T12:38:58.149Z	DW_plates_11-14_0d.xlsx
0	TL01_TL02_TL03	TL01_TL02_TL03_C2	C2	A2	TL01_TL02_TL03	TL01	TL01	7	FALSE	6.82	1	44	139	51.78	126	173.28	139.29	2026-06-03T12:38:36.761Z	DW_plates_11-14_0d.xlsx
0	TL01_TL02_TL03	TL01_TL02_TL03_C3	C3	A2	TL01_TL02_TL03	TL02	TL02	3	FALSE	3.99	1	27	135	53.78	116	201.69	134.97	2026-06-03T12:38:00.277Z	DW_plates_11-14_0d.xlsx
0	TL01_TL02_TL03	TL01_TL02_TL03_C4	C4	A2	TL01_TL02_TL03	TL02	TL02	7	FALSE	6.07	1	45	136	53.66	123	167.45	135.82	2026-06-03T12:37:38.804Z	DW_plates_11-14_0d.xlsx
0	TL01_TL02_TL03	TL01_TL02_TL03_C5	C5	A2	TL01_TL02_TL03	TL03	TL03	3	FALSE	4.46	1	32	132	53.82	115	190.16	131.96	2026-06-03T12:37:02.330Z	DW_plates_11-14_0d.xlsx
0	TL01_TL02_TL03	TL01_TL02_TL03_C6	C6	A2	TL01_TL02_TL03	TL03	TL03	7	FALSE	6.55	1	38	137	50.85	125	181.91	136.95	2026-06-03T12:36:40.926Z	DW_plates_11-14_0d.xlsx
0	TL01_TL02_TL03	TL01_TL02_TL03_D1	D1	A2	TL01_TL02_TL03	TL01	TL01	4	FALSE	5.81	1	58	138	54.94	125	147.16	138.07	2026-06-03T12:38:51.112Z	DW_plates_11-14_0d.xlsx
0	TL01_TL02_TL03	TL01_TL02_TL03_D2	D2	A2	TL01_TL02_TL03	TL01	TL01	8	FALSE	7.05	1	63	147	49.67	140	144.45	147.16	2026-06-03T12:38:43.772Z	DW_plates_11-14_0d.xlsx
0	TL01_TL02_TL03	TL01_TL02_TL03_D3	D3	A2	TL01_TL02_TL03	TL02	TL02	4	FALSE	8.12	1	55	137	49.7	131	149.54	137.3	2026-06-03T12:37:52.875Z	DW_plates_11-14_0d.xlsx
0	TL01_TL02_TL03	TL01_TL02_TL03_D4	D4	A2	TL01_TL02_TL03	TL02	TL02	8	FALSE	9.45	1	48	139	48.82	132	165.56	139.76	2026-06-03T12:37:45.832Z	DW_plates_11-14_0d.xlsx
0	TL01_TL02_TL03	TL01_TL02_TL03_D5	D5	A2	TL01_TL02_TL03	TL03	TL03	4	FALSE	6.58	1	36	135	51.54	123	184.42	135.39	2026-06-03T12:36:55.285Z	DW_plates_11-14_0d.xlsx
0	TL01_TL02_TL03	TL01_TL02_TL03_D6	D6	A2	TL01_TL02_TL03	TL03	TL03	8	FALSE	7.87	2	32.5	136.5	49.79	124	192.2	136.88	2026-06-03T12:36:48.229Z	DW_plates_11-14_0d.xlsx
0	TL05_TL06_TL09	TL05_TL06_TL09_A1	A1	B2	TL05_TL06_TL09	TL05	TL05	1	FALSE	9.13	1	76	148	47.8	144	123.84	148.28	2026-06-03T12:42:08.706Z	DW_plates_11-14_0d.xlsx
0	TL05_TL06_TL09	TL05_TL06_TL09_A2	A2	B2	TL05_TL06_TL09	TL05	TL05	5	FALSE	7.29	1	63	145	50.97	138	142.51	145.14	2026-06-03T12:41:17.889Z	DW_plates_11-14_0d.xlsx
0	TL05_TL06_TL09	TL05_TL06_TL09_A3	A3	B2	TL05_TL06_TL09	TL06	TL06	1	FALSE	6.28	1	64	143	50.51	135	140.44	143.12	2026-06-03T12:41:10.497Z	DW_plates_11-14_0d.xlsx
0	TL05_TL06_TL09	TL05_TL06_TL09_A4	A4	B2	TL05_TL06_TL09	TL06	TL06	5	FALSE	5.56	1	83	151	51.18	146	114.14	151.36	2026-06-03T12:40:20.258Z	DW_plates_11-14_0d.xlsx
0	TL05_TL06_TL09	TL05_TL06_TL09_A5	A5	B2	TL05_TL06_TL09	TL09	TL09	1	FALSE	6.94	1	74	147	51.32	139	124.78	146.66	2026-06-03T12:40:12.895Z	DW_plates_11-14_0d.xlsx
0	TL05_TL06_TL09	TL05_TL06_TL09_A6	A6	B2	TL05_TL06_TL09	TL09	TL09	5	FALSE	6.67	1	65	147	51.05	139	141.58	147.25	2026-06-03T12:39:20.295Z	DW_plates_11-14_0d.xlsx
0	TL05_TL06_TL09	TL05_TL06_TL09_B1	B1	B2	TL05_TL06_TL09	TL05	TL05	2	FALSE	8.75	1	77	149	51.48	142	122.3	149.3	2026-06-03T12:42:01.460Z	DW_plates_11-14_0d.xlsx
0	TL05_TL06_TL09	TL05_TL06_TL09_B2	B2	B2	TL05_TL06_TL09	TL05	TL05	6	FALSE	6.38	2	45	144.5	52.53	130.5	173.51	144.43	2026-06-03T12:41:24.895Z	DW_plates_11-14_0d.xlsx
0	TL05_TL06_TL09	TL05_TL06_TL09_B3	B3	B2	TL05_TL06_TL09	TL06	TL06	2	FALSE	5	1	59	147	51.04	137	151.07	146.98	2026-06-03T12:41:03.151Z	DW_plates_11-14_0d.xlsx
0	TL05_TL06_TL09	TL05_TL06_TL09_B4	B4	B2	TL05_TL06_TL09	TL06	TL06	6	FALSE	5.88	1	53	145	53.52	132	161.32	145.21	2026-06-03T12:40:27.314Z	DW_plates_11-14_0d.xlsx
0	TL05_TL06_TL09	TL05_TL06_TL09_B5	B5	B2	TL05_TL06_TL09	TL09	TL09	2	FALSE	7.62	1	67	150	49.96	143	140.95	150.33	2026-06-03T12:40:05.849Z	DW_plates_11-14_0d.xlsx
0	TL05_TL06_TL09	TL05_TL06_TL09_B6	B6	B2	TL05_TL06_TL09	TL09	TL09	6	FALSE	7.44	1	55	145	51.17	135	157.02	145.56	2026-06-03T12:39:29.451Z	DW_plates_11-14_0d.xlsx
0	TL05_TL06_TL09	TL05_TL06_TL09_C1	C1	B2	TL05_TL06_TL09	TL05	TL05	3	FALSE	5.89	1	50	143	53.15	130	164.95	143.26	2026-06-03T12:41:54.000Z	DW_plates_11-14_0d.xlsx
0	TL05_TL06_TL09	TL05_TL06_TL09_C2	C2	B2	TL05_TL06_TL09	TL05	TL05	7	FALSE	6.2	1	51	144	53.57	131	164.66	144.17	2026-06-03T12:41:32.344Z	DW_plates_11-14_0d.xlsx
0	TL05_TL06_TL09	TL05_TL06_TL09_C3	C3	B2	TL05_TL06_TL09	TL06	TL06	3	FALSE	5.03	1	65	148	50.86	140	141.71	148.54	2026-06-03T12:40:56.108Z	DW_plates_11-14_0d.xlsx
0	TL05_TL06_TL09	TL05_TL06_TL09_C4	C4	B2	TL05_TL06_TL09	TL06	TL06	7	FALSE	6.44	2	50	142	53.02	129	163.13	142.19	2026-06-03T12:40:34.689Z	DW_plates_11-14_0d.xlsx
0	TL05_TL06_TL09	TL05_TL06_TL09_C5	C5	B2	TL05_TL06_TL09	TL09	TL09	3	FALSE	6.75	1	69	150	50	143	136.69	150.45	2026-06-03T12:39:58.490Z	DW_plates_11-14_0d.xlsx
0	TL05_TL06_TL09	TL05_TL06_TL09_C6	C6	B2	TL05_TL06_TL09	TL09	TL09	7	FALSE	6.33	1	55	145	50.17	137	156.89	145.49	2026-06-03T12:39:36.464Z	DW_plates_11-14_0d.xlsx
0	TL05_TL06_TL09	TL05_TL06_TL09_D1	D1	B2	TL05_TL06_TL09	TL05	TL05	4	FALSE	7.82	1	73	151	49.71	145	131.24	151.77	2026-06-03T12:41:46.644Z	DW_plates_11-14_0d.xlsx
0	TL05_TL06_TL09	TL05_TL06_TL09_D2	D2	B2	TL05_TL06_TL09	TL05	TL05	8	FALSE	6.4	1	56	147	51.91	136	156.65	146.81	2026-06-03T12:41:39.663Z	DW_plates_11-14_0d.xlsx
0	TL05_TL06_TL09	TL05_TL06_TL09_D3	D3	B2	TL05_TL06_TL09	TL06	TL06	4	FALSE	6.91	1	76	151	50.15	142	125.92	150.72	2026-06-03T12:40:49.044Z	DW_plates_11-14_0d.xlsx
0	TL05_TL06_TL09	TL05_TL06_TL09_D4	D4	B2	TL05_TL06_TL09	TL06	TL06	8	FALSE	13.25	3	79	143	82.76	133	124.07	145.96	2026-06-03T12:40:41.699Z	DW_plates_11-14_0d.xlsx
0	TL05_TL06_TL09	TL05_TL06_TL09_D5	D5	B2	TL05_TL06_TL09	TL09	TL09	4	FALSE	7.7	1	58	146	49.5	140	153.52	146.8	2026-06-03T12:39:51.270Z	DW_plates_11-14_0d.xlsx
0	TL05_TL06_TL09	TL05_TL06_TL09_D6	D6	B2	TL05_TL06_TL09	TL09	TL09	8	FALSE	7.42	1	70	151	48.63	145	135.89	150.79	2026-06-03T12:39:43.793Z	DW_plates_11-14_0d.xlsx
0	TL23_TL29_TL34	TL23_TL29_TL34_A1	A1	C2	TL23_TL29_TL34	TL23	TL23	1	FALSE	6.47	1	60	142	51.61	132	145.34	142.59	2026-06-03T12:45:02.179Z	DW_plates_11-14_0d.xlsx
0	TL23_TL29_TL34	TL23_TL29_TL34_A2	A2	C2	TL23_TL29_TL34	TL23	TL23	5	FALSE	6.97	1	54	143	51.01	133	156.07	142.84	2026-06-03T12:44:12.505Z	DW_plates_11-14_0d.xlsx
0	TL23_TL29_TL34	TL23_TL29_TL34_A3	A3	C2	TL23_TL29_TL34	TL29	TL29	1	FALSE	8.26	1	53	144	50.44	135	160.03	144.5	2026-06-03T12:44:05.138Z	DW_plates_11-14_0d.xlsx
0	TL23_TL29_TL34	TL23_TL29_TL34_A4	A4	C2	TL23_TL29_TL34	TL29	TL29	5	FALSE	7.56	1	60	143	52.33	133	147.43	142.99	2026-06-03T12:43:15.580Z	DW_plates_11-14_0d.xlsx
0	TL23_TL29_TL34	TL23_TL29_TL34_A5	A5	C2	TL23_TL29_TL34	TL34	TL34	1	FALSE	4.98	1	50	140	52.26	129	162.69	140.39	2026-06-03T12:43:08.174Z	DW_plates_11-14_0d.xlsx
0	TL23_TL29_TL34	TL23_TL29_TL34_A6	A6	C2	TL23_TL29_TL34	TL34	TL34	5	FALSE	6.41	2	36	129	51.92	115	179.98	129.28	2026-06-03T12:42:15.755Z	DW_plates_11-14_0d.xlsx
0	TL23_TL29_TL34	TL23_TL29_TL34_B1	B1	C2	TL23_TL29_TL34	TL23	TL23	2	FALSE	7.34	1	57	142	52.18	132	152.78	142.6	2026-06-03T12:44:55.079Z	DW_plates_11-14_0d.xlsx
0	TL23_TL29_TL34	TL23_TL29_TL34_B2	B2	C2	TL23_TL29_TL34	TL23	TL23	6	FALSE	7.25	1	64	145	51.95	136	142.75	145.41	2026-06-03T12:44:19.592Z	DW_plates_11-14_0d.xlsx
0	TL23_TL29_TL34	TL23_TL29_TL34_B3	B3	C2	TL23_TL29_TL34	TL29	TL29	2	FALSE	6.06	1	47	141	53.06	128	169.22	141.39	2026-06-03T12:43:58.119Z	DW_plates_11-14_0d.xlsx
0	TL23_TL29_TL34	TL23_TL29_TL34_B4	B4	C2	TL23_TL29_TL34	TL29	TL29	6	FALSE	6.66	2	52	135.5	54.45	120.5	157.56	135.58	2026-06-03T12:43:22.551Z	DW_plates_11-14_0d.xlsx
0	TL23_TL29_TL34	TL23_TL29_TL34_B5	B5	C2	TL23_TL29_TL34	TL34	TL34	2	FALSE	5.65	2	30	137	51.27	119.5	198.63	137.06	2026-06-03T12:43:00.786Z	DW_plates_11-14_0d.xlsx
0	TL23_TL29_TL34	TL23_TL29_TL34_B6	B6	C2	TL23_TL29_TL34	TL34	TL34	6	FALSE	8.29	1	60	145	51.31	136	146.35	144.64	2026-06-03T12:42:24.939Z	DW_plates_11-14_0d.xlsx
0	TL23_TL29_TL34	TL23_TL29_TL34_C1	C1	C2	TL23_TL29_TL34	TL23	TL23	3	FALSE	6.41	1	45	141	51.07	128	171.67	140.94	2026-06-03T12:44:47.729Z	DW_plates_11-14_0d.xlsx
0	TL23_TL29_TL34	TL23_TL29_TL34_C2	C2	C2	TL23_TL29_TL34	TL23	TL23	7	FALSE	4.47	2	33	136.5	52.05	120	193.29	136.84	2026-06-03T12:44:26.585Z	DW_plates_11-14_0d.xlsx
0	TL23_TL29_TL34	TL23_TL29_TL34_C3	C3	C2	TL23_TL29_TL34	TL29	TL29	3	FALSE	7.54	1	52	143	52.34	131	160.51	143.24	2026-06-03T12:43:51.055Z	DW_plates_11-14_0d.xlsx
0	TL23_TL29_TL34	TL23_TL29_TL34_C4	C4	C2	TL23_TL29_TL34	TL29	TL29	7	FALSE	4.53	1	57	143	52.51	131	153.31	143.41	2026-06-03T12:43:29.594Z	DW_plates_11-14_0d.xlsx
0	TL23_TL29_TL34	TL23_TL29_TL34_C5	C5	C2	TL23_TL29_TL34	TL34	TL34	3	FALSE	6.62	1	58	144	51.29	134	151.37	144.45	2026-06-03T12:42:53.805Z	DW_plates_11-14_0d.xlsx
0	TL23_TL29_TL34	TL23_TL29_TL34_C6	C6	C2	TL23_TL29_TL34	TL34	TL34	7	FALSE	6.94	1	58	143	51.19	134	150.43	143.34	2026-06-03T12:42:32.339Z	DW_plates_11-14_0d.xlsx
0	TL23_TL29_TL34	TL23_TL29_TL34_D1	D1	C2	TL23_TL29_TL34	TL23	TL23	4	FALSE	6.29	1	45	137	54.15	123	170.85	136.91	2026-06-03T12:44:40.691Z	DW_plates_11-14_0d.xlsx
0	TL23_TL29_TL34	TL23_TL29_TL34_D2	D2	C2	TL23_TL29_TL34	TL23	TL23	8	FALSE	7.39	1	56	141	52.21	131	153	141.47	2026-06-03T12:44:33.632Z	DW_plates_11-14_0d.xlsx
0	TL23_TL29_TL34	TL23_TL29_TL34_D3	D3	C2	TL23_TL29_TL34	TL29	TL29	4	FALSE	7.01	2	31	135	51.66	119	194.28	134.93	2026-06-03T12:43:43.687Z	DW_plates_11-14_0d.xlsx
0	TL23_TL29_TL34	TL23_TL29_TL34_D4	D4	C2	TL23_TL29_TL34	TL29	TL29	8	FALSE	7.08	2	36	131.5	52.35	116.5	182.72	131.33	2026-06-03T12:43:36.655Z	DW_plates_11-14_0d.xlsx
0	TL23_TL29_TL34	TL23_TL29_TL34_D5	D5	C2	TL23_TL29_TL34	TL34	TL34	4	FALSE	6.68	1	64	144	50.97	136	141.61	144.5	2026-06-03T12:42:46.699Z	DW_plates_11-14_0d.xlsx
0	TL23_TL29_TL34	TL23_TL29_TL34_D6	D6	C2	TL23_TL29_TL34	TL34	TL34	8	FALSE	8.23	1	49	140	51.73	129	165.68	140.61	2026-06-03T12:42:39.653Z	DW_plates_11-14_0d.xlsx
0	TL64_TL58_CONTROL	TL64_TL58_CONTROL_A1	A1	D2	TL64_TL58_CONTROL	TL64	TL64	1	FALSE	4.5	1	65	140	57.27	128	138.19	140.84	2026-06-03T12:47:56.452Z	DW_plates_11-14_0d.xlsx
0	TL64_TL58_CONTROL	TL64_TL58_CONTROL_A2	A2	D2	TL64_TL58_CONTROL	TL64	TL64	5	FALSE	4.69	1	53	141	53.67	129	157.13	141.73	2026-06-03T12:47:06.267Z	DW_plates_11-14_0d.xlsx
0	TL64_TL58_CONTROL	TL64_TL58_CONTROL_A3	A3	D2	TL64_TL58_CONTROL	TL58	TL58	1	FALSE	5.2	1	54	142	53.06	130	156.89	141.83	2026-06-03T12:46:58.851Z	DW_plates_11-14_0d.xlsx
0	TL64_TL58_CONTROL	TL64_TL58_CONTROL_A4	A4	D2	TL64_TL58_CONTROL	TL58	TL58	5	FALSE	3.95	1	44	136	54.97	123	170.31	136.36	2026-06-03T12:46:08.604Z	DW_plates_11-14_0d.xlsx
0	TL64_TL58_CONTROL	TL64_TL58_CONTROL_A5	A5	D2	TL64_TL58_CONTROL	CONTROL	CONTROL	1	TRUE	5.41	1	54	142	53.09	131	158.24	142.56	2026-06-03T12:46:01.258Z	DW_plates_11-14_0d.xlsx
0	TL64_TL58_CONTROL	TL64_TL58_CONTROL_A6	A6	D2	TL64_TL58_CONTROL	CONTROL	CONTROL	5	TRUE	4.65	1	41	139	52.87	125	176.71	138.78	2026-06-03T12:45:09.167Z	DW_plates_11-14_0d.xlsx
0	TL64_TL58_CONTROL	TL64_TL58_CONTROL_B1	B1	D2	TL64_TL58_CONTROL	TL64	TL64	2	FALSE	5.16	2	56	128.5	58.35	113	143.83	128.75	2026-06-03T12:47:49.431Z	DW_plates_11-14_0d.xlsx
0	TL64_TL58_CONTROL	TL64_TL58_CONTROL_B2	B2	D2	TL64_TL58_CONTROL	TL64	TL64	6	FALSE	5.56	2	47	118.5	67.83	100.5	163.06	119.92	2026-06-03T12:47:13.558Z	DW_plates_11-14_0d.xlsx
0	TL64_TL58_CONTROL	TL64_TL58_CONTROL_B3	B3	D2	TL64_TL58_CONTROL	TL58	TL58	2	FALSE	5.26	1	50	141	53.7	127	162.95	140.94	2026-06-03T12:46:51.514Z	DW_plates_11-14_0d.xlsx
0	TL64_TL58_CONTROL	TL64_TL58_CONTROL_B4	B4	D2	TL64_TL58_CONTROL	TL58	TL58	6	FALSE	4.71	1	54	139	54.88	127	155.38	139.75	2026-06-03T12:46:15.649Z	DW_plates_11-14_0d.xlsx
0	TL64_TL58_CONTROL	TL64_TL58_CONTROL_B5	B5	D2	TL64_TL58_CONTROL	CONTROL	CONTROL	2	TRUE	4.69	1	47	140	53.12	128	169.91	140.66	2026-06-03T12:45:54.202Z	DW_plates_11-14_0d.xlsx
0	TL64_TL58_CONTROL	TL64_TL58_CONTROL_B6	B6	D2	TL64_TL58_CONTROL	CONTROL	CONTROL	6	TRUE	4.95	1	42	137	52.83	123	174.25	136.83	2026-06-03T12:45:18.415Z	DW_plates_11-14_0d.xlsx
0	TL64_TL58_CONTROL	TL64_TL58_CONTROL_C1	C1	D2	TL64_TL58_CONTROL	TL64	TL64	3	FALSE	5.36	1	59	142	53.5	129	149.05	142.37	2026-06-03T12:47:42.115Z	DW_plates_11-14_0d.xlsx
0	TL64_TL58_CONTROL	TL64_TL58_CONTROL_C2	C2	D2	TL64_TL58_CONTROL	TL64	TL64	7	FALSE	5.19	2	37	130	54.5	112	179.79	129.92	2026-06-03T12:47:20.664Z	DW_plates_11-14_0d.xlsx
0	TL64_TL58_CONTROL	TL64_TL58_CONTROL_C3	C3	D2	TL64_TL58_CONTROL	TL58	TL58	3	FALSE	4.68	2	40.5	126	60.12	108	173.75	126.38	2026-06-03T12:46:44.172Z	DW_plates_11-14_0d.xlsx
0	TL64_TL58_CONTROL	TL64_TL58_CONTROL_C4	C4	D2	TL64_TL58_CONTROL	TL58	TL58	7	FALSE	5.21	2	33.5	133	52.81	116	191.71	133.22	2026-06-03T12:46:22.758Z	DW_plates_11-14_0d.xlsx
0	TL64_TL58_CONTROL	TL64_TL58_CONTROL_C5	C5	D2	TL64_TL58_CONTROL	CONTROL	CONTROL	3	TRUE	4.89	1	46	141	52.99	127	170.92	141.09	2026-06-03T12:45:46.877Z	DW_plates_11-14_0d.xlsx
0	TL64_TL58_CONTROL	TL64_TL58_CONTROL_C6	C6	D2	TL64_TL58_CONTROL	CONTROL	CONTROL	7	TRUE	3.95	1	47	139	53.03	126	166.41	138.96	2026-06-03T12:45:25.410Z	DW_plates_11-14_0d.xlsx
0	TL64_TL58_CONTROL	TL64_TL58_CONTROL_D1	D1	D2	TL64_TL58_CONTROL	TL64	TL64	4	FALSE	5.32	2	34.5	132.5	51.56	118	188.64	133.01	2026-06-03T12:47:35.004Z	DW_plates_11-14_0d.xlsx
0	TL64_TL58_CONTROL	TL64_TL58_CONTROL_D2	D2	D2	TL64_TL58_CONTROL	TL64	TL64	8	FALSE	4.5	1	44	138	54.07	124	173.52	138.22	2026-06-03T12:47:27.658Z	DW_plates_11-14_0d.xlsx
0	TL64_TL58_CONTROL	TL64_TL58_CONTROL_D3	D3	D2	TL64_TL58_CONTROL	TL58	TL58	4	FALSE	5.42	1	55	141	53.23	129	154.01	140.89	2026-06-03T12:46:37.103Z	DW_plates_11-14_0d.xlsx
0	TL64_TL58_CONTROL	TL64_TL58_CONTROL_D4	D4	D2	TL64_TL58_CONTROL	TL58	TL58	8	FALSE	5.29	1	47	140	52.69	127	167.9	139.75	2026-06-03T12:46:29.755Z	DW_plates_11-14_0d.xlsx
0	TL64_TL58_CONTROL	TL64_TL58_CONTROL_D5	D5	D2	TL64_TL58_CONTROL	CONTROL	CONTROL	4	TRUE	4.49	1	39	134	54.77	121	178.84	134.63	2026-06-03T12:45:39.822Z	DW_plates_11-14_0d.xlsx
0	TL64_TL58_CONTROL	TL64_TL58_CONTROL_D6	D6	D2	TL64_TL58_CONTROL	CONTROL	CONTROL	8	TRUE	4.81	1	39	137	52.63	124	178.14	136.98	2026-06-03T12:45:32.447Z	DW_plates_11-14_0d.xlsx
4	TL01_TL02_TL03	TL01_TL02_TL03_A1	A1	A2	TL01_TL02_TL03	TL01	TL01	1	FALSE	7.95	3	51.33	138.67	45.93	137.33	159.62	139.96	2026-06-08T11:56:55.900Z	DW_plates_11-15_4d.xlsx
4	TL01_TL02_TL03	TL01_TL02_TL03_A2	A2	A2	TL01_TL02_TL03	TL01	TL01	5	FALSE	7.2	2	69.5	140	48.52	140.5	133.08	143.53	2026-06-08T11:56:06.556Z	DW_plates_11-15_4d.xlsx
4	TL01_TL02_TL03	TL01_TL02_TL03_A3	A3	A2	TL01_TL02_TL03	TL02	TL02	1	FALSE	12.19	4	49	138	45.89	135.25	163.95	138.72	2026-06-08T11:55:59.252Z	DW_plates_11-15_4d.xlsx
4	TL01_TL02_TL03	TL01_TL02_TL03_A4	A4	A2	TL01_TL02_TL03	TL02	TL02	5	FALSE	6.86	2	59	139	45.45	139.5	149.19	141.74	2026-06-08T11:55:09.369Z	DW_plates_11-15_4d.xlsx
4	TL01_TL02_TL03	TL01_TL02_TL03_A5	A5	A2	TL01_TL02_TL03	TL03	TL03	1	FALSE	9.48	4	45.75	134.5	47.54	132.25	167.81	135.58	2026-06-08T11:55:02.219Z	DW_plates_11-15_4d.xlsx
4	TL01_TL02_TL03	TL01_TL02_TL03_A6	A6	A2	TL01_TL02_TL03	TL03	TL03	5	FALSE	10.24	2	81.5	143	41.43	147	118.79	148.41	2026-06-08T11:54:10.974Z	DW_plates_11-15_4d.xlsx
4	TL01_TL02_TL03	TL01_TL02_TL03_B1	B1	A2	TL01_TL02_TL03	TL01	TL01	2	FALSE	8.12	3	65.67	132.67	53.52	129.67	129.71	134.67	2026-06-08T11:56:48.847Z	DW_plates_11-15_4d.xlsx
4	TL01_TL02_TL03	TL01_TL02_TL03_B2	B2	A2	TL01_TL02_TL03	TL01	TL01	6	FALSE	9.99	4	63.25	124.75	65.51	118.75	132.67	127.07	2026-06-08T11:56:13.611Z	DW_plates_11-15_4d.xlsx
4	TL01_TL02_TL03	TL01_TL02_TL03_B3	B3	A2	TL01_TL02_TL03	TL02	TL02	2	FALSE	9.09	2	57	143	44.52	143	157.21	145.87	2026-06-08T11:55:51.882Z	DW_plates_11-15_4d.xlsx
4	TL01_TL02_TL03	TL01_TL02_TL03_B4	B4	A2	TL01_TL02_TL03	TL02	TL02	6	FALSE	11.3	4	47.75	136.5	47.44	132.5	164.84	136.84	2026-06-08T11:55:16.317Z	DW_plates_11-15_4d.xlsx
4	TL01_TL02_TL03	TL01_TL02_TL03_B5	B5	A2	TL01_TL02_TL03	TL03	TL03	2	FALSE	9.25	4	47.25	134	48.32	132.25	165.3	135.32	2026-06-08T11:54:54.984Z	DW_plates_11-15_4d.xlsx
4	TL01_TL02_TL03	TL01_TL02_TL03_B6	B6	A2	TL01_TL02_TL03	TL03	TL03	6	FALSE	17.25	5	54.4	134.4	45.85	134.2	150.8	136.24	2026-06-08T11:54:19.421Z	DW_plates_11-15_4d.xlsx
4	TL01_TL02_TL03	TL01_TL02_TL03_C1	C1	A2	TL01_TL02_TL03	TL01	TL01	3	FALSE	6.74	3	48	138	47.74	134.67	165.62	138.75	2026-06-08T11:56:41.796Z	DW_plates_11-15_4d.xlsx
4	TL01_TL02_TL03	TL01_TL02_TL03_C2	C2	A2	TL01_TL02_TL03	TL01	TL01	7	FALSE	9.19	4	49	139.5	45.77	136.75	165.63	140.08	2026-06-08T11:56:20.685Z	DW_plates_11-15_4d.xlsx
4	TL01_TL02_TL03	TL01_TL02_TL03_C3	C3	A2	TL01_TL02_TL03	TL02	TL02	3	FALSE	7.9	3	46	133.67	48.25	128	165.45	133.54	2026-06-08T11:55:44.808Z	DW_plates_11-15_4d.xlsx
4	TL01_TL02_TL03	TL01_TL02_TL03_C4	C4	A2	TL01_TL02_TL03	TL02	TL02	7	FALSE	10.9	4	53.5	140.5	46.4	137.25	157.65	140.91	2026-06-08T11:55:23.364Z	DW_plates_11-15_4d.xlsx
4	TL01_TL02_TL03	TL01_TL02_TL03_C5	C5	A2	TL01_TL02_TL03	TL03	TL03	3	FALSE	7.24	4	52	135.75	49.67	131.25	158.11	136.3	2026-06-08T11:54:47.871Z	DW_plates_11-15_4d.xlsx
4	TL01_TL02_TL03	TL01_TL02_TL03_C6	C6	A2	TL01_TL02_TL03	TL03	TL03	7	FALSE	9.39	4	58.25	142.75	44.46	142.75	150	144.17	2026-06-08T11:54:26.416Z	DW_plates_11-15_4d.xlsx
4	TL01_TL02_TL03	TL01_TL02_TL03_D1	D1	A2	TL01_TL02_TL03	TL01	TL01	4	FALSE	7.83	4	58.75	136.5	49.49	133	144.72	137.22	2026-06-08T11:56:34.821Z	DW_plates_11-15_4d.xlsx
4	TL01_TL02_TL03	TL01_TL02_TL03_D2	D2	A2	TL01_TL02_TL03	TL01	TL01	8	FALSE	7.98	2	61.5	139.5	48.64	138.5	146.04	142.04	2026-06-08T11:56:27.692Z	DW_plates_11-15_4d.xlsx
4	TL01_TL02_TL03	TL01_TL02_TL03_D3	D3	A2	TL01_TL02_TL03	TL02	TL02	4	FALSE	9.88	3	75.33	140.33	46.56	139.67	121.2	142.79	2026-06-08T11:55:37.459Z	DW_plates_11-15_4d.xlsx
4	TL01_TL02_TL03	TL01_TL02_TL03_D4	D4	A2	TL01_TL02_TL03	TL02	TL02	8	FALSE	11.48	3	82.33	148	43.42	149	120.05	151.18	2026-06-08T11:55:30.424Z	DW_plates_11-15_4d.xlsx
4	TL01_TL02_TL03	TL01_TL02_TL03_D5	D5	A2	TL01_TL02_TL03	TL03	TL03	4	FALSE	10.18	4	55	136	48.33	133.75	152.69	137.04	2026-06-08T11:54:40.778Z	DW_plates_11-15_4d.xlsx
4	TL01_TL02_TL03	TL01_TL02_TL03_D6	D6	A2	TL01_TL02_TL03	TL03	TL03	8	FALSE	11.3	3	40.67	139.33	47.37	136.67	183.3	140.79	2026-06-08T11:54:33.485Z	DW_plates_11-15_4d.xlsx
4	TL05_TL06_TL09	TL05_TL06_TL09_A1	A1	B2	TL05_TL06_TL09	TL05	TL05	1	FALSE	14	4	62	145	46.25	140.5	148.04	146.49	2026-06-08T11:59:50.498Z	DW_plates_11-15_4d.xlsx
4	TL05_TL06_TL09	TL05_TL06_TL09_A2	A2	B2	TL05_TL06_TL09	TL05	TL05	5	FALSE	14.36	4	60	142.25	49.01	136.75	145.83	142.65	2026-06-08T11:59:00.582Z	DW_plates_11-15_4d.xlsx
4	TL05_TL06_TL09	TL05_TL06_TL09_A3	A3	B2	TL05_TL06_TL09	TL06	TL06	1	FALSE	12.89	4	49	141.25	47.77	134.75	167.38	142.2	2026-06-08T11:58:53.235Z	DW_plates_11-15_4d.xlsx
4	TL05_TL06_TL09	TL05_TL06_TL09_A4	A4	B2	TL05_TL06_TL09	TL06	TL06	5	FALSE	8.14	3	64	143.67	47.34	138.67	145.11	144.88	2026-06-08T11:58:02.675Z	DW_plates_11-15_4d.xlsx
4	TL05_TL06_TL09	TL05_TL06_TL09_A5	A5	B2	TL05_TL06_TL09	TL09	TL09	1	FALSE	9.38	3	55.67	143.67	46.26	140.33	157.88	145.07	2026-06-08T11:57:55.457Z	DW_plates_11-15_4d.xlsx
4	TL05_TL06_TL09	TL05_TL06_TL09_A6	A6	B2	TL05_TL06_TL09	TL09	TL09	5	FALSE	10.57	4	44	135.75	47.46	130.25	171.98	136.5	2026-06-08T11:57:03.246Z	DW_plates_11-15_4d.xlsx
4	TL05_TL06_TL09	TL05_TL06_TL09_B1	B1	B2	TL05_TL06_TL09	TL05	TL05	2	FALSE	11.7	2	60.5	146.5	46.32	142	149.35	147.08	2026-06-08T11:59:43.146Z	DW_plates_11-15_4d.xlsx
4	TL05_TL06_TL09	TL05_TL06_TL09_B2	B2	B2	TL05_TL06_TL09	TL05	TL05	6	FALSE	15.58	4	31.75	135	49	124.25	195.15	135.01	2026-06-08T11:59:07.641Z	DW_plates_11-15_4d.xlsx
4	TL05_TL06_TL09	TL05_TL06_TL09_B3	B3	B2	TL05_TL06_TL09	TL06	TL06	2	FALSE	8.99	4	48.75	137.75	49.8	130	165.33	138.23	2026-06-08T11:58:46.180Z	DW_plates_11-15_4d.xlsx
4	TL05_TL06_TL09	TL05_TL06_TL09_B4	B4	B2	TL05_TL06_TL09	TL06	TL06	6	FALSE	13.09	4	43	138.75	49.87	130.25	176.41	138.78	2026-06-08T11:58:09.715Z	DW_plates_11-15_4d.xlsx
4	TL05_TL06_TL09	TL05_TL06_TL09_B5	B5	B2	TL05_TL06_TL09	TL09	TL09	2	FALSE	12.38	4	48.5	141.25	46.4	136.5	170.49	141.83	2026-06-08T11:57:48.042Z	DW_plates_11-15_4d.xlsx
4	TL05_TL06_TL09	TL05_TL06_TL09_B6	B6	B2	TL05_TL06_TL09	TL09	TL09	6	FALSE	13.81	4	45.5	133.75	49.99	126.75	168.54	134.04	2026-06-08T11:57:12.485Z	DW_plates_11-15_4d.xlsx
4	TL05_TL06_TL09	TL05_TL06_TL09_C1	C1	B2	TL05_TL06_TL09	TL05	TL05	3	FALSE	14.07	4	39.5	140.25	48.72	131.25	183.07	140.24	2026-06-08T11:59:36.121Z	DW_plates_11-15_4d.xlsx
4	TL05_TL06_TL09	TL05_TL06_TL09_C2	C2	B2	TL05_TL06_TL09	TL05	TL05	7	FALSE	15.6	4	43	140.75	48.85	131.75	177.5	141.01	2026-06-08T11:59:14.687Z	DW_plates_11-15_4d.xlsx
4	TL05_TL06_TL09	TL05_TL06_TL09_C3	C3	B2	TL05_TL06_TL09	TL06	TL06	3	FALSE	10.09	4	50.25	138.25	49.59	130.5	164.3	139.05	2026-06-08T11:58:38.875Z	DW_plates_11-15_4d.xlsx
4	TL05_TL06_TL09	TL05_TL06_TL09_C4	C4	B2	TL05_TL06_TL09	TL06	TL06	7	FALSE	12.82	5	39	134.8	48.37	125.4	181.61	134.92	2026-06-08T11:58:16.852Z	DW_plates_11-15_4d.xlsx
4	TL05_TL06_TL09	TL05_TL06_TL09_C5	C5	B2	TL05_TL06_TL09	TL09	TL09	3	FALSE	7.56	2	66.5	145.5	46.93	145	142.4	147.88	2026-06-08T11:57:40.613Z	DW_plates_11-15_4d.xlsx
4	TL05_TL06_TL09	TL05_TL06_TL09_C6	C6	B2	TL05_TL06_TL09	TL09	TL09	7	FALSE	11.27	4	42.25	136.25	48.33	130	175.45	136.86	2026-06-08T11:57:19.507Z	DW_plates_11-15_4d.xlsx
4	TL05_TL06_TL09	TL05_TL06_TL09_D1	D1	B2	TL05_TL06_TL09	TL05	TL05	4	FALSE	16.53	4	51	142.75	47.11	136	165.12	143.67	2026-06-08T11:59:29.057Z	DW_plates_11-15_4d.xlsx
4	TL05_TL06_TL09	TL05_TL06_TL09_D2	D2	B2	TL05_TL06_TL09	TL05	TL05	8	FALSE	14.11	4	45.75	138.75	49.02	130	171.72	139.16	2026-06-08T11:59:22.088Z	DW_plates_11-15_4d.xlsx
4	TL05_TL06_TL09	TL05_TL06_TL09_D3	D3	B2	TL05_TL06_TL09	TL06	TL06	4	FALSE	11.11	4	70.5	138.5	49.77	130.75	125.26	138.62	2026-06-08T11:58:31.501Z	DW_plates_11-15_4d.xlsx
4	TL05_TL06_TL09	TL05_TL06_TL09_D4	D4	B2	TL05_TL06_TL09	TL06	TL06	8	FALSE	16.68	5	42	132	50.96	123.2	175.45	132.95	2026-06-08T11:58:24.134Z	DW_plates_11-15_4d.xlsx
4	TL05_TL06_TL09	TL05_TL06_TL09_D5	D5	B2	TL05_TL06_TL09	TL09	TL09	4	FALSE	9.83	2	39.5	136.5	46.9	135	183.85	139.18	2026-06-08T11:57:33.591Z	DW_plates_11-15_4d.xlsx
4	TL05_TL06_TL09	TL05_TL06_TL09_D6	D6	B2	TL05_TL06_TL09	TL09	TL09	8	FALSE	9.01	2	53.5	144	44.75	144	163.86	146.3	2026-06-08T11:57:26.524Z	DW_plates_11-15_4d.xlsx
4	TL23_TL29_TL34	TL23_TL29_TL34_A1	A1	C2	TL23_TL29_TL34	TL23	TL23	1	FALSE	13.81	4	41.5	134.75	49.12	124	177.58	135.39	2026-06-08T12:02:45.106Z	DW_plates_11-15_4d.xlsx
4	TL23_TL29_TL34	TL23_TL29_TL34_A2	A2	C2	TL23_TL29_TL34	TL23	TL23	5	FALSE	10.21	3	44.67	135.33	50.11	126.33	171.88	136.42	2026-06-08T12:01:54.540Z	DW_plates_11-15_4d.xlsx
4	TL23_TL29_TL34	TL23_TL29_TL34_A3	A3	C2	TL23_TL29_TL34	TL29	TL29	1	FALSE	17.81	5	36.2	134.2	49.76	122.2	187.31	134.56	2026-06-08T12:01:47.227Z	DW_plates_11-15_4d.xlsx
4	TL23_TL29_TL34	TL23_TL29_TL34_A4	A4	C2	TL23_TL29_TL34	TL29	TL29	5	FALSE	12.9	4	46.5	133	50.96	123	167.96	133.76	2026-06-08T12:00:56.422Z	DW_plates_11-15_4d.xlsx
4	TL23_TL29_TL34	TL23_TL29_TL34_A5	A5	C2	TL23_TL29_TL34	TL34	TL34	1	FALSE	11.64	4	42.5	136.25	50.18	125.75	175.97	136.54	2026-06-08T12:00:49.317Z	DW_plates_11-15_4d.xlsx
4	TL23_TL29_TL34	TL23_TL29_TL34_A6	A6	C2	TL23_TL29_TL34	TL34	TL34	5	FALSE	13.66	4	38.25	134.25	50.07	123.75	182.84	134.72	2026-06-08T11:59:57.607Z	DW_plates_11-15_4d.xlsx
4	TL23_TL29_TL34	TL23_TL29_TL34_B1	B1	C2	TL23_TL29_TL34	TL23	TL23	2	FALSE	12.9	4	42	136	49.18	125.5	176.98	136.16	2026-06-08T12:02:38.016Z	DW_plates_11-15_4d.xlsx
4	TL23_TL29_TL34	TL23_TL29_TL34_B2	B2	C2	TL23_TL29_TL34	TL23	TL23	6	FALSE	10.07	4	53.75	138	49.56	129	157.11	138.71	2026-06-08T12:02:01.624Z	DW_plates_11-15_4d.xlsx
4	TL23_TL29_TL34	TL23_TL29_TL34_B3	B3	C2	TL23_TL29_TL34	TL29	TL29	2	FALSE	10.58	4	40.5	135.25	49.54	124.25	178.12	135.25	2026-06-08T12:01:39.818Z	DW_plates_11-15_4d.xlsx
4	TL23_TL29_TL34	TL23_TL29_TL34_B4	B4	C2	TL23_TL29_TL34	TL29	TL29	6	FALSE	15.89	5	38.4	132.8	51.91	121	182.7	133.26	2026-06-08T12:01:03.397Z	DW_plates_11-15_4d.xlsx
4	TL23_TL29_TL34	TL23_TL29_TL34_B5	B5	C2	TL23_TL29_TL34	TL34	TL34	2	FALSE	17.1	5	36	129.6	55.02	116.6	184.41	129.83	2026-06-08T12:00:42.305Z	DW_plates_11-15_4d.xlsx
4	TL23_TL29_TL34	TL23_TL29_TL34_B6	B6	C2	TL23_TL29_TL34	TL34	TL34	6	FALSE	16.54	5	52.6	139.8	47.94	132.2	160.41	140.49	2026-06-08T12:00:06.768Z	DW_plates_11-15_4d.xlsx
4	TL23_TL29_TL34	TL23_TL29_TL34_C1	C1	C2	TL23_TL29_TL34	TL23	TL23	3	FALSE	17.07	5	43.2	138.6	49.47	127.4	175.08	138.43	2026-06-08T12:02:30.947Z	DW_plates_11-15_4d.xlsx
4	TL23_TL29_TL34	TL23_TL29_TL34_C2	C2	C2	TL23_TL29_TL34	TL23	TL23	7	FALSE	12.34	4	39.5	135.25	51.33	123.25	179.86	135.35	2026-06-08T12:02:09.241Z	DW_plates_11-15_4d.xlsx
4	TL23_TL29_TL34	TL23_TL29_TL34_C3	C3	C2	TL23_TL29_TL34	TL29	TL29	3	FALSE	11.24	3	49.67	134.67	52.29	125.67	161.05	134.93	2026-06-08T12:01:32.805Z	DW_plates_11-15_4d.xlsx
4	TL23_TL29_TL34	TL23_TL29_TL34_C4	C4	C2	TL23_TL29_TL34	TL29	TL29	7	FALSE	6.5	2	51.5	140	48.66	132.5	162.33	140.75	2026-06-08T12:01:10.749Z	DW_plates_11-15_4d.xlsx
4	TL23_TL29_TL34	TL23_TL29_TL34_C5	C5	C2	TL23_TL29_TL34	TL34	TL34	3	FALSE	9.55	4	59	134.5	53.48	126.25	144.82	135.3	2026-06-08T12:00:35.246Z	DW_plates_11-15_4d.xlsx
4	TL23_TL29_TL34	TL23_TL29_TL34_C6	C6	C2	TL23_TL29_TL34	TL34	TL34	7	FALSE	14.64	5	41.6	135.8	49.23	126	178.72	136.56	2026-06-08T12:00:13.816Z	DW_plates_11-15_4d.xlsx
4	TL23_TL29_TL34	TL23_TL29_TL34_D1	D1	C2	TL23_TL29_TL34	TL23	TL23	4	FALSE	17.4	5	38.4	137.6	49.21	126	183.87	137.68	2026-06-08T12:02:23.927Z	DW_plates_11-15_4d.xlsx
4	TL23_TL29_TL34	TL23_TL29_TL34_D2	D2	C2	TL23_TL29_TL34	TL23	TL23	8	FALSE	14.8	4	47	135	50.87	125.75	167.61	136.17	2026-06-08T12:02:16.572Z	DW_plates_11-15_4d.xlsx
4	TL23_TL29_TL34	TL23_TL29_TL34_D3	D3	C2	TL23_TL29_TL34	TL29	TL29	4	FALSE	14.48	4	32.25	133.75	49.88	122	193.59	133.99	2026-06-08T12:01:25.447Z	DW_plates_11-15_4d.xlsx
4	TL23_TL29_TL34	TL23_TL29_TL34_D4	D4	C2	TL23_TL29_TL34	TL29	TL29	8	FALSE	14.92	5	35	133.4	48.83	122.2	188.61	133.77	2026-06-08T12:01:18.106Z	DW_plates_11-15_4d.xlsx
4	TL23_TL29_TL34	TL23_TL29_TL34_D5	D5	C2	TL23_TL29_TL34	TL34	TL34	4	FALSE	11.88	3	47	137.67	47.46	130.33	172.93	139.33	2026-06-08T12:00:27.857Z	DW_plates_11-15_4d.xlsx
4	TL23_TL29_TL34	TL23_TL29_TL34_D6	D6	C2	TL23_TL29_TL34	TL34	TL34	8	FALSE	17.96	5	37.2	134	49.39	124.2	185.15	134.8	2026-06-08T12:00:20.810Z	DW_plates_11-15_4d.xlsx
4	TL64_TL58_CONTROL	TL64_TL58_CONTROL_A1	A1	D2	TL64_TL58_CONTROL	TL64	TL64	1	FALSE	10.28	4	46.75	141.75	48.09	133.75	173.11	142.35	2026-06-08T12:05:38.122Z	DW_plates_11-15_4d.xlsx
4	TL64_TL58_CONTROL	TL64_TL58_CONTROL_A2	A2	D2	TL64_TL58_CONTROL	TL64	TL64	5	FALSE	13.82	5	51.2	142.8	49.69	135.2	162.86	143.45	2026-06-08T12:04:48.123Z	DW_plates_11-15_4d.xlsx
4	TL64_TL58_CONTROL	TL64_TL58_CONTROL_A3	A3	D2	TL64_TL58_CONTROL	TL58	TL58	1	FALSE	18.02	5	43.2	145.4	46.48	138.6	180.06	145.93	2026-06-08T12:04:41.089Z	DW_plates_11-15_4d.xlsx
4	TL64_TL58_CONTROL	TL64_TL58_CONTROL_A4	A4	D2	TL64_TL58_CONTROL	TL58	TL58	5	FALSE	12.91	4	40.5	143.75	47.91	136	183.33	144.14	2026-06-08T12:03:51.527Z	DW_plates_11-15_4d.xlsx
4	TL64_TL58_CONTROL	TL64_TL58_CONTROL_A5	A5	D2	TL64_TL58_CONTROL	CONTROL	CONTROL	1	TRUE	16.18	5	49.6	142.6	52.38	133.6	169.34	143.43	2026-06-08T12:03:44.434Z	DW_plates_11-15_4d.xlsx
4	TL64_TL58_CONTROL	TL64_TL58_CONTROL_A6	A6	D2	TL64_TL58_CONTROL	CONTROL	CONTROL	5	TRUE	7.77	3	46	142	49.29	137.33	172.21	143.33	2026-06-08T12:02:52.374Z	DW_plates_11-15_4d.xlsx
4	TL64_TL58_CONTROL	TL64_TL58_CONTROL_B1	B1	D2	TL64_TL58_CONTROL	TL64	TL64	2	FALSE	20.36	6	51.5	142.83	49.5	134.33	164.42	143.26	2026-06-08T12:05:30.994Z	DW_plates_11-15_4d.xlsx
4	TL64_TL58_CONTROL	TL64_TL58_CONTROL_B2	B2	D2	TL64_TL58_CONTROL	TL64	TL64	6	FALSE	21.96	6	51	145	48.4	137	167.23	145.45	2026-06-08T12:04:55.559Z	DW_plates_11-15_4d.xlsx
4	TL64_TL58_CONTROL	TL64_TL58_CONTROL_B3	B3	D2	TL64_TL58_CONTROL	TL58	TL58	2	FALSE	22.05	6	48.5	147.17	47.78	139.33	172.74	147.48	2026-06-08T12:04:34.097Z	DW_plates_11-15_4d.xlsx
4	TL64_TL58_CONTROL	TL64_TL58_CONTROL_B4	B4	D2	TL64_TL58_CONTROL	TL58	TL58	6	FALSE	15.09	5	49.4	141	51.04	132.6	165.51	141.36	2026-06-08T12:03:58.520Z	DW_plates_11-15_4d.xlsx
4	TL64_TL58_CONTROL	TL64_TL58_CONTROL_B5	B5	D2	TL64_TL58_CONTROL	CONTROL	CONTROL	2	TRUE	18.02	5	43.8	143.6	48.5	134.2	178.97	143.95	2026-06-08T12:03:37.437Z	DW_plates_11-15_4d.xlsx
4	TL64_TL58_CONTROL	TL64_TL58_CONTROL_B6	B6	D2	TL64_TL58_CONTROL	CONTROL	CONTROL	6	TRUE	7.8	3	56.67	140.33	49.87	134.33	153.72	141.56	2026-06-08T12:03:01.571Z	DW_plates_11-15_4d.xlsx
4	TL64_TL58_CONTROL	TL64_TL58_CONTROL_C1	C1	D2	TL64_TL58_CONTROL	TL64	TL64	3	FALSE	19.04	6	53.5	139.83	50.53	131	160.2	140.32	2026-06-08T12:05:23.966Z	DW_plates_11-15_4d.xlsx
4	TL64_TL58_CONTROL	TL64_TL58_CONTROL_C2	C2	D2	TL64_TL58_CONTROL	TL64	TL64	7	FALSE	22.57	6	47.67	141.17	49.6	132.33	171.08	141.63	2026-06-08T12:05:02.519Z	DW_plates_11-15_4d.xlsx
4	TL64_TL58_CONTROL	TL64_TL58_CONTROL_C3	C3	D2	TL64_TL58_CONTROL	TL58	TL58	3	FALSE	22.41	6	49	145.17	48.39	137	170.03	145.49	2026-06-08T12:04:27.000Z	DW_plates_11-15_4d.xlsx
4	TL64_TL58_CONTROL	TL64_TL58_CONTROL_C4	C4	D2	TL64_TL58_CONTROL	TL58	TL58	7	FALSE	23.44	6	47	143.83	48.04	135.83	172.69	144.04	2026-06-08T12:04:05.880Z	DW_plates_11-15_4d.xlsx
4	TL64_TL58_CONTROL	TL64_TL58_CONTROL_C5	C5	D2	TL64_TL58_CONTROL	CONTROL	CONTROL	3	TRUE	19.78	5	42.4	143.2	49.45	133.6	180.5	143.26	2026-06-08T12:03:30.368Z	DW_plates_11-15_4d.xlsx
4	TL64_TL58_CONTROL	TL64_TL58_CONTROL_C6	C6	D2	TL64_TL58_CONTROL	CONTROL	CONTROL	7	TRUE	7.92	3	37.33	141.67	47.43	134	187.46	142.01	2026-06-08T12:03:08.994Z	DW_plates_11-15_4d.xlsx
4	TL64_TL58_CONTROL	TL64_TL58_CONTROL_D1	D1	D2	TL64_TL58_CONTROL	TL64	TL64	4	FALSE	16.67	5	42.4	139.6	48.65	130.8	180.37	140.23	2026-06-08T12:05:16.966Z	DW_plates_11-15_4d.xlsx
4	TL64_TL58_CONTROL	TL64_TL58_CONTROL_D2	D2	D2	TL64_TL58_CONTROL	TL64	TL64	8	FALSE	7.91	3	37	139	47.27	132.33	185.63	139.32	2026-06-08T12:05:09.872Z	DW_plates_11-15_4d.xlsx
4	TL64_TL58_CONTROL	TL64_TL58_CONTROL_D3	D3	D2	TL64_TL58_CONTROL	TL58	TL58	4	FALSE	17.1	5	45.4	143.2	47.77	135.4	175.17	143.68	2026-06-08T12:04:19.960Z	DW_plates_11-15_4d.xlsx
4	TL64_TL58_CONTROL	TL64_TL58_CONTROL_D4	D4	D2	TL64_TL58_CONTROL	TL58	TL58	8	FALSE	22.46	6	53.5	145.5	48.24	137.67	162.21	145.99	2026-06-08T12:04:12.975Z	DW_plates_11-15_4d.xlsx
4	TL64_TL58_CONTROL	TL64_TL58_CONTROL_D5	D5	D2	TL64_TL58_CONTROL	CONTROL	CONTROL	4	TRUE	9.57	4	46.25	141.5	49.87	133.75	172.37	142.02	2026-06-08T12:03:23.314Z	DW_plates_11-15_4d.xlsx
4	TL64_TL58_CONTROL	TL64_TL58_CONTROL_D6	D6	D2	TL64_TL58_CONTROL	CONTROL	CONTROL	8	TRUE	7.48	3	45.33	142.33	46.35	137.33	174.78	143.3	2026-06-08T12:03:16.266Z	DW_plates_11-15_4d.xlsx
4	SJ08_CONTROL	SJ08_CONTROL_A1	A1	E2	SJ08_CONTROL	SJ08	SJ08	1	FALSE	11.48	3	53	142	50.52	134.33	160.95	142.91	2026-06-08T12:08:32.007Z	DW_plates_11-15_4d.xlsx
4	SJ08_CONTROL	SJ08_CONTROL_A2	A2	E2	SJ08_CONTROL	SJ08	SJ08	5	FALSE	10.02	3	63.33	142.33	48.05	135	142.23	142.83	2026-06-08T12:07:41.735Z	DW_plates_11-15_4d.xlsx
4	SJ08_CONTROL	SJ08_CONTROL_A3	A3	E2	SJ08_CONTROL	CONTROL	CONTROL	1	TRUE	10.99	4	50	135	52.32	121.5	159.19	135.21	2026-06-08T12:07:34.712Z	DW_plates_11-15_4d.xlsx
4	SJ08_CONTROL	SJ08_CONTROL_A4	A4	E2	SJ08_CONTROL	CONTROL	CONTROL	5	TRUE	14.22	5	45.6	133	53.64	119.4	167.55	133.33	2026-06-08T12:06:44.489Z	DW_plates_11-15_4d.xlsx
4	SJ08_CONTROL	SJ08_CONTROL_A5	A5	E2	SJ08_CONTROL	CONTROL	CONTROL	1	TRUE	7.55	2	79	142	51.31	138.5	114.97	143.29	2026-06-08T12:06:37.525Z	DW_plates_11-15_4d.xlsx
4	SJ08_CONTROL	SJ08_CONTROL_A6	A6	E2	SJ08_CONTROL	CONTROL	CONTROL	5	TRUE	11.33	3	37	130.67	52.22	116.67	183.7	130.46	2026-06-08T12:05:45.093Z	DW_plates_11-15_4d.xlsx
4	SJ08_CONTROL	SJ08_CONTROL_B1	B1	E2	SJ08_CONTROL	SJ08	SJ08	2	FALSE	10.84	4	40	133.75	51.18	121.75	177.35	133.95	2026-06-08T12:08:24.653Z	DW_plates_11-15_4d.xlsx
4	SJ08_CONTROL	SJ08_CONTROL_B2	B2	E2	SJ08_CONTROL	SJ08	SJ08	6	FALSE	11.09	4	38.25	133.25	51.51	121	181.94	133.36	2026-06-08T12:07:48.782Z	DW_plates_11-15_4d.xlsx
4	SJ08_CONTROL	SJ08_CONTROL_B3	B3	E2	SJ08_CONTROL	CONTROL	CONTROL	2	TRUE	13.97	5	52.2	129.6	56.46	116.4	154.02	130.24	2026-06-08T12:07:27.703Z	DW_plates_11-15_4d.xlsx
4	SJ08_CONTROL	SJ08_CONTROL_B4	B4	E2	SJ08_CONTROL	CONTROL	CONTROL	6	TRUE	9.77	4	54	132.75	55.9	119.25	150.55	133	2026-06-08T12:06:51.526Z	DW_plates_11-15_4d.xlsx
4	SJ08_CONTROL	SJ08_CONTROL_B5	B5	E2	SJ08_CONTROL	CONTROL	CONTROL	2	TRUE	10.61	3	57.33	135.67	53.22	127.33	148.84	136.79	2026-06-08T12:06:30.145Z	DW_plates_11-15_4d.xlsx
4	SJ08_CONTROL	SJ08_CONTROL_B6	B6	E2	SJ08_CONTROL	CONTROL	CONTROL	6	TRUE	18.06	5	41.2	133.6	53.57	119.8	176.7	133.58	2026-06-08T12:05:54.320Z	DW_plates_11-15_4d.xlsx
4	SJ08_CONTROL	SJ08_CONTROL_C1	C1	E2	SJ08_CONTROL	SJ08	SJ08	3	FALSE	16.63	5	30.4	132.6	50.72	118	194.93	132.71	2026-06-08T12:08:17.583Z	DW_plates_11-15_4d.xlsx
4	SJ08_CONTROL	SJ08_CONTROL_C2	C2	E2	SJ08_CONTROL	SJ08	SJ08	7	FALSE	13.49	5	46	128	57.3	115	164.53	128.68	2026-06-08T12:07:55.914Z	DW_plates_11-15_4d.xlsx
4	SJ08_CONTROL	SJ08_CONTROL_C3	C3	E2	SJ08_CONTROL	CONTROL	CONTROL	3	TRUE	16.88	5	56.6	136.6	54.36	123.4	149.38	137.15	2026-06-08T12:07:20.663Z	DW_plates_11-15_4d.xlsx
4	SJ08_CONTROL	SJ08_CONTROL_C4	C4	E2	SJ08_CONTROL	CONTROL	CONTROL	7	TRUE	15.98	5	40.8	130	54.88	115.8	173.83	130.32	2026-06-08T12:06:58.586Z	DW_plates_11-15_4d.xlsx
4	SJ08_CONTROL	SJ08_CONTROL_C5	C5	E2	SJ08_CONTROL	CONTROL	CONTROL	3	TRUE	14.17	4	51.5	137	51.74	124.75	158.95	137.13	2026-06-08T12:06:22.748Z	DW_plates_11-15_4d.xlsx
4	SJ08_CONTROL	SJ08_CONTROL_C6	C6	E2	SJ08_CONTROL	CONTROL	CONTROL	7	TRUE	9.86	3	55.33	136.33	54.05	125.67	151.02	136.43	2026-06-08T12:06:01.332Z	DW_plates_11-15_4d.xlsx
4	SJ08_CONTROL	SJ08_CONTROL_D1	D1	E2	SJ08_CONTROL	SJ08	SJ08	4	FALSE	10.45	4	37.5	127.75	53.24	115	177.1	127.82	2026-06-08T12:08:10.533Z	DW_plates_11-15_4d.xlsx
4	SJ08_CONTROL	SJ08_CONTROL_D2	D2	E2	SJ08_CONTROL	SJ08	SJ08	8	FALSE	9.5	3	61.33	136	51.83	124.67	139	136.05	2026-06-08T12:08:03.256Z	DW_plates_11-15_4d.xlsx
4	SJ08_CONTROL	SJ08_CONTROL_D3	D3	E2	SJ08_CONTROL	CONTROL	CONTROL	4	TRUE	15.93	5	29.6	124.6	53.92	110.4	191.1	125.02	2026-06-08T12:07:13.604Z	DW_plates_11-15_4d.xlsx
4	SJ08_CONTROL	SJ08_CONTROL_D4	D4	E2	SJ08_CONTROL	CONTROL	CONTROL	8	TRUE	18.77	5	33.2	132.6	50.48	118.6	190.43	132.6	2026-06-08T12:07:05.994Z	DW_plates_11-15_4d.xlsx
4	SJ08_CONTROL	SJ08_CONTROL_D5	D5	E2	SJ08_CONTROL	CONTROL	CONTROL	4	TRUE	17.54	5	40.4	134.6	51.42	121.6	178.83	134.58	2026-06-08T12:06:15.712Z	DW_plates_11-15_4d.xlsx
4	SJ08_CONTROL	SJ08_CONTROL_D6	D6	E2	SJ08_CONTROL	CONTROL	CONTROL	8	TRUE	11.53	4	47	137	50.66	126	167.37	137.29	2026-06-08T12:06:08.649Z	DW_plates_11-15_4d.xlsx
8	TL01_TL02_TL03	TL01_TL02_TL03_A1	A1	A2	TL01_TL02_TL03	TL01	TL01	1	FALSE	10.26	3	44.33	133.67	51.86	123	172.71	134.23	2026-06-11T06:28:05.956Z	DW_plates_11-15_8d.xlsx
8	TL01_TL02_TL03	TL01_TL02_TL03_A2	A2	A2	TL01_TL02_TL03	TL01	TL01	5	FALSE	8.41	4	48	138.5	48.86	129	167.44	139.39	2026-06-11T06:27:16.395Z	DW_plates_11-15_8d.xlsx
8	TL01_TL02_TL03	TL01_TL02_TL03_A3	A3	A2	TL01_TL02_TL03	TL02	TL02	1	FALSE	20.05	6	38	133.17	52.22	120.5	180.62	133.37	2026-06-11T06:27:09.327Z	DW_plates_11-15_8d.xlsx
8	TL01_TL02_TL03	TL01_TL02_TL03_A4	A4	A2	TL01_TL02_TL03	TL02	TL02	5	FALSE	9.47	4	44	131	51.15	120.75	171.3	131.83	2026-06-11T06:26:19.144Z	DW_plates_11-15_8d.xlsx
8	TL01_TL02_TL03	TL01_TL02_TL03_A5	A5	A2	TL01_TL02_TL03	TL03	TL03	1	FALSE	15.55	6	33.67	132.83	51.15	120.33	188.51	132.9	2026-06-11T06:26:12.144Z	DW_plates_11-15_8d.xlsx
8	TL01_TL02_TL03	TL01_TL02_TL03_A6	A6	A2	TL01_TL02_TL03	TL03	TL03	5	FALSE	10.72	3	74.67	138.67	48.37	135	124.66	140.91	2026-06-11T06:25:20.843Z	DW_plates_11-15_8d.xlsx
8	TL01_TL02_TL03	TL01_TL02_TL03_B1	B1	A2	TL01_TL02_TL03	TL01	TL01	2	FALSE	10.25	3	49.33	134.67	50.24	124.67	162.46	135.29	2026-06-11T06:27:58.952Z	DW_plates_11-15_8d.xlsx
8	TL01_TL02_TL03	TL01_TL02_TL03_B2	B2	A2	TL01_TL02_TL03	TL01	TL01	6	FALSE	14.34	5	46.2	135	51.2	123	167.21	135.07	2026-06-11T06:27:23.418Z	DW_plates_11-15_8d.xlsx
8	TL01_TL02_TL03	TL01_TL02_TL03_B3	B3	A2	TL01_TL02_TL03	TL02	TL02	2	FALSE	14	4	48.5	140.75	50.03	130.5	168.57	141.77	2026-06-11T06:27:01.976Z	DW_plates_11-15_8d.xlsx
8	TL01_TL02_TL03	TL01_TL02_TL03_B4	B4	A2	TL01_TL02_TL03	TL02	TL02	6	FALSE	17.51	7	48.86	136	53.05	124.29	162.27	136.22	2026-06-11T06:26:26.197Z	DW_plates_11-15_8d.xlsx
8	TL01_TL02_TL03	TL01_TL02_TL03_B5	B5	A2	TL01_TL02_TL03	TL03	TL03	2	FALSE	17.33	8	43.25	138.75	52.44	126.62	175.1	139.12	2026-06-11T06:26:04.848Z	DW_plates_11-15_8d.xlsx
8	TL01_TL02_TL03	TL01_TL02_TL03_B6	B6	A2	TL01_TL02_TL03	TL03	TL03	6	FALSE	24.27	8	48.5	135.62	49.76	126.38	163.49	135.89	2026-06-11T06:25:29.307Z	DW_plates_11-15_8d.xlsx
8	TL01_TL02_TL03	TL01_TL02_TL03_C1	C1	A2	TL01_TL02_TL03	TL01	TL01	3	FALSE	9.94	4	39.25	138	49.94	125.5	182.09	138.25	2026-06-11T06:27:51.870Z	DW_plates_11-15_8d.xlsx
8	TL01_TL02_TL03	TL01_TL02_TL03_C2	C2	A2	TL01_TL02_TL03	TL01	TL01	7	FALSE	14.69	5	37.6	138.2	49.73	124.8	184.75	138.19	2026-06-11T06:27:30.757Z	DW_plates_11-15_8d.xlsx
8	TL01_TL02_TL03	TL01_TL02_TL03_C3	C3	A2	TL01_TL02_TL03	TL02	TL02	3	FALSE	10.59	4	31.25	135	50.54	120.75	194.89	135.08	2026-06-11T06:26:54.991Z	DW_plates_11-15_8d.xlsx
8	TL01_TL02_TL03	TL01_TL02_TL03_C4	C4	A2	TL01_TL02_TL03	TL02	TL02	7	FALSE	16.6	5	44	141.4	49.92	129.2	175.02	141.38	2026-06-11T06:26:33.297Z	DW_plates_11-15_8d.xlsx
8	TL01_TL02_TL03	TL01_TL02_TL03_C5	C5	A2	TL01_TL02_TL03	TL03	TL03	3	FALSE	9.41	5	48.2	137.6	50.88	126.6	165.05	138.01	2026-06-11T06:25:57.421Z	DW_plates_11-15_8d.xlsx
8	TL01_TL02_TL03	TL01_TL02_TL03_C6	C6	A2	TL01_TL02_TL03	TL03	TL03	7	FALSE	16.28	6	39.67	139.17	49.23	128.33	181.39	139.36	2026-06-11T06:25:36.295Z	DW_plates_11-15_8d.xlsx
8	TL01_TL02_TL03	TL01_TL02_TL03_D1	D1	A2	TL01_TL02_TL03	TL01	TL01	4	FALSE	12.04	5	42.8	134.4	51.4	121.6	172.64	134.63	2026-06-11T06:27:44.838Z	DW_plates_11-15_8d.xlsx
8	TL01_TL02_TL03	TL01_TL02_TL03_D2	D2	A2	TL01_TL02_TL03	TL01	TL01	8	FALSE	9.87	4	50.75	134.5	52.26	122.75	160.66	134.79	2026-06-11T06:27:37.856Z	DW_plates_11-15_8d.xlsx
8	TL01_TL02_TL03	TL01_TL02_TL03_D3	D3	A2	TL01_TL02_TL03	TL02	TL02	4	FALSE	13.92	4	62	143.75	49.46	135.5	147.43	145.3	2026-06-11T06:26:47.902Z	DW_plates_11-15_8d.xlsx
8	TL01_TL02_TL03	TL01_TL02_TL03_D4	D4	A2	TL01_TL02_TL03	TL02	TL02	8	FALSE	15.19	4	60	145.75	48.03	137.75	154.87	147.36	2026-06-11T06:26:40.595Z	DW_plates_11-15_8d.xlsx
8	TL01_TL02_TL03	TL01_TL02_TL03_D5	D5	A2	TL01_TL02_TL03	TL03	TL03	4	FALSE	13.43	5	54	135.4	51.71	126	153.67	135.77	2026-06-11T06:25:50.452Z	DW_plates_11-15_8d.xlsx
8	TL01_TL02_TL03	TL01_TL02_TL03_D6	D6	A2	TL01_TL02_TL03	TL03	TL03	8	FALSE	17.52	6	34.17	134.33	50.34	122.67	189.02	134.45	2026-06-11T06:25:43.336Z	DW_plates_11-15_8d.xlsx
8	TL05_TL06_TL09	TL05_TL06_TL09_A1	A1	B2	TL05_TL06_TL09	TL05	TL05	1	FALSE	20.82	6	53.17	139.5	50.95	128.5	160.13	140.99	2026-06-11T06:31:01.125Z	DW_plates_11-15_8d.xlsx
8	TL05_TL06_TL09	TL05_TL06_TL09_A2	A2	B2	TL05_TL06_TL09	TL05	TL05	5	FALSE	21.24	5	54	145.8	49.17	135.6	161.5	146.79	2026-06-11T06:30:10.540Z	DW_plates_11-15_8d.xlsx
8	TL05_TL06_TL09	TL05_TL06_TL09_A3	A3	B2	TL05_TL06_TL09	TL06	TL06	1	FALSE	18.4	7	48.71	139.43	51.82	126.57	166.21	140.04	2026-06-11T06:30:03.248Z	DW_plates_11-15_8d.xlsx
8	TL05_TL06_TL09	TL05_TL06_TL09_A4	A4	B2	TL05_TL06_TL09	TL06	TL06	5	FALSE	10.62	3	62	145.67	48.12	137.33	152.21	147.76	2026-06-11T06:29:13.302Z	DW_plates_11-15_8d.xlsx
8	TL05_TL06_TL09	TL05_TL06_TL09_A5	A5	B2	TL05_TL06_TL09	TL09	TL09	1	FALSE	13.67	4	50.25	142.5	49.75	131.25	166.47	143.33	2026-06-11T06:29:05.940Z	DW_plates_11-15_8d.xlsx
8	TL05_TL06_TL09	TL05_TL06_TL09_A6	A6	B2	TL05_TL06_TL09	TL09	TL09	5	FALSE	15.56	4	39.5	139	49.55	126	183.88	139.27	2026-06-11T06:28:13.304Z	DW_plates_11-15_8d.xlsx
8	TL05_TL06_TL09	TL05_TL06_TL09_B1	B1	B2	TL05_TL06_TL09	TL05	TL05	2	FALSE	18.91	5	51.4	140.8	51.24	128.8	162.85	141.37	2026-06-11T06:30:53.729Z	DW_plates_11-15_8d.xlsx
8	TL05_TL06_TL09	TL05_TL06_TL09_B2	B2	B2	TL05_TL06_TL09	TL05	TL05	6	FALSE	21.1	6	34.83	133.5	51.77	117.67	187.26	133.61	2026-06-11T06:30:18.014Z	DW_plates_11-15_8d.xlsx
8	TL05_TL06_TL09	TL05_TL06_TL09_B3	B3	B2	TL05_TL06_TL09	TL06	TL06	2	FALSE	12.33	4	41.75	142.25	49.29	129.25	181.2	142.62	2026-06-11T06:29:56.150Z	DW_plates_11-15_8d.xlsx
8	TL05_TL06_TL09	TL05_TL06_TL09_B4	B4	B2	TL05_TL06_TL09	TL06	TL06	6	FALSE	18.22	6	40.83	138.83	50.75	125	180.02	138.82	2026-06-11T06:29:20.323Z	DW_plates_11-15_8d.xlsx
8	TL05_TL06_TL09	TL05_TL06_TL09_B5	B5	B2	TL05_TL06_TL09	TL09	TL09	2	FALSE	14.16	5	45.8	135.4	52.65	121.8	172.65	136.2	2026-06-11T06:28:58.900Z	DW_plates_11-15_8d.xlsx
8	TL05_TL06_TL09	TL05_TL06_TL09_B6	B6	B2	TL05_TL06_TL09	TL09	TL09	6	FALSE	21.04	6	39.83	138	49.71	125	180.66	138.11	2026-06-11T06:28:22.577Z	DW_plates_11-15_8d.xlsx
8	TL05_TL06_TL09	TL05_TL06_TL09_C1	C1	B2	TL05_TL06_TL09	TL05	TL05	3	FALSE	22.26	7	36	138.14	50.86	123.43	186.84	138.18	2026-06-11T06:30:46.692Z	DW_plates_11-15_8d.xlsx
8	TL05_TL06_TL09	TL05_TL06_TL09_C2	C2	B2	TL05_TL06_TL09	TL05	TL05	7	FALSE	23.27	6	45.5	141.5	51.04	127	172.29	141.41	2026-06-11T06:30:25.230Z	DW_plates_11-15_8d.xlsx
8	TL05_TL06_TL09	TL05_TL06_TL09_C3	C3	B2	TL05_TL06_TL09	TL06	TL06	3	FALSE	13.11	6	43.17	137.33	51.87	123.67	176.43	137.97	2026-06-11T06:29:49.099Z	DW_plates_11-15_8d.xlsx
8	TL05_TL06_TL09	TL05_TL06_TL09_C4	C4	B2	TL05_TL06_TL09	TL06	TL06	7	FALSE	16.24	6	42.67	137	50.56	123.5	176.64	137.2	2026-06-11T06:29:27.680Z	DW_plates_11-15_8d.xlsx
8	TL05_TL06_TL09	TL05_TL06_TL09_C5	C5	B2	TL05_TL06_TL09	TL09	TL09	3	FALSE	9.53	3	57.67	145.67	48.51	136.67	156.88	146.26	2026-06-11T06:28:51.637Z	DW_plates_11-15_8d.xlsx
8	TL05_TL06_TL09	TL05_TL06_TL09_C6	C6	B2	TL05_TL06_TL09	TL09	TL09	7	FALSE	15.37	5	38.8	136.4	50.23	123.6	182.88	136.97	2026-06-11T06:28:29.852Z	DW_plates_11-15_8d.xlsx
8	TL05_TL06_TL09	TL05_TL06_TL09_D1	D1	B2	TL05_TL06_TL09	TL05	TL05	4	FALSE	23.11	6	46.83	141	51.25	128.5	171.06	141.66	2026-06-11T06:30:39.654Z	DW_plates_11-15_8d.xlsx
8	TL05_TL06_TL09	TL05_TL06_TL09_D2	D2	B2	TL05_TL06_TL09	TL05	TL05	8	FALSE	19.67	6	45.5	140.17	50.45	126.67	173.23	140.44	2026-06-11T06:30:32.631Z	DW_plates_11-15_8d.xlsx
8	TL05_TL06_TL09	TL05_TL06_TL09_D3	D3	B2	TL05_TL06_TL09	TL06	TL06	4	FALSE	13.6	5	63	138.6	51.31	128	139.28	139.03	2026-06-11T06:29:41.815Z	DW_plates_11-15_8d.xlsx
8	TL05_TL06_TL09	TL05_TL06_TL09_D4	D4	B2	TL05_TL06_TL09	TL06	TL06	8	FALSE	22.19	6	39.67	137.33	49.72	124.17	182.37	137.56	2026-06-11T06:29:34.771Z	DW_plates_11-15_8d.xlsx
8	TL05_TL06_TL09	TL05_TL06_TL09_D5	D5	B2	TL05_TL06_TL09	TL09	TL09	4	FALSE	12.72	4	50	143.75	48.37	135	168.82	144.25	2026-06-11T06:28:44.213Z	DW_plates_11-15_8d.xlsx
8	TL05_TL06_TL09	TL05_TL06_TL09_D6	D6	B2	TL05_TL06_TL09	TL09	TL09	8	FALSE	10.9	4	55	139.25	49.15	130.5	155.91	139.67	2026-06-11T06:28:36.920Z	DW_plates_11-15_8d.xlsx
8	TL23_TL29_TL34	TL23_TL29_TL34_A1	A1	C2	TL23_TL29_TL34	TL23	TL23	1	FALSE	16.67	6	36.33	137	50.39	122.33	188.06	137.28	2026-06-11T06:33:53.901Z	DW_plates_11-15_8d.xlsx
8	TL23_TL29_TL34	TL23_TL29_TL34_A2	A2	C2	TL23_TL29_TL34	TL23	TL23	5	FALSE	14.5	4	41	139.25	50.96	125.5	180.65	139.81	2026-06-11T06:33:03.953Z	DW_plates_11-15_8d.xlsx
8	TL23_TL29_TL34	TL23_TL29_TL34_A3	A3	C2	TL23_TL29_TL34	TL29	TL29	1	FALSE	23.24	7	35.86	137	50.12	122	188.35	137.47	2026-06-11T06:32:56.863Z	DW_plates_11-15_8d.xlsx
8	TL23_TL29_TL34	TL23_TL29_TL34_A4	A4	C2	TL23_TL29_TL34	TL29	TL29	5	FALSE	16.27	5	46	137.6	50.81	124.6	170.91	138.06	2026-06-11T06:32:07.238Z	DW_plates_11-15_8d.xlsx
8	TL23_TL29_TL34	TL23_TL29_TL34_A5	A5	C2	TL23_TL29_TL34	TL34	TL34	1	FALSE	14.82	5	34.8	137.6	50.76	122.2	190.35	137.6	2026-06-11T06:32:00.241Z	DW_plates_11-15_8d.xlsx
8	TL23_TL29_TL34	TL23_TL29_TL34_A6	A6	C2	TL23_TL29_TL34	TL34	TL34	5	FALSE	17.25	6	34.33	134.83	51.39	120.5	190.32	135.36	2026-06-11T06:31:08.137Z	DW_plates_11-15_8d.xlsx
8	TL23_TL29_TL34	TL23_TL29_TL34_B1	B1	C2	TL23_TL29_TL34	TL23	TL23	2	FALSE	15.36	4	42.5	141	50.21	127.25	180.47	141.55	2026-06-11T06:33:46.866Z	DW_plates_11-15_8d.xlsx
8	TL23_TL29_TL34	TL23_TL29_TL34_B2	B2	C2	TL23_TL29_TL34	TL23	TL23	6	FALSE	12.86	4	53.5	141	50.55	128.75	160.72	141.63	2026-06-11T06:33:10.970Z	DW_plates_11-15_8d.xlsx
8	TL23_TL29_TL34	TL23_TL29_TL34_B3	B3	C2	TL23_TL29_TL34	TL29	TL29	2	FALSE	13.49	4	45.5	138.5	52.13	124	172.07	138.62	2026-06-11T06:32:49.836Z	DW_plates_11-15_8d.xlsx
8	TL23_TL29_TL34	TL23_TL29_TL34_B4	B4	C2	TL23_TL29_TL34	TL29	TL29	6	FALSE	19.31	6	34	136.17	50.99	120.33	192.27	136.23	2026-06-11T06:32:14.309Z	DW_plates_11-15_8d.xlsx
8	TL23_TL29_TL34	TL23_TL29_TL34_B5	B5	C2	TL23_TL29_TL34	TL34	TL34	2	FALSE	22.25	7	31.57	132.57	52.76	116	193.31	132.9	2026-06-11T06:31:53.151Z	DW_plates_11-15_8d.xlsx
8	TL23_TL29_TL34	TL23_TL29_TL34_B6	B6	C2	TL23_TL29_TL34	TL34	TL34	6	FALSE	17.92	6	43.33	135.67	51.58	123	174.44	136.52	2026-06-11T06:31:17.366Z	DW_plates_11-15_8d.xlsx
8	TL23_TL29_TL34	TL23_TL29_TL34_C1	C1	C2	TL23_TL29_TL34	TL23	TL23	3	FALSE	22.7	7	36.86	136.57	52.87	120.29	185.35	136.68	2026-06-11T06:33:39.759Z	DW_plates_11-15_8d.xlsx
8	TL23_TL29_TL34	TL23_TL29_TL34_C2	C2	C2	TL23_TL29_TL34	TL23	TL23	7	FALSE	14.98	5	38.2	134	52.9	118.4	182.12	134.26	2026-06-11T06:33:18.097Z	DW_plates_11-15_8d.xlsx
8	TL23_TL29_TL34	TL23_TL29_TL34_C3	C3	C2	TL23_TL29_TL34	TL29	TL29	3	FALSE	15.95	4	43.5	138.75	52.43	124	176.61	139.18	2026-06-11T06:32:42.823Z	DW_plates_11-15_8d.xlsx
8	TL23_TL29_TL34	TL23_TL29_TL34_C4	C4	C2	TL23_TL29_TL34	TL29	TL29	7	FALSE	9.1	4	52.5	142.5	51.72	130	162.51	143.16	2026-06-11T06:32:21.662Z	DW_plates_11-15_8d.xlsx
8	TL23_TL29_TL34	TL23_TL29_TL34_C5	C5	C2	TL23_TL29_TL34	TL34	TL34	3	FALSE	14.29	4	50.75	139.75	51.77	126.75	163.76	140.29	2026-06-11T06:31:46.103Z	DW_plates_11-15_8d.xlsx
8	TL23_TL29_TL34	TL23_TL29_TL34_C6	C6	C2	TL23_TL29_TL34	TL34	TL34	7	FALSE	17.79	5	37.2	137.8	49.99	123.8	187.93	138.42	2026-06-11T06:31:24.372Z	DW_plates_11-15_8d.xlsx
8	TL23_TL29_TL34	TL23_TL29_TL34_D1	D1	C2	TL23_TL29_TL34	TL23	TL23	4	FALSE	25.02	8	36.88	137.25	52.77	120.5	186.27	137.41	2026-06-11T06:33:32.418Z	DW_plates_11-15_8d.xlsx
8	TL23_TL29_TL34	TL23_TL29_TL34_D2	D2	C2	TL23_TL29_TL34	TL23	TL23	8	FALSE	17.24	5	42	135.8	51.24	122	178.06	136.68	2026-06-11T06:33:25.384Z	DW_plates_11-15_8d.xlsx
8	TL23_TL29_TL34	TL23_TL29_TL34_D3	D3	C2	TL23_TL29_TL34	TL29	TL29	4	FALSE	17.26	5	35.8	134.6	51.69	119.4	187.98	134.82	2026-06-11T06:32:35.744Z	DW_plates_11-15_8d.xlsx
8	TL23_TL29_TL34	TL23_TL29_TL34_D4	D4	C2	TL23_TL29_TL34	TL29	TL29	8	FALSE	15.63	5	37.2	138	49.99	124	189.05	138.74	2026-06-11T06:32:28.686Z	DW_plates_11-15_8d.xlsx
8	TL23_TL29_TL34	TL23_TL29_TL34_D5	D5	C2	TL23_TL29_TL34	TL34	TL34	4	FALSE	15.62	5	40.4	137	50.47	123.8	181.37	137.95	2026-06-11T06:31:39.135Z	DW_plates_11-15_8d.xlsx
8	TL23_TL29_TL34	TL23_TL29_TL34_D6	D6	C2	TL23_TL29_TL34	TL34	TL34	8	FALSE	26.35	8	38.25	136	51.92	121.62	183.51	136.52	2026-06-11T06:31:31.717Z	DW_plates_11-15_8d.xlsx
8	TL64_TL58_CONTROL	TL64_TL58_CONTROL_A1	A1	D2	TL64_TL58_CONTROL	TL64	TL64	1	FALSE	32.59	8	60.12	141.62	54.87	126	149.76	141.62	2026-06-11T06:36:49.435Z	DW_plates_11-15_8d.xlsx
8	TL64_TL58_CONTROL	TL64_TL58_CONTROL_A2	A2	D2	TL64_TL58_CONTROL	TL64	TL64	5	FALSE	37.31	11	53	141.09	52.84	127	159.89	141.19	2026-06-11T06:35:58.282Z	DW_plates_11-15_8d.xlsx
8	TL64_TL58_CONTROL	TL64_TL58_CONTROL_A3	A3	D2	TL64_TL58_CONTROL	TL58	TL58	1	FALSE	44.99	14	40.93	132.93	49.87	120.14	177.48	133.04	2026-06-11T06:35:50.889Z	DW_plates_11-15_8d.xlsx
8	TL64_TL58_CONTROL	TL64_TL58_CONTROL_A4	A4	D2	TL64_TL58_CONTROL	TL58	TL58	5	FALSE	42.23	10	38.7	137.1	50.89	123	183.93	137.16	2026-06-11T06:35:00.380Z	DW_plates_11-15_8d.xlsx
8	TL64_TL58_CONTROL	TL64_TL58_CONTROL_A5	A5	D2	TL64_TL58_CONTROL	CONTROL	CONTROL	1	TRUE	40.83	11	43.27	138.45	52.07	122.27	179.07	138.57	2026-06-11T06:34:53.287Z	DW_plates_11-15_8d.xlsx
8	TL64_TL58_CONTROL	TL64_TL58_CONTROL_A6	A6	D2	TL64_TL58_CONTROL	CONTROL	CONTROL	5	TRUE	21.06	7	38	139	49.71	124.86	187.43	139.36	2026-06-11T06:34:01.198Z	DW_plates_11-15_8d.xlsx
8	TL64_TL58_CONTROL	TL64_TL58_CONTROL_B1	B1	D2	TL64_TL58_CONTROL	TL64	TL64	2	FALSE	51.19	15	57.27	139.33	53.45	123.67	151.44	139.48	2026-06-11T06:36:42.364Z	DW_plates_11-15_8d.xlsx
8	TL64_TL58_CONTROL	TL64_TL58_CONTROL_B2	B2	D2	TL64_TL58_CONTROL	TL64	TL64	6	FALSE	53.04	14	50.64	137.43	53.65	121.14	162.87	137.44	2026-06-11T06:36:05.950Z	DW_plates_11-15_8d.xlsx
8	TL64_TL58_CONTROL	TL64_TL58_CONTROL_B3	B3	D2	TL64_TL58_CONTROL	TL58	TL58	2	FALSE	54.23	13	43.85	134.69	50.96	120.38	173.82	134.71	2026-06-11T06:35:43.834Z	DW_plates_11-15_8d.xlsx
8	TL64_TL58_CONTROL	TL64_TL58_CONTROL_B4	B4	D2	TL64_TL58_CONTROL	TL58	TL58	6	FALSE	43.38	11	43.09	136.09	50.75	122	175.98	136.13	2026-06-11T06:35:07.689Z	DW_plates_11-15_8d.xlsx
8	TL64_TL58_CONTROL	TL64_TL58_CONTROL_B5	B5	D2	TL64_TL58_CONTROL	CONTROL	CONTROL	2	TRUE	43.3	12	45.67	133.75	55.43	116	170.96	133.71	2026-06-11T06:34:46.268Z	DW_plates_11-15_8d.xlsx
8	TL64_TL58_CONTROL	TL64_TL58_CONTROL_B6	B6	D2	TL64_TL58_CONTROL	CONTROL	CONTROL	6	TRUE	19.85	7	39.86	134.43	52.45	118.86	181.46	134.44	2026-06-11T06:34:10.482Z	DW_plates_11-15_8d.xlsx
8	TL64_TL58_CONTROL	TL64_TL58_CONTROL_C1	C1	D2	TL64_TL58_CONTROL	TL64	TL64	3	FALSE	45.14	12	48.25	133.17	55.3	116.58	165.77	133.42	2026-06-11T06:36:35.012Z	DW_plates_11-15_8d.xlsx
8	TL64_TL58_CONTROL	TL64_TL58_CONTROL_C2	C2	D2	TL64_TL58_CONTROL	TL64	TL64	7	FALSE	54.58	15	55.47	138.33	53.65	122.27	154.74	138.44	2026-06-11T06:36:13.237Z	DW_plates_11-15_8d.xlsx
8	TL64_TL58_CONTROL	TL64_TL58_CONTROL_C3	C3	D2	TL64_TL58_CONTROL	TL58	TL58	3	FALSE	54.18	14	46.57	134.21	53.9	119.93	167.49	134.44	2026-06-11T06:35:36.839Z	DW_plates_11-15_8d.xlsx
8	TL64_TL58_CONTROL	TL64_TL58_CONTROL_C4	C4	D2	TL64_TL58_CONTROL	TL58	TL58	7	FALSE	56.89	13	44	138.15	50.47	124.15	175.14	138.1	2026-06-11T06:35:15.087Z	DW_plates_11-15_8d.xlsx
8	TL64_TL58_CONTROL	TL64_TL58_CONTROL_C5	C5	D2	TL64_TL58_CONTROL	CONTROL	CONTROL	3	TRUE	46.72	12	42.08	134.83	54.1	117.42	178.2	135.05	2026-06-11T06:34:39.211Z	DW_plates_11-15_8d.xlsx
8	TL64_TL58_CONTROL	TL64_TL58_CONTROL_C6	C6	D2	TL64_TL58_CONTROL	CONTROL	CONTROL	7	TRUE	21.97	7	31.57	132.71	52.02	115.29	195.94	132.86	2026-06-11T06:34:17.781Z	DW_plates_11-15_8d.xlsx
8	TL64_TL58_CONTROL	TL64_TL58_CONTROL_D1	D1	D2	TL64_TL58_CONTROL	TL64	TL64	4	FALSE	40.41	11	39.55	131.91	53.67	115.09	179.95	131.95	2026-06-11T06:36:27.955Z	DW_plates_11-15_8d.xlsx
8	TL64_TL58_CONTROL	TL64_TL58_CONTROL_D2	D2	D2	TL64_TL58_CONTROL	TL64	TL64	8	FALSE	23.03	7	33.14	133.43	51.62	117.14	192.81	133.59	2026-06-11T06:36:20.694Z	DW_plates_11-15_8d.xlsx
8	TL64_TL58_CONTROL	TL64_TL58_CONTROL_D3	D3	D2	TL64_TL58_CONTROL	TL58	TL58	4	FALSE	36.66	11	27.73	132	51.46	115.73	201.8	132	2026-06-11T06:35:29.779Z	DW_plates_11-15_8d.xlsx
8	TL64_TL58_CONTROL	TL64_TL58_CONTROL_D4	D4	D2	TL64_TL58_CONTROL	TL58	TL58	8	FALSE	47.02	13	43.92	133.62	52.98	118.23	170.56	133.68	2026-06-11T06:35:22.514Z	DW_plates_11-15_8d.xlsx
8	TL64_TL58_CONTROL	TL64_TL58_CONTROL_D5	D5	D2	TL64_TL58_CONTROL	CONTROL	CONTROL	4	TRUE	25.16	7	31.57	135	51.5	117.71	197.03	135.15	2026-06-11T06:34:32.161Z	DW_plates_11-15_8d.xlsx
8	TL64_TL58_CONTROL	TL64_TL58_CONTROL_D6	D6	D2	TL64_TL58_CONTROL	CONTROL	CONTROL	8	TRUE	19.82	6	32.17	134.17	51.75	117.33	196.2	134.45	2026-06-11T06:34:25.135Z	DW_plates_11-15_8d.xlsx
8	SJ08_CONTROL	SJ08_CONTROL_A1	A1	E2	SJ08_CONTROL	SJ08	SJ08	1	FALSE	18.03	5	43.4	142.2	50.93	127.2	179.05	142.76	2026-06-11T06:39:45.277Z	DW_plates_11-15_8d.xlsx
8	SJ08_CONTROL	SJ08_CONTROL_A2	A2	E2	SJ08_CONTROL	SJ08	SJ08	5	FALSE	14.96	5	53	140.4	51.84	126.2	160.47	141.07	2026-06-11T06:38:54.391Z	DW_plates_11-15_8d.xlsx
8	SJ08_CONTROL	SJ08_CONTROL_A3	A3	E2	SJ08_CONTROL	CONTROL	CONTROL	1	TRUE	16.22	5	39.4	134.8	53.02	117	178.01	134.68	2026-06-11T06:38:47.064Z	DW_plates_11-15_8d.xlsx
8	SJ08_CONTROL	SJ08_CONTROL_A4	A4	E2	SJ08_CONTROL	CONTROL	CONTROL	5	TRUE	17.63	5	30.2	134.8	51.9	117.4	196.28	134.82	2026-06-11T06:37:56.549Z	DW_plates_11-15_8d.xlsx
8	SJ08_CONTROL	SJ08_CONTROL_A5	A5	E2	SJ08_CONTROL	CONTROL	CONTROL	1	TRUE	10.22	2	61	141	50.52	130.5	147.6	142.03	2026-06-11T06:37:49.435Z	DW_plates_11-15_8d.xlsx
8	SJ08_CONTROL	SJ08_CONTROL_A6	A6	E2	SJ08_CONTROL	CONTROL	CONTROL	5	TRUE	14.63	4	34.25	135.5	52.37	120	188.48	135.63	2026-06-11T06:36:56.792Z	DW_plates_11-15_8d.xlsx
8	SJ08_CONTROL	SJ08_CONTROL_B1	B1	E2	SJ08_CONTROL	SJ08	SJ08	2	FALSE	17.28	5	31.4	133.6	53.18	115.8	193.18	133.9	2026-06-11T06:39:37.946Z	DW_plates_11-15_8d.xlsx
8	SJ08_CONTROL	SJ08_CONTROL_B2	B2	E2	SJ08_CONTROL	SJ08	SJ08	6	FALSE	15.92	5	34.6	133.2	54.76	115.4	189.45	133.5	2026-06-11T06:39:01.484Z	DW_plates_11-15_8d.xlsx
8	SJ08_CONTROL	SJ08_CONTROL_B3	B3	E2	SJ08_CONTROL	CONTROL	CONTROL	2	TRUE	18.25	6	52.17	136.5	53.85	120	157.01	136.46	2026-06-11T06:38:39.769Z	DW_plates_11-15_8d.xlsx
8	SJ08_CONTROL	SJ08_CONTROL_B4	B4	E2	SJ08_CONTROL	CONTROL	CONTROL	6	TRUE	11.43	4	46.25	135.75	55.81	120	167.49	136.13	2026-06-11T06:38:03.570Z	DW_plates_11-15_8d.xlsx
8	SJ08_CONTROL	SJ08_CONTROL_B5	B5	E2	SJ08_CONTROL	CONTROL	CONTROL	2	TRUE	14.04	5	50.8	141.2	51.55	128.4	163.51	141.67	2026-06-11T06:37:42.118Z	DW_plates_11-15_8d.xlsx
8	SJ08_CONTROL	SJ08_CONTROL_B6	B6	E2	SJ08_CONTROL	CONTROL	CONTROL	6	TRUE	20.41	7	37.14	136.71	52.89	120.71	184.82	136.87	2026-06-11T06:37:05.968Z	DW_plates_11-15_8d.xlsx
8	SJ08_CONTROL	SJ08_CONTROL_C1	C1	E2	SJ08_CONTROL	SJ08	SJ08	3	FALSE	24.71	8	29.12	133.25	52.48	114.62	197.16	133.25	2026-06-11T06:39:30.638Z	DW_plates_11-15_8d.xlsx
8	SJ08_CONTROL	SJ08_CONTROL_C2	C2	E2	SJ08_CONTROL	SJ08	SJ08	7	FALSE	17.3	7	38.43	137.14	52.03	120.29	182.99	137.16	2026-06-11T06:39:08.483Z	DW_plates_11-15_8d.xlsx
8	SJ08_CONTROL	SJ08_CONTROL_C3	C3	E2	SJ08_CONTROL	CONTROL	CONTROL	3	TRUE	21.76	7	51.14	138.29	54.3	121.43	160.44	138.35	2026-06-11T06:38:32.649Z	DW_plates_11-15_8d.xlsx
8	SJ08_CONTROL	SJ08_CONTROL_C4	C4	E2	SJ08_CONTROL	CONTROL	CONTROL	7	TRUE	18.45	5	33.6	135.4	52.31	118.6	190.25	135.71	2026-06-11T06:38:10.881Z	DW_plates_11-15_8d.xlsx
8	SJ08_CONTROL	SJ08_CONTROL_C5	C5	E2	SJ08_CONTROL	CONTROL	CONTROL	3	TRUE	18.01	5	41.2	139.8	51.52	124.6	179.01	140.05	2026-06-11T06:37:34.834Z	DW_plates_11-15_8d.xlsx
8	SJ08_CONTROL	SJ08_CONTROL_C6	C6	E2	SJ08_CONTROL	CONTROL	CONTROL	7	TRUE	11.42	5	50.4	139.8	54.77	125	163.16	140.09	2026-06-11T06:37:13.014Z	DW_plates_11-15_8d.xlsx
8	SJ08_CONTROL	SJ08_CONTROL_D1	D1	E2	SJ08_CONTROL	SJ08	SJ08	4	FALSE	14.02	5	30.8	129.6	54.74	112.4	193	130.02	2026-06-11T06:39:23.253Z	DW_plates_11-15_8d.xlsx
8	SJ08_CONTROL	SJ08_CONTROL_D2	D2	E2	SJ08_CONTROL	SJ08	SJ08	8	FALSE	12.66	4	57	139.25	53.21	124.5	150.54	139.48	2026-06-11T06:39:15.535Z	DW_plates_11-15_8d.xlsx
8	SJ08_CONTROL	SJ08_CONTROL_D3	D3	E2	SJ08_CONTROL	CONTROL	CONTROL	4	TRUE	19.23	7	29	132.43	52.82	115.43	197.52	132.46	2026-06-11T06:38:25.284Z	DW_plates_11-15_8d.xlsx
8	SJ08_CONTROL	SJ08_CONTROL_D4	D4	E2	SJ08_CONTROL	CONTROL	CONTROL	8	TRUE	24.66	8	35.38	136.88	51.77	120.25	186.87	136.93	2026-06-11T06:38:18.038Z	DW_plates_11-15_8d.xlsx
8	SJ08_CONTROL	SJ08_CONTROL_D5	D5	E2	SJ08_CONTROL	CONTROL	CONTROL	4	TRUE	21.17	6	31.33	136.33	51.27	120.5	195.21	136.27	2026-06-11T06:37:27.423Z	DW_plates_11-15_8d.xlsx
8	SJ08_CONTROL	SJ08_CONTROL_D6	D6	E2	SJ08_CONTROL	CONTROL	CONTROL	8	TRUE	15.7	5	41.2	140.8	51.69	126.6	179.32	141.09	2026-06-11T06:37:20.340Z	DW_plates_11-15_8d.xlsx
0	SJ08_CONTROL	SJ08_CONTROL_A1	A1	A2	SJ08_CONTROL	SJ08	SJ08	1	FALSE	8.23	1	66	144	49.57	143	138.55	145.76	2026-06-04T05:37:27.189Z	DW_plates_15-17_0d.xlsx
0	SJ08_CONTROL	SJ08_CONTROL_A2	A2	A2	SJ08_CONTROL	SJ08	SJ08	5	FALSE	6.72	1	59	139	49.88	134	145.82	139.21	2026-06-04T05:36:36.715Z	DW_plates_15-17_0d.xlsx
0	SJ08_CONTROL	SJ08_CONTROL_A3	A3	A2	SJ08_CONTROL	CONTROL	CONTROL	1	TRUE	4.18	2	41.5	135	51.58	122	173.05	135.2	2026-06-04T05:36:29.618Z	DW_plates_15-17_0d.xlsx
0	SJ08_CONTROL	SJ08_CONTROL_A4	A4	A2	SJ08_CONTROL	CONTROL	CONTROL	5	TRUE	5.64	2	33.5	133.5	53.47	120	188.16	133.93	2026-06-04T05:35:40.051Z	DW_plates_15-17_0d.xlsx
0	SJ08_CONTROL	SJ08_CONTROL_A5	A5	A2	SJ08_CONTROL	CONTROL	CONTROL	1	TRUE	7.02	1	71	141	47.59	141	127.8	143.64	2026-06-04T05:35:33.050Z	DW_plates_15-17_0d.xlsx
0	SJ08_CONTROL	SJ08_CONTROL_A6	A6	A2	SJ08_CONTROL	CONTROL	CONTROL	5	TRUE	3.83	1	33	136	52.57	123	191.35	135.92	2026-06-04T05:34:42.327Z	DW_plates_15-17_0d.xlsx
0	SJ08_CONTROL	SJ08_CONTROL_B1	B1	A2	SJ08_CONTROL	SJ08	SJ08	2	FALSE	5.42	1	40	137	52.4	125	177.61	137.46	2026-06-04T05:37:19.857Z	DW_plates_15-17_0d.xlsx
0	SJ08_CONTROL	SJ08_CONTROL_B2	B2	A2	SJ08_CONTROL	SJ08	SJ08	6	FALSE	6.18	1	49	142	50.82	133	163.23	141.75	2026-06-04T05:36:43.709Z	DW_plates_15-17_0d.xlsx
0	SJ08_CONTROL	SJ08_CONTROL_B3	B3	A2	SJ08_CONTROL	CONTROL	CONTROL	2	TRUE	7.75	2	42	138	50.75	129	176.01	138.69	2026-06-04T05:36:22.594Z	DW_plates_15-17_0d.xlsx
0	SJ08_CONTROL	SJ08_CONTROL_B4	B4	A2	SJ08_CONTROL	CONTROL	CONTROL	6	TRUE	4.54	2	53.5	130.5	57.32	119.5	149.18	131.04	2026-06-04T05:35:47.104Z	DW_plates_15-17_0d.xlsx
0	SJ08_CONTROL	SJ08_CONTROL_B5	B5	A2	SJ08_CONTROL	CONTROL	CONTROL	2	TRUE	7.17	1	64	143	49.95	139	141.24	143.96	2026-06-04T05:35:25.953Z	DW_plates_15-17_0d.xlsx
0	SJ08_CONTROL	SJ08_CONTROL_B6	B6	A2	SJ08_CONTROL	CONTROL	CONTROL	6	TRUE	6.6	2	33	139	49.58	128.5	192.65	139.44	2026-06-04T05:34:50.783Z	DW_plates_15-17_0d.xlsx
0	SJ08_CONTROL	SJ08_CONTROL_C1	C1	A2	SJ08_CONTROL	SJ08	SJ08	3	FALSE	6.35	2	31.5	139	50.35	125	193.92	138.81	2026-06-04T05:37:12.482Z	DW_plates_15-17_0d.xlsx
0	SJ08_CONTROL	SJ08_CONTROL_C2	C2	A2	SJ08_CONTROL	SJ08	SJ08	7	FALSE	7.53	2	45	140.5	51.5	130.5	172.19	140.56	2026-06-04T05:36:50.731Z	DW_plates_15-17_0d.xlsx
0	SJ08_CONTROL	SJ08_CONTROL_C3	C3	A2	SJ08_CONTROL	CONTROL	CONTROL	3	TRUE	7.1	2	39	142.5	49.96	130.5	182.48	142.63	2026-06-04T05:36:15.590Z	DW_plates_15-17_0d.xlsx
0	SJ08_CONTROL	SJ08_CONTROL_C4	C4	A2	SJ08_CONTROL	CONTROL	CONTROL	7	TRUE	7.01	2	39	142	50.9	130	182.86	142.67	2026-06-04T05:35:54.119Z	DW_plates_15-17_0d.xlsx
0	SJ08_CONTROL	SJ08_CONTROL_C5	C5	A2	SJ08_CONTROL	CONTROL	CONTROL	3	TRUE	5.38	2	44.5	134	55.46	122	169.55	134.65	2026-06-04T05:35:18.929Z	DW_plates_15-17_0d.xlsx
0	SJ08_CONTROL	SJ08_CONTROL_C6	C6	A2	SJ08_CONTROL	CONTROL	CONTROL	7	TRUE	5.25	1	57	140	51.02	133	148.74	140.37	2026-06-04T05:34:57.805Z	DW_plates_15-17_0d.xlsx
0	SJ08_CONTROL	SJ08_CONTROL_D1	D1	A2	SJ08_CONTROL	SJ08	SJ08	4	FALSE	4.49	2	33.5	131	51.05	117.5	187.5	131.06	2026-06-04T05:37:05.140Z	DW_plates_15-17_0d.xlsx
0	SJ08_CONTROL	SJ08_CONTROL_D2	D2	A2	SJ08_CONTROL	SJ08	SJ08	8	FALSE	6.16	1	66	139	52.97	131	134.52	139.42	2026-06-04T05:36:57.822Z	DW_plates_15-17_0d.xlsx
0	SJ08_CONTROL	SJ08_CONTROL_D3	D3	A2	SJ08_CONTROL	CONTROL	CONTROL	4	TRUE	8.33	2	35.5	142	49.36	131	189.76	142.08	2026-06-04T05:36:08.501Z	DW_plates_15-17_0d.xlsx
0	SJ08_CONTROL	SJ08_CONTROL_D4	D4	A2	SJ08_CONTROL	CONTROL	CONTROL	8	TRUE	8.34	2	32.5	139.5	50.36	127	193.18	139.61	2026-06-04T05:36:01.188Z	DW_plates_15-17_0d.xlsx
0	SJ08_CONTROL	SJ08_CONTROL_D5	D5	A2	SJ08_CONTROL	CONTROL	CONTROL	4	TRUE	6.72	2	34.5	142	49.28	131.5	189.87	142.06	2026-06-04T05:35:11.922Z	DW_plates_15-17_0d.xlsx
0	SJ08_CONTROL	SJ08_CONTROL_D6	D6	A2	SJ08_CONTROL	CONTROL	CONTROL	8	TRUE	5.8	1	52	141	50.37	134	157.2	141.53	2026-06-04T05:35:04.840Z	DW_plates_15-17_0d.xlsx
0	CONTROL_B2	CONTROL_B2_A1	A1	B2	CONTROL	CONTROL	CONTROL	1	TRUE	5.8	2	35.5	139	50.73	126	188.37	139.28	2026-06-04T05:40:22.893Z	DW_plates_15-17_0d.xlsx
0	CONTROL_B2	CONTROL_B2_A2	A2	B2	CONTROL	CONTROL	CONTROL	5	TRUE	5.29	2	44	139.5	51.48	126.5	172.98	139.28	2026-06-04T05:39:32.366Z	DW_plates_15-17_0d.xlsx
0	CONTROL_B2	CONTROL_B2_A3	A3	B2	CONTROL	CONTROL	CONTROL	1	TRUE	5.66	2	38	140.5	50.92	127	184.66	140.52	2026-06-04T05:39:24.673Z	DW_plates_15-17_0d.xlsx
0	CONTROL_B2	CONTROL_B2_A4	A4	B2	CONTROL	CONTROL	CONTROL	5	TRUE	5.55	2	34	140.5	50.03	127.5	191.21	140.69	2026-06-04T05:38:34.488Z	DW_plates_15-17_0d.xlsx
0	CONTROL_B2	CONTROL_B2_A5	A5	B2	CONTROL	CONTROL	CONTROL	1	TRUE	4.45	2	51.5	140	50.92	128.5	159.72	140.12	2026-06-04T05:38:27.465Z	DW_plates_15-17_0d.xlsx
0	CONTROL_B2	CONTROL_B2_A6	A6	B2	CONTROL	CONTROL	CONTROL	5	TRUE	5.34	1	48	144	50.42	135	167.68	144.38	2026-06-04T05:37:34.497Z	DW_plates_15-17_0d.xlsx
0	CONTROL_B2	CONTROL_B2_B1	B1	B2	CONTROL	CONTROL	CONTROL	2	TRUE	5.34	2	45.5	139	50.37	127	168.49	139.16	2026-06-04T05:40:15.798Z	DW_plates_15-17_0d.xlsx
0	CONTROL_B2	CONTROL_B2_B2	B2	B2	CONTROL	CONTROL	CONTROL	6	TRUE	5.5	2	42	137	54.05	124	174.71	137.78	2026-06-04T05:39:39.375Z	DW_plates_15-17_0d.xlsx
0	CONTROL_B2	CONTROL_B2_B3	B3	B2	CONTROL	CONTROL	CONTROL	2	TRUE	4.64	1	44	140	52.78	128	172.68	140.29	2026-06-04T05:39:17.339Z	DW_plates_15-17_0d.xlsx
0	CONTROL_B2	CONTROL_B2_B4	B4	B2	CONTROL	CONTROL	CONTROL	6	TRUE	3.99	1	55	144	53.65	135	154.64	144.06	2026-06-04T05:38:41.525Z	DW_plates_15-17_0d.xlsx
0	CONTROL_B2	CONTROL_B2_B5	B5	B2	CONTROL	CONTROL	CONTROL	2	TRUE	4.62	1	49	142	52.25	133	164.81	142.59	2026-06-04T05:38:20.102Z	DW_plates_15-17_0d.xlsx
0	CONTROL_B2	CONTROL_B2_B6	B6	B2	CONTROL	CONTROL	CONTROL	6	TRUE	4.69	1	44	138	50.4	128	169.51	138.14	2026-06-04T05:37:43.681Z	DW_plates_15-17_0d.xlsx
0	CONTROL_B2	CONTROL_B2_C1	C1	B2	CONTROL	CONTROL	CONTROL	3	TRUE	5.51	2	51.5	133	55.37	120.5	153.74	133.33	2026-06-04T05:40:08.521Z	DW_plates_15-17_0d.xlsx
0	CONTROL_B2	CONTROL_B2_C2	C2	B2	CONTROL	CONTROL	CONTROL	7	TRUE	5.2	2	51	134.5	57.27	121.5	156.1	134.93	2026-06-04T05:39:46.458Z	DW_plates_15-17_0d.xlsx
0	CONTROL_B2	CONTROL_B2_C3	C3	B2	CONTROL	CONTROL	CONTROL	3	TRUE	5.45	2	44.5	138.5	53.2	125.5	170.71	138.69	2026-06-04T05:39:10.021Z	DW_plates_15-17_0d.xlsx
0	CONTROL_B2	CONTROL_B2_C4	C4	B2	CONTROL	CONTROL	CONTROL	7	TRUE	6.71	2	49.5	145.5	51.3	134.5	168.32	146.09	2026-06-04T05:38:48.577Z	DW_plates_15-17_0d.xlsx
0	CONTROL_B2	CONTROL_B2_C5	C5	B2	CONTROL	CONTROL	CONTROL	3	TRUE	4.84	1	42	139	52.57	126	174.61	138.86	2026-06-04T05:38:12.857Z	DW_plates_15-17_0d.xlsx
0	CONTROL_B2	CONTROL_B2_C6	C6	B2	CONTROL	CONTROL	CONTROL	7	TRUE	8.18	1	68	144	48.96	140	134.12	144.26	2026-06-04T05:37:50.777Z	DW_plates_15-17_0d.xlsx
0	CONTROL_B2	CONTROL_B2_D1	D1	B2	CONTROL	CONTROL	CONTROL	4	TRUE	8.61	2	29.5	141	50.22	126	199.47	140.87	2026-06-04T05:40:01.091Z	DW_plates_15-17_0d.xlsx
0	CONTROL_B2	CONTROL_B2_D2	D2	B2	CONTROL	CONTROL	CONTROL	8	TRUE	5.82	1	43	141	51.06	131	175.44	140.81	2026-06-04T05:39:53.789Z	DW_plates_15-17_0d.xlsx
0	CONTROL_B2	CONTROL_B2_D3	D3	B2	CONTROL	CONTROL	CONTROL	4	TRUE	6	2	30	138	51.77	122	197.21	138.14	2026-06-04T05:39:02.987Z	DW_plates_15-17_0d.xlsx
0	CONTROL_B2	CONTROL_B2_D4	D4	B2	CONTROL	CONTROL	CONTROL	8	TRUE	5.72	1	57	136	55.97	127	146.3	136.73	2026-06-04T05:38:55.608Z	DW_plates_15-17_0d.xlsx
0	CONTROL_B2	CONTROL_B2_D5	D5	B2	CONTROL	CONTROL	CONTROL	4	TRUE	6.72	2	32	140.5	50.67	125.5	194.5	140.75	2026-06-04T05:38:05.406Z	DW_plates_15-17_0d.xlsx
0	CONTROL_B2	CONTROL_B2_D6	D6	B2	CONTROL	CONTROL	CONTROL	8	TRUE	5.77	2	42	139	51.64	125	174.99	139.31	2026-06-04T05:37:58.061Z	DW_plates_15-17_0d.xlsx
0	CONTROL_C2	CONTROL_C2_A1	A1	C2	CONTROL	CONTROL	CONTROL	1	TRUE	6.84	1	63	145	49.49	138	143.23	145.4	2026-06-04T05:43:17.776Z	DW_plates_15-17_0d.xlsx
0	CONTROL_C2	CONTROL_C2_A2	A2	C2	CONTROL	CONTROL	CONTROL	5	TRUE	6.45	1	69	144	51.27	139	133.31	144.47	2026-06-04T05:42:27.829Z	DW_plates_15-17_0d.xlsx
0	CONTROL_C2	CONTROL_C2_A3	A3	C2	CONTROL	CONTROL	CONTROL	1	TRUE	6.32	1	75	151	49.55	144	128.38	151.36	2026-06-04T05:42:20.508Z	DW_plates_15-17_0d.xlsx
0	CONTROL_C2	CONTROL_C2_A4	A4	C2	CONTROL	CONTROL	CONTROL	5	TRUE	7.06	1	75	150	48.14	147	128.2	151.48	2026-06-04T05:41:29.958Z	DW_plates_15-17_0d.xlsx
0	CONTROL_C2	CONTROL_C2_A5	A5	C2	CONTROL	CONTROL	CONTROL	1	TRUE	6.24	1	50	144	50.23	135	164.23	143.72	2026-06-04T05:41:22.584Z	DW_plates_15-17_0d.xlsx
0	CONTROL_C2	CONTROL_C2_A6	A6	C2	CONTROL	CONTROL	CONTROL	5	TRUE	7.77	1	63	145	49.32	140	141.96	145.47	2026-06-04T05:40:29.894Z	DW_plates_15-17_0d.xlsx
0	CONTROL_C2	CONTROL_C2_B1	B1	C2	CONTROL	CONTROL	CONTROL	2	TRUE	6.43	1	73	147	49.23	142	128.18	147.71	2026-06-04T05:43:10.724Z	DW_plates_15-17_0d.xlsx
0	CONTROL_C2	CONTROL_C2_B2	B2	C2	CONTROL	CONTROL	CONTROL	6	TRUE	7.52	1	65	148	49.35	141	142.27	147.9	2026-06-04T05:42:34.885Z	DW_plates_15-17_0d.xlsx
0	CONTROL_C2	CONTROL_C2_B3	B3	C2	CONTROL	CONTROL	CONTROL	2	TRUE	8.34	1	63	149	49.94	141	147.12	149.56	2026-06-04T05:42:13.442Z	DW_plates_15-17_0d.xlsx
0	CONTROL_C2	CONTROL_C2_B4	B4	C2	CONTROL	CONTROL	CONTROL	6	TRUE	7.41	1	63	147	50.13	139	145.59	147.63	2026-06-04T05:41:36.987Z	DW_plates_15-17_0d.xlsx
0	CONTROL_C2	CONTROL_C2_B5	B5	C2	CONTROL	CONTROL	CONTROL	2	TRUE	6.54	1	51	144	51.54	134	162.95	144.53	2026-06-04T05:41:15.591Z	DW_plates_15-17_0d.xlsx
0	CONTROL_C2	CONTROL_C2_B6	B6	C2	CONTROL	CONTROL	CONTROL	6	TRUE	7.76	1	57	143	50.36	135	151.64	143.76	2026-06-04T05:40:39.130Z	DW_plates_15-17_0d.xlsx
0	CONTROL_C2	CONTROL_C2_C1	C1	C2	CONTROL	CONTROL	CONTROL	3	TRUE	6.58	2	56	133.5	58.2	121.5	146.01	133.84	2026-06-04T05:43:03.378Z	DW_plates_15-17_0d.xlsx
0	CONTROL_C2	CONTROL_C2_C2	C2	C2	CONTROL	CONTROL	CONTROL	7	TRUE	7.41	1	65	148	49.29	141	141.84	148.5	2026-06-04T05:42:41.942Z	DW_plates_15-17_0d.xlsx
0	CONTROL_C2	CONTROL_C2_C3	C3	C2	CONTROL	CONTROL	CONTROL	3	TRUE	7.19	2	31.5	140	51.64	124.5	195.84	140.02	2026-06-04T05:42:06.104Z	DW_plates_15-17_0d.xlsx
0	CONTROL_C2	CONTROL_C2_C4	C4	C2	CONTROL	CONTROL	CONTROL	7	TRUE	6.9	2	88	123.5	99.96	114.5	97.19	129.41	2026-06-04T05:41:44.078Z	DW_plates_15-17_0d.xlsx
0	CONTROL_C2	CONTROL_C2_C5	C5	C2	CONTROL	CONTROL	CONTROL	3	TRUE	8.19	1	62	149	49.11	141	148.66	149.35	2026-06-04T05:41:08.494Z	DW_plates_15-17_0d.xlsx
0	CONTROL_C2	CONTROL_C2_C6	C6	C2	CONTROL	CONTROL	CONTROL	7	TRUE	5.96	2	29	138	50.63	124	198.64	138.23	2026-06-04T05:40:46.448Z	DW_plates_15-17_0d.xlsx
0	CONTROL_C2	CONTROL_C2_D1	D1	C2	CONTROL	CONTROL	CONTROL	4	TRUE	6.41	2	51	128	61.93	115.5	156.05	129.1	2026-06-04T05:42:56.326Z	DW_plates_15-17_0d.xlsx
0	CONTROL_C2	CONTROL_C2_D2	D2	C2	CONTROL	CONTROL	CONTROL	8	TRUE	7.57	1	60	145	51.57	136	148	145.59	2026-06-04T05:42:48.973Z	DW_plates_15-17_0d.xlsx
0	CONTROL_C2	CONTROL_C2_D3	D3	C2	CONTROL	CONTROL	CONTROL	4	TRUE	7.54	1	64	148	49.74	140	142.51	147.91	2026-06-04T05:41:58.774Z	DW_plates_15-17_0d.xlsx
0	CONTROL_C2	CONTROL_C2_D4	D4	C2	CONTROL	CONTROL	CONTROL	8	TRUE	6.49	1	72	148	50.18	143	129.5	148.66	2026-06-04T05:41:51.385Z	DW_plates_15-17_0d.xlsx
0	CONTROL_C2	CONTROL_C2_D5	D5	C2	CONTROL	CONTROL	CONTROL	4	TRUE	3.92	2	36.5	138.5	52.89	124.5	184.1	138.78	2026-06-04T05:41:01.185Z	DW_plates_15-17_0d.xlsx
0	CONTROL_C2	CONTROL_C2_D6	D6	C2	CONTROL	CONTROL	CONTROL	8	TRUE	7.36	2	31.5	139.5	50.93	125.5	196.12	139.57	2026-06-04T05:40:53.793Z	DW_plates_15-17_0d.xlsx
